id_master_country|date_in|date_out|energy|primary_goods|manufactures|services|investments|troops|military_equipment|migrations|tourism|sports|culture|information|technology|science|education|cooperation|economic_contribution|military_contribution|soft_contribution
un276|1990-01-01|1990-12-31|2.0155|11.0295|23.5104|10.9224|3.535|0|1.9682|5.7129|9.102|24.624|0.6282|0|37.0152|7.8227|8.829|12.54|51.0128|1.9682|106.274
un024|1990-01-01|1990-12-31|1.3205|0.1026|0|0|0|0.159|0.1514|0.0411|0|0.2052|0|0|0|0|0|0|1.4231|0.3104|0.2463
un682|1990-01-01|1990-12-31|14.6645|0.1539|0.2232|0.5328|0.101|0|1.2869|4.5621|0.451|0.5814|0|0|0|0.1713|1.0355|5.588|15.6754|1.2869|12.3893
un012|1990-01-01|1990-12-31|3.892|0.3078|0|0.0888|0|0|0.2271|0.2466|0.615|0.6498|0|0|0|0.0571|0.218|0|4.2886|0.2271|1.7865
un032|1990-01-01|1990-12-31|0.3475|2.2572|0.2232|0.444|0.101|0|2.1196|1.6029|1.476|1.2654|0|0|0.0582|0.3426|1.09|0|3.3729|2.1196|5.8351
un036|1990-01-01|1990-12-31|2.4325|7.6437|0.372|1.776|0.909|0.0795|1.0598|3.4524|1.189|2.8386|0.1396|0|0.873|2.284|2.398|1.408|13.1332|1.1393|14.5826
un040|1990-01-01|1990-12-31|0.139|1.3338|2.4552|4.0848|0.101|0.2385|0|0.7809|10.168|0.8208|0.4188|0|0.9894|0.6852|1.526|0.704|8.1138|0.2385|16.0931
un050|1990-01-01|1990-12-31|0|0.1026|0.0744|0.0888|0|0|0.2271|0.8631|0.041|0.1368|0|0|0|0.0571|0|0|0.2658|0.2271|1.098
un056|1990-01-01|1990-12-31|1.529|6.6177|6.0264|4.9728|0.909|5.4855|0.3785|0.8631|2.747|1.1286|0.349|0|0.5238|1.0278|2.2345|1.364|20.0549|5.864|10.2378
un076|1990-01-01|1990-12-31|0.278|4.1553|1.0416|0.6216|1.01|0|3.4065|0.7809|0.574|1.9152|0|0|0.1164|0.6281|0.9265|0|7.1065|3.4065|4.9411
un100|1990-01-01|1990-12-31|0.0695|0.1539|0.0744|0.1776|0|0|0.1514|0.0411|2.419|6.498|0.0698|0|0.0582|0.2855|0.7085|0|0.4754|0.1514|10.0801
un124|1990-01-01|1990-12-31|4.6565|11.799|4.836|3.3744|2.02|1.9875|1.8168|4.3155|8.118|2.223|0.349|0|1.9206|5.0248|2.8885|4.576|26.6859|3.8043|29.4154
un634|1990-01-01|1990-12-31|1.112|0|0|0|0|0|2.3467|0.3699|0.082|0.5472|0|0|0|0|0.109|0|1.112|2.3467|1.1081
un152|1990-01-01|1990-12-31|0|2.2059|0.0744|0.3552|0|0|1.514|0.1233|0.492|0.7182|0.0698|0|0|0.1713|0.0545|0|2.6355|1.514|1.6291
un156|1990-01-01|1990-12-31|1.8765|3.6423|2.9016|1.0656|0.101|0|5.8289|0.3699|5.617|5.2326|0.0698|0|0.1746|1.2562|0.7085|0.572|9.587|5.8289|14.0006
un196|1990-01-01|1990-12-31|0|0.0513|0|0.3552|0|0|0|0.0411|0.82|0.4104|0|0|0|0|0.109|0|0.4065|0|1.3805
un170|1990-01-01|1990-12-31|0.9035|0.7182|0.1488|0.2664|0|0.159|0.5299|0.0822|0.451|0.9576|0|0|0|0.0571|0.109|0|2.0369|0.6889|1.6569
un191|1990-01-01|1990-12-31|0|0|0|0|0|0|0|0|0|0|0|0|0|0|0|0|0|0|0
un208|1990-01-01|1990-12-31|0.417|3.6936|1.4136|2.22|0.202|0.0795|0.2271|0.2055|0.697|1.5732|0.1396|0|0.5238|0.7994|0.545|1.804|7.9462|0.3066|6.2875
un818|1990-01-01|1990-12-31|0.278|0.2052|0.0744|1.0656|0|0|0.5299|0.1644|1.271|0.7524|0|0|0|0.2855|0.5995|0|1.6232|0.5299|3.0728
un784|1990-01-01|1990-12-31|0|0.1026|0|0.1776|0|0|0.0757|1.2741|0.328|0.513|0|0|0|0|0.0545|0|0.2802|0.0757|2.1696
un703|1990-01-01|1990-12-31|0|0|0|0|0|0|0|0|0|0|0|0|0|0|0|0|0|0|0
un705|1990-01-01|1990-12-31|0.139|0.8721|0.744|0|0|0|0|0.1644|0.328|0.0684|0|0|0|0|0.0545|0|1.7551|0|0.6153
un724|1990-01-01|1990-12-31|1.0425|2.3598|2.7528|4.884|0.404|0|2.4224|0.7809|20.008|1.5048|1.1866|0|0.6984|1.5988|0.872|1.496|11.4431|2.4224|28.1455
un233|1990-01-01|1990-12-31|0|0|0|0|0|0|0|0|0|0|0|0|0|0|0|0|0|0|0
un608|1990-01-01|1990-12-31|0.0695|0.6669|0.2232|0.5328|0|0|0.1514|0.1644|0.492|0.171|0|0|0|0.0571|0.436|0|1.4924|0.1514|1.3205
un246|1990-01-01|1990-12-31|0.139|1.2312|1.488|0.7992|0.303|0.2385|0|0.0411|0.451|1.2312|0|0|0.7566|0.6852|0.109|1.276|3.9604|0.2385|4.5501
un250|1990-01-01|1990-12-31|1.8765|12.4659|10.7136|11.8104|2.626|12.72|7.4943|5.6718|28.044|3.5226|2.0242|0|6.0528|5.4816|11.227|11.352|39.4924|20.2143|73.376
un300|1990-01-01|1990-12-31|0.2085|0.9234|0.2976|1.1544|0.101|0.5565|1.8925|0.411|4.756|0.855|0.0698|0|0|0.3426|0.109|0.088|2.6849|2.449|6.6314
un528|1990-01-01|1990-12-31|4.726|11.799|5.1336|5.1504|2.525|1.431|0.9841|1.1508|3.075|0.8208|1.1168|0|1.5714|2.1698|0.7085|4.048|29.334|2.4151|14.6611
un348|1990-01-01|1990-12-31|0.139|0.9234|0.372|0.5328|0|0|0.1514|0.3288|10.947|4.446|0.2094|0|0.1746|0.4568|0.2725|0|1.9672|0.1514|16.8351
un356|1990-01-01|1990-12-31|0.2085|1.3851|0.8184|0.7992|0|0|3.9364|7.1925|0.902|0.0684|0.1396|0|0|2.3982|1.0355|0.132|3.2112|3.9364|11.8682
un360|1990-01-01|1990-12-31|4.1005|1.539|0.5952|0.444|0|0|1.2112|0.4521|1.148|0.3762|0.1396|0|0|0|0.109|0|6.6787|1.2112|2.2249
un368|1990-01-01|1990-12-31|3.475|0.1539|0|1.1544|0|0|0.4542|0.0822|0.41|0.4788|0|0|0|0.0571|0|0|4.7833|0.4542|1.0281
un364|1990-01-01|1990-12-31|5.56|0.2052|0.0744|0.0888|0|0.3975|1.0598|4.11|0.082|0.684|0.1396|0|0|0|0|0|5.9284|1.4573|5.0156
un372|1990-01-01|1990-12-31|0.0695|2.052|1.116|0.6216|0.303|0.2385|0|0.2055|1.968|0.9234|0.4188|0|0.2328|0.2284|0.2725|0.088|4.1621|0.2385|4.3374
un352|1990-01-01|1990-12-31|0|0.4104|0|0.0888|0|0|0|0|0.082|0.513|0.0698|0|0|0|0|0|0.4992|0|0.6648
un410|1990-01-01|1990-12-31|0.278|1.0773|4.0176|1.776|0.101|0|2.4224|0.5343|1.599|6.156|0|0|1.1058|0.2855|0.1635|0.088|7.2499|2.4224|9.9321
un376|1990-01-01|1990-12-31|0|0.4617|0.6696|0.7992|0|0|0.5299|1.5618|0.574|0.4446|0.2094|0|0.291|1.142|0.654|0.132|1.9305|0.5299|5.0088
un380|1990-01-01|1990-12-31|1.39|4.7196|9.8208|8.7024|1.414|0|5.2233|1.3563|14.268|3.2832|1.3262|0|3.1428|2.9692|1.7985|5.148|26.0468|5.2233|33.2922
un392|1990-01-01|1990-12-31|0.556|2.9754|18.228|7.1928|4.747|0|3.7093|1.0275|0.984|2.907|0.2792|0|30.0312|7.5372|3.706|15.532|33.6992|3.7093|62.0041
un398|1990-01-01|1990-12-31|0|0|0|0|0|0|0|0|0|0|0|0|0|0|0|0|0|0|0
un414|1990-01-01|1990-12-31|2.363|0.2052|0|0.2664|0.101|0|0|1.5207|0|0.4788|0|0|0|0.0571|0.218|2.112|2.9356|0|4.3866
un428|1990-01-01|1990-12-31|0|0|0|0|0|0|0|0|0|0|0|0|0|0|0|0|0|0|0
un440|1990-01-01|1990-12-31|0|0|0|0|0|0|0|0|0|0|0|0|0|0|0|0|0|0|0
un442|1990-01-01|1990-12-31|0|0|0|0|0|0|0|0.1233|0.451|0.171|0|0|0.1164|0|0.0545|0.044|0|0|0.9602
un458|1990-01-01|1990-12-31|1.946|2.3598|1.0416|0.7104|0|0|0.3028|0.9864|3.977|0.3762|0|0|0|0.0571|0.763|0.044|6.0578|0.3028|6.2037
un470|1990-01-01|1990-12-31|0|0|0.0744|0.0888|0|0|0|0|0.451|0.3078|0|0|0|0|0|0|0.1632|0|0.7588
un484|1990-01-01|1990-12-31|3.614|1.4364|0.744|1.4208|0.101|0|0.4542|0.6576|9.184|1.1628|0|0|0.0582|0.2855|0.0545|0.044|7.3162|0.4542|11.4466
un566|1990-01-01|1990-12-31|3.6835|0.1026|0.0744|0.1776|0|0|0.1514|0.411|0.082|0.8208|0|0|0|0.1713|0.3815|0|4.0381|0.1514|1.8666
un578|1990-01-01|1990-12-31|5.977|1.8981|0.744|2.22|0.303|0.2385|0.3028|0.2055|1.025|1.7442|0.0698|0|0.291|0.5139|0.545|1.804|11.1421|0.5413|6.1984
un554|1990-01-01|1990-12-31|0.139|1.8981|0.1488|0.444|0.101|0|0.3028|0.4932|0.533|2.4966|0|0|0.0582|0.4568|0.2725|0.132|2.7309|0.3028|4.4423
un586|1990-01-01|1990-12-31|0|0.3078|0.2976|0.2664|0|0.2385|0.9841|6.2883|0.246|0.171|0|0|0|0.0571|0.0545|0|0.8718|1.2226|6.8169
un604|1990-01-01|1990-12-31|0.139|0.6669|0.0744|0.1776|0|0|2.4224|0.0411|0.246|0.5814|0|0|0|0|0.218|0|1.0579|2.4224|1.0865
un616|1990-01-01|1990-12-31|0.556|1.3851|0.5208|0.5328|0|0|0.3028|1.0686|1.804|3.4542|0|0|0.0582|0.9707|0.327|0|2.9947|0.3028|7.6827
un620|1990-01-01|1990-12-31|0.2085|0.7695|0.8928|0.888|0|0|0.6056|0.411|4.264|0.9234|0.0698|0|0|0.1713|0.327|0.22|2.7588|0.6056|6.3865
un826|1990-01-01|1990-12-31|5.143|7.1307|9.7464|9.8568|5.353|19.9545|9.6139|3.5757|9.635|4.8906|2.2336|0|4.7724|8.3937|6.5945|4.136|37.2299|29.5684|44.2315
un203|1990-01-01|1990-12-31|0.2085|0.4617|0.5952|0.444|0|0.2385|0|1.9728|3.895|2.223|0|0|2.91|0.0571|0|0|1.7094|0.2385|11.0579
un642|1990-01-01|1990-12-31|0.417|0.1539|0.2976|0.0888|0|0|0.1514|0.1233|1.599|4.788|0|0|0|0.1142|0.545|0|0.9573|0.1514|7.1695
un643|1990-01-01|1990-12-31|8.618|2.3598|0.9672|0|0|86.178|85.541|11.0559|3.854|22.914|0.2094|0|5.7036|0.2284|5.5045|0.132|11.945|171.719|49.6018
un702|1990-01-01|1990-12-31|3.475|1.4364|2.4552|2.22|0|0.159|0.1514|0.6987|2.583|0.4104|0|0|0.0582|0.1142|0.545|0|9.5866|0.3104|4.4095
un710|1990-01-01|1990-12-31|0.417|3.1806|1.116|0.6216|0.303|0|0.1514|1.1919|0.533|0.171|0|0|0.0582|0.571|0.2725|0|5.6382|0.1514|2.7976
un752|1990-01-01|1990-12-31|0.6255|1.1799|3.1248|2.3976|1.212|0.159|0.0757|0.7398|0.41|2.7702|0.349|0|1.0476|1.713|0.872|2.992|8.5398|0.2347|10.8936
un756|1990-01-01|1990-12-31|0|2.4111|3.9432|3.2856|1.515|0|0|1.3152|7.052|1.6074|0|0|2.328|1.4275|1.853|1.1|11.1549|0|16.6831
un764|1990-01-01|1990-12-31|0.0695|1.1286|0.9672|1.1544|0|0|0.4542|0.3699|2.829|0.6156|0.0698|0|0|0.0571|0.0545|0|3.3197|0.4542|3.9959
un792|1990-01-01|1990-12-31|0.139|1.1286|0.5952|1.4208|0|0|1.8925|1.1097|2.583|0.8208|1.6752|0|0|0.1713|0.654|0|3.2836|1.8925|7.014
un804|1990-01-01|1990-12-31|0|0|0|0|0|0|0|0|0|0|0|0|0|0|0|0|0|0|0
eu900|1990-01-01|1990-12-31|0|0|0|0|0|0|0|0|0|0|0|0|0|0|0|0|0|0|0
un862|1990-01-01|1990-12-31|5.282|0.513|0.1488|0.1776|0|0.159|0.4542|0.9864|0.287|0.2394|0|0|0.0582|0.0571|0|0.88|6.1214|0.6132|2.5081
un704|1990-01-01|1990-12-31|0.139|0.3591|0.0744|0|0|4.293|0.3785|0.0411|0.287|0.0684|0|0|0|0|0|0|0.5725|4.6715|0.3965
un276|1995-01-01|1995-12-31|1.807|13.5945|28.9416|13.8528|6.363|0|1.8168|8.631|7.913|15.903|0.9074|0|29.7402|9.1931|13.189|13.2|64.5589|1.8168|98.6767
un024|1995-01-01|1995-12-31|1.251|0.0513|0|0|0|0.159|0.1514|0.0411|0|0.4446|0|0|0|0|0|0|1.3023|0.3104|0.4857
un682|1995-01-01|1995-12-31|15.012|0.3078|0.4464|0.6216|0.101|0|1.2869|4.4388|1.763|0.6498|1.1168|0|0|0.2284|0.436|0.924|16.4888|1.2869|9.5568
un012|1995-01-01|1995-12-31|3.2665|0.0513|0|0.0888|0|0|0.3785|0.2877|0.287|1.026|0|0|0|0.0571|0.218|0|3.4066|0.3785|1.8758
un032|1995-01-01|1995-12-31|0.7645|3.3858|0.4464|0.7104|0.202|0|2.1196|1.5207|1.23|1.1628|0|0|0.0582|0.4568|1.0355|0|5.5091|2.1196|5.464
un036|1995-01-01|1995-12-31|3.2665|8.3106|0.8928|2.8416|1.414|0.0795|1.0598|3.699|2.009|5.5404|0.4886|0|2.4444|3.0834|7.194|1.76|16.7255|1.1393|26.2188
un040|1995-01-01|1995-12-31|0.2085|1.6416|3.1248|4.2624|0.303|0.2385|0|0.9453|9.184|1.0602|0.4188|0|1.0476|0.9136|2.2345|0.924|9.5403|0.2385|16.728
un050|1995-01-01|1995-12-31|0|0.1026|0.2232|0.0888|0|0|0.2271|0.9864|0.082|0.171|0|0|0|0.0571|0|0|0.4146|0.2271|1.2965
un056|1995-01-01|1995-12-31|1.1815|8.7723|6.324|6.216|1.919|0.318|0.3028|0.8631|2.952|1.368|0.7678|0|0.6402|1.4275|2.8885|1.584|24.4128|0.6208|12.4911
un076|1995-01-01|1995-12-31|0.139|6.0534|1.6368|1.0656|1.01|0.2385|2.9523|0.6987|1.066|1.7442|0.1396|0|0.1746|0.9707|0.109|0|9.9048|3.1908|4.9028
un100|1995-01-01|1995-12-31|0.139|0.4617|0.2232|0.2664|0|0|0.0757|0.0411|1.845|3.8304|0.0698|0|0|0.2284|0.7085|0|1.0903|0.0757|6.7232
un124|1995-01-01|1995-12-31|6.394|13.5945|7.8864|4.5288|2.828|0.477|1.8168|4.8498|9.061|3.8304|3.2108|0|2.4444|5.8242|2.943|3.168|35.2317|2.2938|35.3316
un634|1995-01-01|1995-12-31|1.0425|0|0.0744|0|0|0|0|0.3699|0.164|0.6156|0|0|0|0|0.109|0|1.1169|0|1.2585
un152|1995-01-01|1995-12-31|0|4.0014|0.1488|0.6216|0.101|0|0.8327|0.1233|0.82|0.7182|0.0698|0|0|0.2284|0.0545|0|4.8728|0.8327|2.0142
un156|1995-01-01|1995-12-31|1.946|5.3865|8.2584|3.3744|0.404|0|5.7532|0.411|10.701|10.3284|0.0698|0|0.1746|2.1698|1.853|0.528|19.3693|5.7532|26.2356
un196|1995-01-01|1995-12-31|0|0.1539|0.0744|0.6216|0|0|0|0.0411|1.107|0.513|0|0|0|0|0.109|0|0.8499|0|1.7701
un170|1995-01-01|1995-12-31|1.0425|1.2825|0.2232|0.2664|0|0.0795|0.3785|0.1233|0.738|1.0944|0|0|0|0.0571|0.218|0|2.8146|0.458|2.2308
un191|1995-01-01|1995-12-31|0.139|0.2565|0.2232|0.444|0|0|0|0.6987|0.779|1.2312|0|0|0|0.1713|0.0545|0|1.0627|0|2.9347
un208|1995-01-01|1995-12-31|0.4865|3.9501|1.9344|2.664|0.606|0.2385|0.1514|0.2877|1.148|2.052|0.2094|0|0.4074|1.0849|0.763|2.728|9.641|0.3899|8.6804
un818|1995-01-01|1995-12-31|0.4865|0.2052|0.0744|1.5096|0|0|0.6056|0.1644|1.517|0.8208|0|0|0|0.3426|0.545|0|2.2757|0.6056|3.3898
un784|1995-01-01|1995-12-31|7.367|0.7182|0.2976|0.1776|0|0|0.0757|1.644|1.23|0.4788|0|0|0|0.0571|0.109|0|8.5604|0.0757|3.5189
un703|1995-01-01|1995-12-31|0.139|0.3078|0.4464|0.444|0|0.159|0|0.1233|0.492|0.7524|0.0698|0|0.0582|0.3426|0.1635|0|1.3372|0.159|2.0018
un705|1995-01-01|1995-12-31|0.0695|0.2052|0.5208|0.3552|0|0|0|0.2055|0.41|0.8892|0|0|0.0582|0.1142|0.0545|0|1.1507|0|1.7316
un724|1995-01-01|1995-12-31|0.556|5.0787|4.6128|7.104|0.909|0.318|2.1953|0.9864|18.655|4.9932|0.4886|0|0.6984|2.7408|1.744|2.112|18.2605|2.5133|32.4184
un233|1995-01-01|1995-12-31|0.0695|0.1539|0.0744|0.1776|0|0|0|0.2877|0.287|0.5472|0|0|0.291|0.0571|0.0545|0|0.4754|0|1.5245
un608|1995-01-01|1995-12-31|0.0695|0.9747|0.4464|0.7992|0|0|0.0757|0.2055|0.943|0.2052|0|0|0|0.0571|0.3815|0|2.2898|0.0757|1.7923
un246|1995-01-01|1995-12-31|0.278|1.6416|2.232|1.332|0.303|0.318|0|0.0822|1.394|1.5732|0|0|0.9894|0.9707|0.2725|0.616|5.7866|0.318|5.898
un250|1995-01-01|1995-12-31|2.4325|14.8257|14.0616|14.652|4.848|1.9875|9.6139|5.8362|32.062|6.2244|3.3504|0|6.3438|7.1946|13.625|13.948|50.8198|11.6014|88.5844
un300|1995-01-01|1995-12-31|0.278|1.3338|0.372|1.6872|0.101|0.795|1.4383|0.5343|5.412|1.1286|0.0698|0|0|0.571|0.109|0.22|3.772|2.2333|8.0447
un528|1995-01-01|1995-12-31|6.0465|16.3134|8.2584|7.992|4.04|1.272|1.1355|1.3152|3.526|3.6936|1.1168|0|1.5132|2.855|0.7085|5.236|42.6503|2.4075|19.9643
un348|1995-01-01|1995-12-31|0.139|0.9747|0.5952|0.888|0|0.159|0.0757|0.2877|1.517|5.985|0.2094|0|0.0582|0.5139|0.545|0|2.5969|0.2347|9.1162
un356|1995-01-01|1995-12-31|0.2085|3.5397|1.1904|1.1544|0|0.2385|3.3308|6.7404|1.148|0.2394|0.1396|0|0.0582|2.5695|1.0355|0.044|6.093|3.5693|11.9746
un360|1995-01-01|1995-12-31|4.17|1.7955|0.8928|0.9768|0.101|0.0795|1.2112|0.2055|2.296|1.0944|0.1396|0|0|0.0571|0.109|0|7.9361|1.2907|3.9016
un368|1995-01-01|1995-12-31|0.695|0|0|0|0|0|0.4542|0.1233|0.041|0.3078|0|0|0|0|0|0|0.695|0.4542|0.4721
un364|1995-01-01|1995-12-31|5.2125|0.513|0.1488|0.0888|0|0.2385|0.9084|2.877|0.246|0.855|0.1396|0|0|0.0571|0.0545|0|5.9631|1.1469|4.2292
un372|1995-01-01|1995-12-31|0.0695|2.7702|2.0832|0.888|0.404|0.159|0|0.2466|2.583|1.197|0.6282|0|0.2328|0.3426|0.4905|0.22|6.2149|0.159|5.9407
un352|1995-01-01|1995-12-31|0|0.4617|0|0.0888|0|0|0|0|0.082|0.6498|0.0698|0|0|0.0571|0|0|0.5505|0|0.8587
un376|1995-01-01|1995-12-31|0|2.1033|0.744|1.4208|0.101|0|0.5299|1.8495|1.189|1.0602|0.2792|0|0.582|1.4275|0.7085|0.132|4.3691|0.5299|7.2279
un380|1995-01-01|1995-12-31|1.0425|5.7969|13.6152|10.7448|2.525|0.636|5.0719|1.644|16.605|4.5144|1.1168|0|3.2592|4.3396|1.853|2.904|33.7244|5.7079|36.236
un392|1995-01-01|1995-12-31|0.9035|2.8728|27.9|11.544|5.656|0|4.0878|1.3152|1.804|4.7538|0.4188|0|27.2376|9.9925|4.4145|25.96|48.8763|4.0878|75.8964
un398|1995-01-01|1995-12-31|0.4865|0.5643|0.1488|0.0888|0|0|0|3.1647|0|0.0342|0|0|0.0582|0.0571|0.109|0|1.2884|0|3.4232
un414|1995-01-01|1995-12-31|4.2395|0.0513|0.0744|0.2664|0.101|0|0|1.0275|0.779|0.4104|0|0|0|0.0571|0.218|0.836|4.7326|0|3.328
un428|1995-01-01|1995-12-31|0|0.1539|0.0744|0.0888|0|0|0|0.4932|0.287|1.1628|0|0|0|0.0571|0.0545|0|0.3171|0|2.0546
un440|1995-01-01|1995-12-31|0.139|0.2565|0.0744|0.0888|0|0|0.0757|0.2466|0.328|1.026|0|0|0|0.0571|0|0|0.5587|0.0757|1.6577
un410|1995-01-01|1995-12-31|0.9035|2.3598|7.5888|4.1736|0.202|0.0795|2.6495|0.5754|2.009|5.9166|0|0|4.0158|0.9707|0.1635|0.176|15.2277|2.729|13.827
un442|1995-01-01|1995-12-31|0|0.2565|0.2976|2.22|1.919|0|0|0.1233|0.41|0.342|0|0|0.1164|0|0.0545|0.088|4.6931|0|1.1342
un458|1995-01-01|1995-12-31|1.8765|3.6936|3.6456|2.0424|0.101|0.3975|0.6813|1.1508|3.977|0.4788|0|0|0|0.1142|1.199|0.044|11.3591|1.0788|6.9638
un470|1995-01-01|1995-12-31|0|0|0.1488|0.1776|0|0|0|0|0.615|0.3762|0|0|0|0|0|0|0.3264|0|0.9912
un484|1995-01-01|1995-12-31|2.9885|2.7702|4.092|1.6872|0.101|0|0.5299|0.4521|10.824|1.1286|0|0|0.0582|0.5139|0.0545|0.044|11.6389|0.5299|13.0753
un566|1995-01-01|1995-12-31|4.17|0.2052|0|0.0888|0.101|1.6695|0.1514|0.5754|0.369|1.539|0|0|0|0.1142|0.436|0|4.565|1.8209|3.0336
un578|1995-01-01|1995-12-31|7.228|2.2572|0.744|2.3976|0.505|0.3975|0.3028|0.2466|1.558|2.223|0.1396|0|0.3492|0.7423|0.9265|1.848|13.1318|0.7003|8.0332
un554|1995-01-01|1995-12-31|0.0695|2.6676|0.2976|0.7992|0.202|0|0.2271|0.5754|0.779|2.1204|0.1396|0|0.1164|0.6281|0.4905|0.176|4.0359|0.2271|5.0254
un586|1995-01-01|1995-12-31|0|0.3591|0.4464|0.3552|0|0.3975|0.9084|3.9045|0.205|0.2394|0|0|0|0.1142|0.0545|0|1.1607|1.3059|4.5176
un604|1995-01-01|1995-12-31|0.0695|1.2825|0.0744|0.1776|0|0|2.4224|0.0411|0.246|0.7182|0|0|0|0|0|0|1.604|2.4224|1.0053
un616|1995-01-01|1995-12-31|0.695|1.3338|1.0416|1.8648|0|0.3975|0.6813|0.9453|10.25|4.1724|0.0698|0|0.0582|1.2562|0.436|0.044|4.9352|1.0788|17.2319
un620|1995-01-01|1995-12-31|0.278|0.9747|1.2648|1.4208|0.101|0.318|0.1514|0.4932|2.46|0.9234|0.0698|0|0.0582|0.2855|0.4905|0.396|4.0393|0.4694|5.1766
un826|1995-01-01|1995-12-31|5.282|8.8749|12.4248|13.9416|7.171|11.607|9.1597|4.0278|11.603|4.446|3.9786|0|4.4814|10.9632|16.2955|4.928|47.6943|20.7667|60.7235
un203|1995-01-01|1995-12-31|0.3475|0.8208|1.1904|1.1544|0|0.2385|0|0.4521|1.804|2.1888|0.2094|0|0.0582|0.571|0.2725|0.044|3.5131|0.2385|5.6
un642|1995-01-01|1995-12-31|0.2085|0.3078|0.4464|0.2664|0|0.2385|0.4542|0.1233|2.911|4.2066|0|0|0|0.2284|0.981|0|1.2291|0.6927|8.4503
un643|1995-01-01|1995-12-31|12.3015|3.3858|1.3392|1.8648|0.101|1.6695|47.7667|11.2203|5.494|21.2724|0.2094|0|0.1746|4.5109|6.0495|0.132|18.9923|49.4362|49.0631
un702|1995-01-01|1995-12-31|2.9885|2.5137|6.5472|4.7952|0|0|0.2271|0.9453|3.239|0.3078|0|0|0.1164|0.3426|0.8175|0|16.8446|0.2271|5.7686
un710|1995-01-01|1995-12-31|0.973|3.4371|1.0416|0.7992|0.505|0|0.0757|1.0686|2.378|1.0602|0.4886|0|0.0582|0.6281|1.0355|0|6.7559|0.0757|6.7172
un752|1995-01-01|1995-12-31|0.556|2.6676|4.0176|2.7528|1.717|0.159|0.0757|0.8631|1.23|3.1122|0.4886|0|1.6296|2.2269|0.9265|2.508|11.711|0.2347|12.9849
un756|1995-01-01|1995-12-31|0|2.1033|4.9104|4.5288|3.333|0|0|1.3974|3.69|1.0944|0.0698|0|2.3862|1.9414|1.962|1.628|14.8755|0|14.1692
un764|1995-01-01|1995-12-31|0.139|4.4631|2.6784|2.5752|0.101|0|0.8327|0.5343|3.731|0.6498|0.0698|0|0|0.1142|0.0545|0|9.9567|0.8327|5.1536
un792|1995-01-01|1995-12-31|0.139|1.539|1.0416|2.5752|0|0.318|1.7411|1.1508|3.772|1.881|3.9786|0|0|0.4568|1.199|0.176|5.2948|2.0591|12.6142
un804|1995-01-01|1995-12-31|0.2085|1.0773|0.5952|0.5328|0|0|0|5.9184|1.968|0.513|0|0|0.2328|0.6852|1.526|0|2.4138|0|10.8434
eu900|1995-01-01|1995-12-31|0|0|0|0|0|0|0|0|0|0|0|0|0|0|0|0|0|0|0
un862|1995-01-01|1995-12-31|5.0735|0.6156|0.2232|0.2664|0.101|0|0.5299|0.9864|0.369|0.2052|0|0|0|0.1142|0|1.1|6.2797|0.5299|2.7748
un704|1995-01-01|1995-12-31|0.3475|0.513|0.1488|0.3552|0|4.293|0.3785|0.0411|0.738|0.2394|0|0|0|0.0571|0|0|1.3645|4.6715|1.0756
un276|2000-01-01|2000-12-31|2.8495|12.2094|30.4296|14.4744|12.726|1.749|1.6654|9.5763|10.127|10.5336|2.0242|0.599|37.6554|11.5342|15.4235|8.624|72.6889|3.4144|106.0972
un024|2000-01-01|2000-12-31|2.641|0.2052|0|0.0888|0|0.3975|0.0757|0.0411|0.041|0.6498|0|0|0|0|0|0|2.935|0.4732|0.7319
un682|2000-01-01|2000-12-31|24.6725|0.3591|0.5208|0.7992|0.101|0|1.2869|4.932|3.526|1.0602|1.6752|0|0|0.2284|0.5995|0.616|26.4526|1.2869|12.6373
un012|2000-01-01|2000-12-31|7.923|0.0513|0|0.1776|0|0|0.4542|0.2466|0.451|1.4364|0|0|0|0.0571|0.3815|0|8.1519|0.4542|2.5726
un032|2000-01-01|2000-12-31|1.668|3.6936|0.5952|0.888|0.505|0.159|1.0598|1.4796|1.558|1.6416|0.0698|0|0.1164|0.7423|0.2725|0|7.3498|1.2188|5.8802
un036|2000-01-01|2000-12-31|4.865|9.2853|0.9672|3.4632|2.222|0.477|0.9841|3.8634|2.624|10.602|4.3974|0|2.7354|3.7115|8.72|1.452|20.8027|1.4611|38.1057
un040|2000-01-01|2000-12-31|0.278|1.9494|3.348|3.996|0.606|0.2385|0|0.9453|9.594|1.2312|0.6282|0.0599|1.2804|1.2562|2.507|0.66|10.1774|0.2385|18.1622
un050|2000-01-01|2000-12-31|0|0.1539|0.372|0.1776|0|0.5565|0.2271|0.9453|0.123|0.2736|0|0|0|0.0571|0|0|0.7035|0.7836|1.399
un056|2000-01-01|2000-12-31|2.919|10.9782|8.7048|8.7024|4.242|0.954|0.3028|0.8631|3.444|1.6074|1.1866|0.1797|1.1058|1.713|3.2155|1.232|35.5464|1.2568|14.5471
un076|2000-01-01|2000-12-31|0.3475|6.2073|2.0832|1.6872|1.212|0|2.8009|0.6576|2.829|3.078|0.0698|0|0.2328|1.8272|0.109|0.264|11.5372|2.8009|9.0674
un100|2000-01-01|2000-12-31|0.2085|0.3591|0.1488|0.3552|0|0|0.0757|0.0822|1.476|2.907|0.0698|0|0|0.2855|0.654|0|1.0716|0.0757|5.4745
un124|2000-01-01|2000-12-31|13.2745|14.1075|11.6064|7.0152|5.555|0.5565|1.5897|5.343|10.496|3.0438|6.7008|0.2995|4.8306|5.8813|2.9975|2.64|51.5586|2.1462|42.2325
un634|2000-01-01|2000-12-31|3.8225|0|0.0744|0.0888|0|0|0|0.4521|0.205|0.684|0|0|0|0|0.109|0|3.9857|0|1.4501
un152|2000-01-01|2000-12-31|0.0695|4.2579|0.1488|0.7104|0.303|0|0.5299|0.1644|0.943|0.9576|0.1396|0|0|0.3426|0.2725|0|5.4896|0.5299|2.8197
un156|2000-01-01|2000-12-31|2.8495|6.2073|14.508|5.328|0.606|0|6.5102|0.4932|16.687|10.773|0.0698|0|0.8148|5.0248|1.1445|0.836|29.4988|6.5102|35.8431
un196|2000-01-01|2000-12-31|0|0.1026|0.0744|0.7104|0|0|0|0.0822|1.435|0.6498|0|0|0.0582|0.0571|0.1635|0|0.8874|0|2.4458
un170|2000-01-01|2000-12-31|2.085|0.9747|0.2976|0.3552|0.101|0.0795|0.1514|0.1233|0.287|0.9918|0.0698|0|0|0.1142|0.327|0|3.8135|0.2309|1.9131
un191|2000-01-01|2000-12-31|0.2085|0.2052|0.2232|0.7104|0|0|0|0.5754|3.116|1.1286|0|0|0|0.2284|0.0545|0|1.3473|0|5.1029
un208|2000-01-01|2000-12-31|1.251|3.2832|2.0832|4.1736|1.717|0.318|0|0.3699|1.886|1.8126|0.5584|0.0599|0.6402|1.3704|1.0355|2.508|12.508|0.318|10.2409
un818|2000-01-01|2000-12-31|0.695|0.2565|0.1488|1.6872|0|0|0.8327|0.1644|2.747|0.7182|0|0|0|0.3997|2.2345|0|2.7875|0.8327|6.2638
un784|2000-01-01|2000-12-31|13.2745|1.3851|0.5952|0.3552|0|0.318|0.1514|2.1783|2.091|0.6156|0|0|0|0.0571|1.09|0.308|15.61|0.4694|6.34
un703|2000-01-01|2000-12-31|0.278|0.3078|0.6696|0.3552|0|0.159|0|0.1233|0.574|1.6074|0|0|0.0582|0.3426|0.109|0|1.6106|0.159|2.8145
un705|2000-01-01|2000-12-31|0|0.2565|0.5208|0.3552|0|0|0|0.1644|0.574|1.0602|0|0|0.0582|0.2855|0.0545|0|1.1325|0|2.1968
un724|2000-01-01|2000-12-31|1.529|5.643|5.8032|9.1464|3.03|0.636|2.0439|1.6851|24.764|2.8044|1.047|0.1198|0.9894|3.8257|3.379|2.068|25.1516|2.6799|40.6824
un233|2000-01-01|2000-12-31|0.2085|0.2565|0.1488|0.2664|0|0|0|0.2466|0.656|1.1286|0|0|0.0582|0.1142|0.0545|0|0.8802|0|2.2581
un608|2000-01-01|2000-12-31|0.2085|0.8208|2.3064|0.6216|0|0.159|0.0757|0.3288|1.066|0.1368|0.0698|0|0|0.0571|0.2725|0|3.9573|0.2347|1.931
un246|2000-01-01|2000-12-31|0.556|1.4877|2.5296|1.332|1.212|0.3975|0|0.1233|1.435|1.3338|0|0|2.037|1.2562|0.436|0.572|7.1173|0.3975|7.1933
un250|2000-01-01|2000-12-31|2.9885|12.0042|15.8472|14.4744|21.816|4.2135|7.6457|6.0417|41.246|7.524|5.6538|0.599|8.73|8.3937|11.336|7.436|67.1303|11.8592|96.9602
un300|2000-01-01|2000-12-31|0.556|1.026|0.372|3.3744|0.101|0.795|1.2112|0.6987|7.011|2.9412|0.2792|0|0.0582|0.8565|0.7085|0.352|5.4294|2.0062|12.9053
un528|2000-01-01|2000-12-31|7.506|11.5425|8.1096|8.6136|7.171|1.908|1.1355|1.5207|5.33|5.1984|0.9772|0.599|2.8518|3.3118|1.1445|4.796|42.9427|3.0435|25.7294
un348|2000-01-01|2000-12-31|0.2085|0.8721|1.6368|1.0656|0|0.159|0|0.2877|1.599|3.6252|0.7678|0|0.1164|0.6852|0.8175|0.044|3.783|0.159|7.9428
un356|2000-01-01|2000-12-31|0.556|4.0527|1.7112|2.9304|0|0.477|2.6495|6.165|1.435|0.5472|0.1396|0|0.3492|2.855|0.5995|0.044|9.2503|3.1265|12.1345
un360|2000-01-01|2000-12-31|5.7685|3.9501|2.0832|0.888|1.616|0|1.2112|0.2877|2.706|1.5732|0.2094|0|0|0.0571|0.109|0|14.3058|1.2112|4.9424
un368|2000-01-01|2000-12-31|7.4365|0|0|0|0|0|0.0757|0.1233|0.041|0.5814|0|0|0|0|0.7085|0|7.4365|0.0757|1.4542
un364|2000-01-01|2000-12-31|9.1045|0.4617|0.1488|0.3552|0|0|0.6813|2.6715|0.697|1.4022|0.1396|0|0|0.2284|0.109|0|10.0702|0.6813|5.2477
un372|2000-01-01|2000-12-31|0.0695|2.1033|4.3152|3.1968|0.707|0.159|0|0.3699|3.567|0.8892|0.8376|0|0.3492|0.4568|0.5995|0.352|10.3918|0.159|7.4212
un352|2000-01-01|2000-12-31|0|0.4617|0|0.1776|0|0|0|0|0.164|0.855|0.0698|0|0.0582|0.0571|0.0545|0|0.6393|0|1.2586
un376|2000-01-01|2000-12-31|0.139|3.1806|1.116|2.7528|0.202|0|0.3785|2.1783|1.271|0.8892|0.4886|0|1.164|1.6559|0.763|0.264|7.3904|0.3785|8.674
un380|2000-01-01|2000-12-31|1.807|5.7456|14.0616|9.8568|4.242|1.749|4.3906|2.055|21.976|6.7716|1.3262|0.0599|4.5396|5.4245|2.071|2.376|35.713|6.1396|46.5998
un392|2000-01-01|2000-12-31|0.556|3.3345|29.76|12.2544|6.565|0|4.9205|1.6029|2.542|3.8304|0.2792|0.0599|42.3696|12.3907|4.905|24.2|52.4699|4.9205|92.1797
un398|2000-01-01|2000-12-31|1.668|0.7695|0.0744|0.1776|0|0.0795|0|2.7537|0.779|1.6074|0|0|0|0.0571|0.7085|0|2.6895|0.0795|5.9057
un414|2000-01-01|2000-12-31|6.4635|0.0513|0.0744|0.3552|0|0|0|1.4385|1.025|0.7524|0|0|0|0.0571|0.218|0.66|6.9444|0|4.151
un428|2000-01-01|2000-12-31|0|0.2052|0.0744|0.1776|0|0|0|0.411|0.287|1.0602|0|0|0|0.0571|0.4905|0|0.4572|0|2.3058
un440|2000-01-01|2000-12-31|0.278|0.2052|0.1488|0.1776|0|0|0|0.2055|0.574|1.4364|0.0698|0|0|0.0571|0.0545|0|0.8096|0|2.3973
un442|2000-01-01|2000-12-31|0|0.3078|0.4464|3.552|0.404|0|0|0.1233|0.451|0.3078|0.9074|0|0.2328|0|0.0545|0.176|4.7102|0|2.2528
un458|2000-01-01|2000-12-31|3.475|2.6676|5.208|2.3976|0.404|0|0.4542|1.4796|5.453|0.4788|0.1396|0|0.0582|0.1713|1.5805|0.044|14.1522|0.4542|9.405
un470|2000-01-01|2000-12-31|0.0695|0|0.1488|0.1776|0|0|0|0|0.656|0.4104|0|0|0|0|0.0545|0|0.3959|0|1.1209
un484|2000-01-01|2000-12-31|5.9075|3.2319|9.2256|2.3976|0.202|0|0.8327|0.4932|11.029|1.881|1.6752|0|0.0582|0.7994|0.109|0.044|20.9646|0.8327|16.089
un566|2000-01-01|2000-12-31|7.506|0.1026|0|0.3552|0.101|0.795|0.1514|0.7398|0.451|1.197|0|0|0|0.1142|0.4905|0|8.0648|0.9464|2.9925
un578|2000-01-01|2000-12-31|13.9695|2.2572|0.744|3.108|0.808|0.2385|0.2271|0.2877|1.64|2.565|0.2094|0.0599|0.582|0.8565|0.7085|1.892|20.8867|0.4656|8.801
un554|2000-01-01|2000-12-31|0.139|2.4111|0.2976|0.7992|0.202|0.159|0.2271|0.6576|0.943|1.2312|0.2094|0|0.1746|0.7423|0.654|0.176|3.8489|0.3861|4.7881
un410|2000-01-01|2000-12-31|3.4055|2.3085|10.2672|5.5056|0.505|0.0795|1.2112|0.5343|2.829|5.5404|0.0698|0|6.7512|2.284|0.2725|0.352|21.9918|1.2907|18.6332
un586|2000-01-01|2000-12-31|0.0695|0.3591|0.5208|0.2664|0|0.318|0.6056|4.0689|0.287|0.1026|0|0|0|0.1142|0.0545|0|1.2158|0.9236|4.6272
un604|2000-01-01|2000-12-31|0.139|1.539|0.0744|0.2664|0|0|0.9084|0.0411|0.41|0.684|0|0|0|0.0571|0|0|2.0188|0.9084|1.1922
un616|2000-01-01|2000-12-31|0.556|1.3338|1.6368|1.776|0|0.3975|0.4542|0.7809|9.307|3.1122|0.1396|0|0.0582|1.6559|0.4905|0.044|5.3026|0.8517|15.5883
un620|2000-01-01|2000-12-31|0.139|0.8721|1.3392|1.5984|0.505|0.3975|0.3785|0.6165|2.993|1.2312|0.0698|0|0.0582|0.571|0.9265|0.616|4.4537|0.776|7.0822
un826|2000-01-01|2000-12-31|8.757|8.5671|13.9872|21.0456|21.109|7.155|9.3868|4.6032|12.382|5.643|7.4686|0.7188|6.2274|12.5049|18.3665|6.732|73.4659|16.5418|74.6464
un203|2000-01-01|2000-12-31|0.278|0.7182|1.7112|1.1544|0|0.159|0|0.4521|2.542|2.2914|0.1396|0.0599|0.1164|0.7423|0.436|0.044|3.8618|0.159|6.8237
un642|2000-01-01|2000-12-31|0.278|0.4617|0.5208|0.2664|0|0|0.4542|0.1233|2.829|5.3352|0.0698|0|0|0.3426|1.0355|0|1.5269|0.4542|9.7354
un643|2000-01-01|2000-12-31|19.043|4.0014|1.6368|1.6872|0.505|4.5315|17.7138|11.4258|11.316|15.9714|0.2094|0|0.2328|4.6251|3.379|0.132|26.8734|22.2453|47.2915
un702|2000-01-01|2000-12-31|3.6835|1.6929|7.812|4.9728|0|0|0.2271|1.3152|3.239|0.513|0.2792|0|0.5238|0.6281|1.09|0|18.1612|0.2271|7.5883
un710|2000-01-01|2000-12-31|1.251|3.7962|0.8928|0.888|0.808|0|0.1514|0.9864|3.116|1.6416|0.2094|0|0.0582|0.6281|3.7605|0|7.636|0.1514|10.4002
un752|2000-01-01|2000-12-31|1.0425|2.4111|4.6872|3.8184|2.929|0.2385|0.0757|0.9453|2.05|2.8386|0.6282|0.1797|2.5608|2.5695|2.1255|2.684|14.8882|0.3142|16.5816
un756|2000-01-01|2000-12-31|0.139|2.4624|4.7616|5.328|5.454|0.0795|0|1.4796|4.182|2.1888|0.1396|0.1797|3.8412|2.4553|2.1255|1.32|18.145|0.0795|17.9117
un764|2000-01-01|2000-12-31|0.834|3.9501|3.348|2.3976|0.101|0.159|1.7411|0.7398|5.125|1.1628|0.2094|0|0.0582|0.2284|0.1635|0|10.6307|1.9001|7.6871
un792|2000-01-01|2000-12-31|0.139|1.3338|1.488|3.3744|0.101|0.5565|2.271|1.233|5.125|1.6074|13.1224|0|0.0582|0.9136|1.4715|0.132|6.4362|2.8275|23.6631
un804|2000-01-01|2000-12-31|0.278|1.0773|0.6696|0.7104|0|0|0.6813|5.3019|3.444|4.6854|0|0|0.291|0.6852|1.526|0|2.7353|0.6813|15.9335
eu900|2000-01-01|2000-12-31|0|0|0|0|0|0|0|0|0|0|0|0|0|0|0|0|0|0|0
un862|2000-01-01|2000-12-31|9.5215|0.5643|0.2232|0.1776|0.202|0|0.5299|0.9864|0.246|0.4446|0|0|0|0.1713|0|1.32|10.6886|0.5299|3.1683
un704|2000-01-01|2000-12-31|1.39|1.1799|0.372|0.444|0|0|0.3028|0.0411|0.123|0.684|0|0|0|0.0571|0.0545|0|3.3859|0.3028|0.9597
un276|2005-01-01|2005-12-31|7.7145|22.6746|55.6512|28.6824|21.816|1.749|1.8168|10.1928|11.48|12.8592|6.0726|4.8519|36.7824|12.8475|21.4185|17.204|136.5387|3.5658|133.7089
un024|2005-01-01|2005-12-31|8.479|0.2565|0|0|0|0.0795|0.0757|0.0411|0.123|0.9234|0|0|0|0|0|0|8.7355|0.1552|1.0875
un682|2005-01-01|2005-12-31|58.38|0.6156|1.2648|1.9536|0.202|0|1.2112|6.0828|4.305|1.0602|2.2336|0|0.0582|0.2284|1.09|1.54|62.416|1.2112|16.5982
un012|2005-01-01|2005-12-31|16.541|0.1026|0|0.444|0|0|0.5299|0.2466|0.779|0.8208|0|0|0|0.1142|0.436|0|17.0876|0.5299|2.3966
un032|2005-01-01|2005-12-31|2.4325|5.9508|0.8184|1.1544|0.505|0.2385|1.1355|1.4385|2.05|2.6676|0.9772|0.1198|0.1164|0.8565|0.2725|0|10.8611|1.374|8.4985
un036|2005-01-01|2005-12-31|9.9385|14.4666|1.4136|5.4168|4.949|0.3975|1.2869|4.1511|2.952|12.7224|0.6282|0.1198|3.2592|4.568|14.606|2.508|36.1845|1.6844|45.5147
un040|2005-01-01|2005-12-31|1.946|3.6936|6.2496|7.3704|1.717|0.318|0|1.1097|10.66|2.565|0.4188|0.4792|1.6878|1.4846|2.7795|2.332|20.9766|0.318|23.5166
un050|2005-01-01|2005-12-31|0|0.2052|0.5952|0.1776|0|2.1465|0.0757|0.9864|0.123|0.3762|0|0|0|0.1142|0.0545|0|0.978|2.2222|1.6543
un056|2005-01-01|2005-12-31|8.4095|16.2621|16.368|9.768|11.312|0.159|0.2271|0.8631|3.608|1.6758|2.2336|1.0183|1.6296|2.2269|1.744|2.992|62.1196|0.3861|17.9913
un076|2005-01-01|2005-12-31|2.5715|13.6971|4.092|2.8416|1.818|0.318|2.4224|0.6576|2.87|3.7278|0.0698|0.2396|0.4074|2.9121|0.109|0.66|25.0202|2.7404|11.6533
un100|2005-01-01|2005-12-31|0.4865|0.9234|0.4464|0.7992|0|0.159|0.0757|0.0822|2.583|3.8988|0.0698|0|0.0582|0.2855|0.7085|0|2.6555|0.2347|7.686
un124|2005-01-01|2005-12-31|26.6185|19.1862|13.6152|9.768|9.191|0.636|1.4383|6.0417|10.045|3.6936|9.4928|1.8569|6.5184|7.3659|5.7225|5.588|78.3789|2.0743|56.3248
un634|2005-01-01|2005-12-31|7.9925|0.0513|0.1488|0.5328|0|0|0|0.6987|0.492|0.7524|0|0|0|0|0.218|0.924|8.7254|0|3.0851
un152|2005-01-01|2005-12-31|0.417|10.0035|0.372|1.2432|0.505|0.159|0.4542|0.2055|1.066|1.6074|0.349|0.1198|0|0.5139|0.1635|0|12.5407|0.6132|4.0251
un156|2005-01-01|2005-12-31|6.4635|12.7224|46.2768|12.9648|1.313|0.2385|5.7532|0.5754|25.01|15.9714|0.698|1.1381|4.8306|12.0481|2.9975|2.068|79.7405|5.9917|65.3371
un196|2005-01-01|2005-12-31|0.0695|0.1026|0.0744|1.1544|0.101|0|0|0.1233|1.312|0.7524|0|0|0.0582|0.0571|0.3815|0.044|1.5019|0|2.7285
un170|2005-01-01|2005-12-31|3.058|1.5903|0.4464|0.444|0.202|0.0795|0.0757|0.1233|0.492|1.5732|0.1396|0.1797|0|0.1713|0.436|0|5.7407|0.1552|3.1151
un191|2005-01-01|2005-12-31|0.417|0.4617|0.372|1.776|0|0|0|0.6165|4.141|2.3256|0.0698|0.0599|0.0582|0.2855|0.2725|0|3.0267|0|7.829
un208|2005-01-01|2005-12-31|2.8495|5.13|3.5712|7.548|3.03|0.318|0|0.411|4.92|3.078|0.9772|1.6173|0.7566|1.5417|0.872|3.212|22.1287|0.318|17.3858
un818|2005-01-01|2005-12-31|2.0155|0.5643|0.1488|2.5752|0|0|0.9084|0.2466|4.387|2.2572|0.349|0.0599|0|0.5139|2.5615|0|5.3038|0.9084|10.3751
un784|2005-01-01|2005-12-31|26.0625|4.4118|1.86|0.7992|0.202|0|0.2271|2.7537|3.813|1.0602|0|0.0599|0|0.1142|1.853|0.748|33.3355|0.2271|10.402
un703|2005-01-01|2005-12-31|0.834|0.8208|1.7112|0.7992|0|0.159|0|0.1233|0.82|2.4282|0|0.1198|0.0582|0.3426|0.109|0.088|4.1652|0.159|4.0891
un705|2005-01-01|2005-12-31|0.139|0.4617|1.0416|0.7104|0.101|0.0795|0|0.1644|0.82|1.8468|0.0698|0|0.0582|0.3426|0.109|0.044|2.4537|0.0795|3.4548
un724|2005-01-01|2005-12-31|3.058|9.9009|9.7464|16.5168|7.171|0.636|2.4224|4.4388|29.848|5.7798|2.3034|1.0183|1.5714|5.2532|1.4715|5.236|46.3931|3.0584|56.9204
un233|2005-01-01|2005-12-31|0.417|0.3591|0.372|0.5328|0|0|0|0.2055|1.025|1.5732|0|0.0599|0|0.1142|0.0545|0|1.6809|0|3.0323
un608|2005-01-01|2005-12-31|0.278|1.0773|2.4552|0.7992|0|0.0795|0.1514|0.3699|1.394|0.1368|0.0698|0|0.0582|0.1142|0.3815|0|4.6097|0.2309|2.5244
un246|2005-01-01|2005-12-31|1.0425|2.0007|3.6456|2.9304|1.919|0.159|0|0.1644|1.681|1.4706|0.0698|0.1797|2.328|1.4275|0.7085|1.364|11.5382|0.159|9.3935
un250|2005-01-01|2005-12-31|6.533|17.442|23.064|21.4008|28.987|4.8495|8.2513|6.2061|40.057|9.1314|7.1196|1.7371|9.3702|9.136|19.511|17.116|97.4268|13.1008|119.3844
un300|2005-01-01|2005-12-31|0.6255|1.6416|0.6696|5.9496|0.303|1.0335|1.2112|0.9453|7.872|4.959|0.4886|0.0599|0.0582|1.3133|1.308|0.572|9.1893|2.2447|17.5763
un528|2005-01-01|2005-12-31|17.8615|22.059|16.1448|16.0728|15.15|1.1925|1.4383|1.6851|5.33|6.5322|3.0014|2.8752|4.4232|4.0541|2.18|7.656|87.2881|2.6308|37.7372
un348|2005-01-01|2005-12-31|0.6255|1.6416|3.4968|2.22|0.202|0.2385|0|0.3288|1.845|4.959|6.282|0.2995|0.1746|0.8565|1.1445|0.132|8.1859|0.2385|16.0219
un356|2005-01-01|2005-12-31|3.8225|8.721|3.8688|9.1464|0.202|1.5105|2.6495|5.6718|2.091|0.8208|0.5584|0.1797|0.4074|4.1683|0.9265|0.836|25.7607|4.16|15.6599
un360|2005-01-01|2005-12-31|8.6875|6.3099|2.6784|2.22|0.303|0.0795|0.9841|0.1233|2.665|1.6416|0.2792|0|0|0.1142|0.1635|0|20.1988|1.0636|4.9868
un368|2005-01-01|2005-12-31|8.4095|0.0513|0|0.0888|0|0|0.0757|0.1233|0.082|0.9576|0|0|0|0|0.2725|0|8.5496|0.0757|1.4354
un364|2005-01-01|2005-12-31|18.6955|0.9234|0.2976|0.888|0|0|0.4542|1.9728|1.025|2.565|0.2792|0|0|0.7994|0.1635|0|20.8045|0.4542|6.8049
un372|2005-01-01|2005-12-31|0.278|3.078|6.2496|10.4784|2.424|0.159|0|0.5754|3.936|1.0944|1.047|0.2396|0.4656|0.6852|1.09|1.056|22.508|0.159|10.1892
un352|2005-01-01|2005-12-31|0|0.7182|0.0744|0.3552|0.202|0|0|0.0411|0.205|0.7866|0.0698|0|0.0582|0.0571|0.0545|0.044|1.3498|0|1.3163
un376|2005-01-01|2005-12-31|0.278|5.1813|1.4136|2.9304|0.505|0|0.2271|2.5482|1.025|1.4706|0.7678|0.1198|2.0952|1.8272|0.8175|0.132|10.3083|0.2271|10.8033
un380|2005-01-01|2005-12-31|4.6565|9.4392|20.9808|15.6288|6.868|2.1465|2.9523|2.9592|19.516|8.8578|1.6054|1.0183|4.8306|6.852|3.706|7.788|57.5733|5.0988|57.1333
un392|2005-01-01|2005-12-31|1.5985|5.2839|36.1584|18.204|9.09|0.2385|5.0719|1.9317|3.608|10.0206|0.4188|1.8569|49.7028|12.9617|10.4095|27.632|70.3348|5.3104|118.542
un398|2005-01-01|2005-12-31|7.1585|1.4364|0.2232|0.3552|0|0|0|2.8359|1.681|2.4282|0|0|0|0.0571|0.763|0|9.1733|0|7.7652
un414|2005-01-01|2005-12-31|14.873|0.1539|0.2232|0.7992|0.101|0|0|1.8084|1.845|0.8892|0|0|0|0.1142|0.218|0.836|16.1503|0|5.7108
un428|2005-01-01|2005-12-31|0.139|0.513|0.2232|0.3552|0|0|0|0.3699|0.615|1.8468|0|0|0|0.0571|0.1635|0|1.2304|0|3.0523
un440|2005-01-01|2005-12-31|1.1815|0.6156|0.4464|0.5328|0|0.0795|0|0.1644|1.066|1.4706|0|0.0599|0|0.1713|0.0545|0.044|2.7763|0.0795|3.0307
un442|2005-01-01|2005-12-31|0.0695|0.6669|1.0416|7.104|0.808|0|0|0.1644|0.492|0.4104|1.1866|0.0599|0.291|0.0571|0.109|0.396|9.69|0|3.1664
un458|2005-01-01|2005-12-31|6.95|4.3605|6.9936|3.4632|0.505|0|0.4542|1.9317|8.774|0.5814|0.4886|0|0.1164|0.2855|1.9075|0.044|22.2723|0.4542|14.1291
un470|2005-01-01|2005-12-31|0|0.0513|0.1488|0.3552|0|0|0|0|0.615|0.5814|5.0256|0|0|0|0.0545|0|0.5553|0|6.2765
un484|2005-01-01|2005-12-31|11.676|4.8735|10.9368|2.7528|0.707|0|0.6813|0.5754|11.685|2.1888|1.8846|0.1198|0.1746|1.1991|0.1635|0|30.9461|0.6813|17.9908
un566|2005-01-01|2005-12-31|19.9465|0.2565|0.0744|0.3552|0|0.636|0.1514|0.9453|0.533|1.5732|0.1396|0|0|0.1713|0.545|0|20.6326|0.7874|3.9074
un578|2005-01-01|2005-12-31|25.6455|3.5397|1.1904|5.1504|2.222|0.0795|0.2271|0.3699|2.05|2.4624|0.9772|0.3594|0.6402|1.0849|1.09|4.136|37.748|0.3066|13.17
un554|2005-01-01|2005-12-31|0.2085|4.0527|0.4464|1.5096|0.303|0.0795|0.1514|0.822|1.271|1.7784|0.9772|0.0599|0.2328|0.9136|3.379|0.396|6.5202|0.2309|9.8299
un586|2005-01-01|2005-12-31|0.278|0.6669|0.8928|0.6216|0|2.3055|0.5299|3.4113|0.41|0.3762|0|0|0|0.1713|0.0545|0|2.4593|2.8354|4.4233
un604|2005-01-01|2005-12-31|0.556|3.7962|0.1488|0.444|0|0.0795|0.9841|0.0411|0.82|0.8892|0|0.0599|0|0.0571|0|0|4.945|1.0636|1.8673
un616|2005-01-01|2005-12-31|1.668|3.7962|4.6128|2.8416|0.101|0.3975|0.1514|0.7809|8.118|3.5226|0.2094|0.1797|0.1164|2.3411|0.8175|0.308|13.0196|0.5489|16.3936
un620|2005-01-01|2005-12-31|0.556|1.539|2.0088|2.664|1.01|0.159|0.2271|0.7398|3.075|1.9152|0.1396|0.0599|0.1164|0.9136|1.417|0.572|7.7778|0.3861|8.9485
un826|2005-01-01|2005-12-31|13.2745|12.2607|18.972|36.2304|28.28|9.1425|9.1597|5.5896|14.965|8.4132|14.4486|6.7088|6.111|13.2472|26.269|16.588|109.0176|18.3022|112.3404
un203|2005-01-01|2005-12-31|0.9035|1.6416|4.5384|2.0424|0.101|0.159|0|0.4521|3.403|3.1806|0.2094|0.1797|0.1746|1.0278|1.526|0.22|9.2269|0.159|10.3732
un642|2005-01-01|2005-12-31|1.112|0.7695|1.488|0.888|0|0.3975|0.0757|0.1233|3.116|5.643|0.349|0.1198|0|0.4568|0.872|0|4.2575|0.4732|10.6799
un643|2005-01-01|2005-12-31|54.488|8.1054|2.9016|4.3512|3.434|8.3475|16.654|11.5902|11.849|23.085|0.6282|0.1198|0.4074|4.1683|7.4665|0.132|73.2802|25.0015|59.4464
un702|2005-01-01|2005-12-31|10.2165|2.7189|12.1272|9.768|0|0|0.1514|1.4385|3.772|0.7866|1.047|0.2396|1.0476|1.0849|1.3625|0|34.8306|0.1514|10.7787
un710|2005-01-01|2005-12-31|2.0155|5.8995|1.6368|1.9536|0.909|0.5565|0.1514|1.1919|3.936|2.4282|0.5584|0|0.0582|0.7994|4.142|0.088|12.4144|0.7079|13.2021
un752|2005-01-01|2005-12-31|2.363|4.0527|6.7704|7.548|4.848|0.2385|0.0757|1.0686|2.624|2.8386|0.7678|1.3777|3.201|2.855|1.635|4.972|25.5821|0.3142|21.3397
un756|2005-01-01|2005-12-31|1.0425|2.7702|7.8864|8.7024|10.201|0.0795|0|1.6029|3.854|2.2572|0|0.599|5.1798|2.855|3.052|2.64|30.6025|0.0795|22.0399
un764|2005-01-01|2005-12-31|1.7375|5.8995|5.5056|3.4632|0.101|0.0795|0.6056|0.9453|6.191|2.565|0.0698|0.0599|0.0582|0.4568|0.3815|0.088|16.7068|0.6851|10.8155
un792|2005-01-01|2005-12-31|0.973|2.9241|3.9432|4.7064|0.202|0.5565|1.4383|1.2741|10.824|3.591|5.4444|0.2396|0.0582|2.3982|1.526|0.88|12.7487|1.9948|26.2355
un804|2005-01-01|2005-12-31|1.251|2.1033|1.5624|1.5984|0|0.636|0.6813|5.1786|9.43|6.0534|0|0|0.2328|0.6852|1.9075|0|6.5151|1.3173|23.4875
eu900|2005-01-01|2005-12-31|19.043|38.3211|70.0848|83.8272|68.074|14.628|28.009|32.7156|39.442|65.664|29.2462|12.5191|63.6126|69.2052|54.391|89.892|279.3501|42.637|456.6877
un862|2005-01-01|2005-12-31|16.8885|0.8208|0.4464|0.2664|0.202|0|0.5299|0.9864|0.369|1.368|0|0|0|0.1713|0.218|1.716|18.6241|0.5299|4.8287
un704|2005-01-01|2005-12-31|3.058|2.2572|1.0416|0.7104|0|0|0|0.0411|1.845|0.5814|0|0.0599|0|0.1142|0.1635|0|7.0672|0|2.8051
un276|2010-01-01|2010-12-31|8.479|29.754|60.7848|40.4928|33.027|1.908|1.8168|10.3161|12.956|14.1588|6.0726|34.2029|32.7084|14.7318|16.35|19.8|172.5376|3.7248|161.2966
un024|2010-01-01|2010-12-31|14.5255|0.2052|0|0.0888|0.101|0|0.0757|0.0822|0.205|0.6498|0|0|0|0|0|0|14.9205|0.0757|0.937
un682|2010-01-01|2010-12-31|58.7275|1.1799|1.7856|1.6872|0.303|0|1.2112|6.987|5.822|0.8892|2.792|0.1797|0.1746|0.3997|1.635|4.796|63.6832|1.2112|23.6752
un012|2010-01-01|2010-12-31|16.263|0.1026|0|0.5328|0|0|0.6056|0.2466|1.025|1.9836|0|0.1797|0|0.2855|0.4905|0|16.8984|0.6056|4.2109
un032|2010-01-01|2010-12-31|2.085|9.0288|1.1904|1.9536|0.707|0.2385|1.1355|1.3974|2.296|3.6936|1.5356|2.1564|0.1164|1.1991|0.2725|0|14.9648|1.374|12.667
un036|2010-01-01|2010-12-31|16.6105|22.6233|1.488|7.1928|7.878|0.636|1.2112|4.521|2.993|15.0822|0.5584|3.8336|2.2698|6.4523|21.255|4.092|55.7926|1.8472|61.0573
un040|2010-01-01|2010-12-31|1.668|4.7709|6.9936|9.5016|3.838|0.2385|0|1.2741|11.398|1.8126|0.4188|3.4143|2.0952|1.8843|4.905|1.716|26.7721|0.2385|28.9183
un050|2010-01-01|2010-12-31|0.0695|0.3078|0.9672|0.3552|0|1.908|0.0757|1.0275|0.123|0.1368|0|0.0599|0|0.1713|0.109|0|1.6997|1.9837|1.6275
un056|2010-01-01|2010-12-31|9.5215|18.0576|18.0792|14.652|17.877|0.2385|0.2271|0.9453|3.649|1.4364|2.5826|5.1514|1.5714|2.7979|2.7795|3.96|78.1873|0.4656|24.8735
un076|2010-01-01|2010-12-31|5.004|22.572|3.8688|4.884|3.838|0.318|2.1196|0.6576|2.583|7.182|0.1396|5.99|0.4656|5.2532|1.3625|0.484|40.1668|2.4376|24.1175
un100|2010-01-01|2010-12-31|0.695|1.539|0.5952|1.1544|0|0.159|0.0757|0.1233|3.075|2.8728|0.1396|1.7371|0|0.3997|0.763|0|3.9836|0.2347|9.1105
un124|2010-01-01|2010-12-31|26.3405|21.3921|10.3416|10.4784|13.837|0.8745|1.4383|6.9048|8.405|6.327|9.423|11.1414|6.6348|9.2502|7.9025|5.984|82.3896|2.3128|71.9727
un634|2010-01-01|2010-12-31|15.012|0.0513|0.2232|0.3552|0.202|0|0|1.233|0.902|0.4446|0|0.1198|0|0.0571|0.3815|0.572|15.8437|0|3.71
un152|2010-01-01|2010-12-31|0.278|13.7484|0.4464|1.5096|1.01|0.159|0.5299|0.2877|1.476|1.9494|0.4188|0.7787|0|0.7994|0.1635|0|16.9924|0.6889|5.8735
un156|2010-01-01|2010-12-31|7.4365|16.3647|74.4|22.644|5.353|0|7.9485|0.6576|27.183|30.3354|0.4886|7.4276|8.9628|21.127|5.0685|2.684|126.1982|7.9485|103.9345
un196|2010-01-01|2010-12-31|0.0695|0.1026|0.0744|1.4208|0.404|0|0|0.1644|1.148|0.8208|0.0698|0.0599|0.0582|0.1142|0.8175|0.088|2.0713|0|3.3408
un170|2010-01-01|2010-12-31|5.7685|2.3598|0.5952|0.7104|0.404|0.0795|0.1514|0.1233|1.23|1.881|0.1396|1.1381|0.0582|0.3997|0.545|0|9.8379|0.2309|5.5149
un191|2010-01-01|2010-12-31|0.4865|0.6156|0.4464|2.0424|0.202|0.0795|0|0.6576|4.633|3.3516|0.1396|0.4792|0|0.571|0.0545|0.044|3.7929|0.0795|9.9305
un208|2010-01-01|2010-12-31|2.5715|6.1047|3.9432|9.5904|4.848|0.2385|0.1514|0.4521|4.551|3.5226|1.1168|5.1514|0.9312|1.8843|1.0355|4.224|27.0578|0.3899|22.8689
un818|2010-01-01|2010-12-31|2.502|1.6929|0.6696|3.7296|0.101|0.8745|0.8327|0.2466|6.355|2.1888|0.4886|0.5391|0|0.8565|2.8885|0|8.6951|1.7072|13.5631
un784|2010-01-01|2010-12-31|31.831|11.0295|3.1248|1.776|1.212|0|0.1514|3.1647|3.813|0.4104|0|0.5391|0.0582|0.1713|2.834|1.232|48.9733|0.1514|12.2227
un703|2010-01-01|2010-12-31|1.112|1.3338|3.1248|1.0656|0.101|0.159|0|0.1233|0.697|3.078|0|0.3594|0.0582|0.4568|0.545|0.132|6.7372|0.159|5.4497
un705|2010-01-01|2010-12-31|0.278|0.6156|1.2648|1.0656|0.202|0.159|0|0.1644|0.984|2.8386|0.0698|0.599|0.1164|0.571|0.1635|0.088|3.426|0.159|5.5947
un724|2010-01-01|2010-12-31|3.6835|12.9276|10.788|21.4008|15.049|0.636|2.8009|6.1239|27.88|8.1738|3.9786|8.5657|1.6878|7.3659|3.9785|10.34|63.8489|3.4369|78.0942
un233|2010-01-01|2010-12-31|0.4865|0.4617|0.372|0.7992|0.202|0.0795|0|0.1644|1.107|1.1286|0.0698|0.1797|0.0582|0.2284|0.109|0.044|2.3214|0.0795|3.0891
un608|2010-01-01|2010-12-31|0.278|1.4364|2.1576|1.9536|0.101|0.0795|0.1514|0.411|1.599|0.1368|0.1396|1.9168|0|0.1142|0.0545|0|5.9266|0.2309|4.3719
un410|2010-01-01|2010-12-31|8.6875|4.8735|21.3528|12.876|2.828|0.0795|1.8925|0.4932|4.182|10.26|0.9772|2.5158|16.296|6.3381|4.142|1.276|50.6178|1.972|46.4803
un246|2010-01-01|2010-12-31|1.4595|1.8468|3.1992|4.884|2.929|0.159|0|0.2055|1.845|2.223|0|3.4143|2.5026|1.6559|1.0355|1.936|14.3185|0.159|14.8178
un250|2010-01-01|2010-12-31|5.977|20.6739|24.18|25.1304|38.784|3.5775|7.1158|6.4116|41|13.7826|5.0256|25.6971|9.894|10.7348|20.5465|20.944|114.7453|10.6933|154.0362
un300|2010-01-01|2010-12-31|0.695|2.052|0.744|6.5712|0.909|0.3975|0.9084|1.0686|7.954|2.9754|0.698|0.8985|0.1164|1.7701|2.8885|0.88|10.9712|1.3059|19.2495
un528|2010-01-01|2010-12-31|23.4215|29.3436|17.856|19.8912|22.119|0.636|1.2869|1.6851|5.289|6.9768|2.792|18.6289|4.4232|5.0248|1.962|9.724|112.6313|1.9229|56.5058
un348|2010-01-01|2010-12-31|0.695|2.4624|4.5384|3.1968|0.505|0.2385|0|0.3699|1.722|4.0356|4.886|0.5391|0.1746|0.9707|1.199|0.176|11.3976|0.2385|14.0729
un356|2010-01-01|2010-12-31|8.757|12.9276|6.6216|16.2504|1.818|2.067|3.1794|5.2197|2.747|1.1628|2.3732|2.1564|0.4074|6.6236|1.0355|0.924|46.3746|5.2464|22.6496
un360|2010-01-01|2010-12-31|12.0235|10.6191|3.1248|2.3088|0.101|0.318|1.6654|0.1233|3.362|1.8468|0.349|0.4792|0|0.1713|0.0545|0|28.1772|1.9834|6.3861
un368|2010-01-01|2010-12-31|15.012|0.1026|0|0.3552|0|0|0|0.0822|0|0.5814|0|0|0|0.0571|0|0|15.4698|0|0.7207
un364|2010-01-01|2010-12-31|23.9775|1.3338|0.4464|1.1544|0.101|0|0.4542|2.055|1.148|1.4706|0.4886|0.2396|0.0582|2.4553|0.109|0|27.0131|0.4542|8.0243
un372|2010-01-01|2010-12-31|0.278|3.3858|6.6216|16.2504|6.767|0.159|0|0.8631|3.854|2.1888|1.3262|1.3777|0.6402|1.0278|1.09|1.496|33.3028|0.159|13.8638
un352|2010-01-01|2010-12-31|0|0.9234|0.0744|0.444|0.202|0|0|0.0411|0.246|0.8892|0|0.1797|0|0.1142|0.0545|0.044|1.6438|0|1.5687
un376|2010-01-01|2010-12-31|0.417|4.1553|2.1576|3.7296|1.313|0|0.3028|2.8359|1.23|1.7442|0.9772|0.2396|2.4444|1.9985|0.872|0.176|11.7725|0.3028|12.5178
un380|2010-01-01|2010-12-31|5.282|13.1328|22.1712|16.428|11.312|1.908|4.2392|4.2744|23.083|10.3968|0.9772|8.5657|4.074|8.6221|5.45|5.148|68.326|6.1472|70.5912
un392|2010-01-01|2010-12-31|3.8225|8.1054|33.6288|22.3776|17.271|0|5.1476|2.0961|3.608|8.6184|0.5584|8.5657|43.5336|12.7904|10.8455|24.376|85.2053|5.1476|114.9921
un398|2010-01-01|2010-12-31|10.981|2.1546|0.372|0.7104|0.202|0|0|2.9592|1.558|4.104|0|0.1797|0|0.0571|0.872|0|14.42|0|9.73
un414|2010-01-01|2010-12-31|16.819|0.1539|0.372|2.0424|0.505|0|0|2.0139|2.706|0.5472|0|0.0599|0|0.1142|0.654|0.792|19.8923|0|6.8872
un428|2010-01-01|2010-12-31|0.139|0.6156|0.2976|0.7104|0|0.0795|0|0.3288|0.697|2.0862|0|0.0599|0|0.0571|0.109|0.044|1.7626|0.0795|3.382
un440|2010-01-01|2010-12-31|1.251|1.026|0.5952|0.6216|0.101|0.0795|0|0.1233|0.697|2.394|0|0.4193|0|0.3426|0.218|0.044|3.5948|0.0795|4.2382
un442|2010-01-01|2010-12-31|0.0695|0.8721|1.116|10.1232|3.03|0|0|0.1644|0.451|0.342|5.3746|1.5574|0.3492|0.0571|0.0545|0.616|15.2108|0|8.9662
un458|2010-01-01|2010-12-31|8.479|6.9255|7.2168|5.0616|1.818|0.2385|0.3028|2.2605|12.628|0.5814|0.8376|1.198|0.0582|0.7423|4.796|0.044|29.5009|0.5413|23.146
un470|2010-01-01|2010-12-31|0|0.0513|0.1488|0.7104|0|0|0|0|0.615|0.2394|3.4202|0.5391|0.0582|0|0.0545|0|0.9105|0|4.9264
un484|2010-01-01|2010-12-31|11.12|7.5924|11.3832|2.5752|1.515|0|0.6813|0.6987|11.931|2.5308|0.4188|1.3178|0.1746|1.5417|0.1635|0|34.1858|0.6813|18.7769
un566|2010-01-01|2010-12-31|16.8885|0.6156|0.0744|0.3552|0.101|1.1925|0.1514|1.0686|0.738|2.6676|0.2094|0|0|0.3997|0.5995|0|18.0347|1.3439|5.6828
un578|2010-01-01|2010-12-31|26.41|4.1553|1.6368|6.7488|3.838|0.159|0.1514|0.4521|2.337|4.275|1.3262|3.4143|0.7566|1.5417|1.4715|6.072|42.7889|0.3104|21.6464
un554|2010-01-01|2010-12-31|0.417|4.7709|0.4464|1.4208|0.303|0.159|0.0757|0.9042|1.271|3.3516|1.3262|0.4792|0.2328|1.142|3.161|0.44|7.3581|0.2347|12.308
un586|2010-01-01|2010-12-31|0.278|0.9747|0.8928|0.7104|0|2.385|0.5299|4.0689|0.451|0.171|0|0.1797|0|0.6281|0.0545|0|2.8559|2.9149|5.5532
un604|2010-01-01|2010-12-31|0.7645|6.156|0.2232|0.6216|0.101|0.0795|1.1355|0.0411|0.123|0.855|0|0.3594|0|0.1142|0|0|7.8663|1.215|1.4927
un616|2010-01-01|2010-12-31|1.529|6.2073|7.2168|4.9728|0.707|0.795|0.1514|0.7809|6.355|3.933|0.2094|4.2529|0.2328|3.1976|1.417|0.572|20.6329|0.9464|20.9506
un620|2010-01-01|2010-12-31|0.7645|2.2572|2.0832|3.996|1.616|0.159|0.3028|0.8631|3.444|2.6676|0.4188|5.1514|0.1164|1.4846|0.763|0.792|10.7169|0.4618|15.7009
un826|2010-01-01|2010-12-31|14.3865|12.0555|16.368|42.7128|39.087|8.586|6.6616|6.2061|15.047|15.9372|6.7706|42.7686|6.111|15.5312|30.4655|17.028|124.6098|15.2476|155.8652
un203|2010-01-01|2010-12-31|1.529|2.565|6.324|3.3744|0.303|0.2385|0|0.4521|3.239|3.2148|0.4188|2.995|0.2328|1.4275|2.507|0.308|14.0954|0.2385|14.795
un642|2010-01-01|2010-12-31|0.9035|1.4877|2.1576|1.6872|0|0.318|0.2271|0.1233|4.059|3.6594|0.2094|3.1747|0|1.0849|0.872|0.22|6.236|0.5451|13.4027
un643|2010-01-01|2010-12-31|69.5|9.4905|3.1992|7.2816|7.171|2.1465|15.2914|11.7957|11.398|23.0508|1.3262|2.5757|0.4074|4.7393|10.682|0.704|96.6423|17.4379|66.6791
un702|2010-01-01|2010-12-31|15.012|3.7449|13.0944|16.3392|0|0|0.6056|1.8906|4.018|0.684|0.9074|3.3544|1.3386|1.4275|3.3245|0.308|48.1905|0.6056|17.253
un710|2010-01-01|2010-12-31|2.4325|8.5158|1.7112|2.1312|1.717|0.5565|0.0757|1.8084|3.731|0.9576|0.349|0.2396|0.0582|1.2562|5.014|0.176|16.5077|0.6322|13.59
un752|2010-01-01|2010-12-31|2.919|4.9761|6.5472|10.3896|8.08|0.159|0.0757|1.2741|2.501|2.736|0.7678|10.2429|4.074|3.2547|2.2345|6.732|32.9119|0.2347|33.817
un756|2010-01-01|2010-12-31|1.7375|4.1553|10.1928|13.32|19.594|0.0795|0|1.6851|4.428|3.3858|0|5.99|5.7036|3.6544|2.8885|3.432|48.9996|0.0795|31.1674
un764|2010-01-01|2010-12-31|2.8495|10.5678|7.1424|5.2392|0.404|0|1.4383|1.1097|7.544|1.71|0.349|0.8985|0.0582|0.8565|1.3625|0.044|26.2029|1.4383|13.9324
un792|2010-01-01|2010-12-31|1.4595|5.3865|5.208|5.8608|0.505|0.477|1.7411|1.3563|16.236|3.6252|3.9088|2.7554|0.2328|3.6544|1.7985|1.056|18.4198|2.2181|34.6234
un804|2010-01-01|2010-12-31|0.7645|3.6423|1.6368|2.3976|0.202|0.159|0.2271|5.0553|11.111|9.1998|0|0.6589|0.1164|0.7994|2.943|0|8.6432|0.3861|29.8838
eu900|2010-01-01|2010-12-31|30.997|50.3766|85.3368|126.0072|126.048|13.038|26.1922|33.6609|34.809|83.7216|35.1792|42.7686|59.1894|86.5636|55.59|107.052|418.7656|39.2302|538.5343
un862|2010-01-01|2010-12-31|18.1395|0.513|0.2976|0.3552|0.404|0|0.3785|0.9864|0.328|1.4364|0|0.5391|0|0.2284|0.109|3.476|19.7093|0.3785|7.1033
un704|2010-01-01|2010-12-31|3.1275|4.2579|2.232|0.9768|0|0|0|0.0822|2.009|0.5814|0|0.7787|0|0.1713|0.327|0|10.5942|0|3.9496
un276|2011-01-01|2011-12-31|8.757|35.397|68.8944|41.4696|33.532|1.59|2.271|10.3161|14.35|14.5692|5.584|42.7686|32.7084|15.2457|16.568|21.34|188.05|3.861|173.45
un024|2011-01-01|2011-12-31|18.1395|0.1539|0|0.1776|0.101|0|0.0757|0.0822|0.246|0.7524|0|0|0|0|0|0|18.572|0.0757|1.0806
un682|2011-01-01|2011-12-31|75.338|1.7442|2.604|1.8648|0.404|0|1.3626|6.987|5.781|0.6498|2.792|2.6955|0.1746|0.6281|2.2345|5.192|81.955|1.3626|27.1345
un012|2011-01-01|2011-12-31|20.5025|0.1539|0|0.6216|0|0|0.6056|0.2466|1.107|1.9152|0|0.2995|0|0.2855|0.545|0|21.278|0.6056|4.3988
un032|2011-01-01|2011-12-31|1.946|11.4399|1.488|2.3088|0.707|0.2385|0.9841|1.3974|2.829|3.7278|1.5356|3.4143|0.1164|1.2562|0.2725|0|17.8897|1.2226|14.5492
un036|2011-01-01|2011-12-31|21.823|31.9086|1.7856|8.3472|9.494|0.636|1.0598|4.521|3.157|15.1164|0.6282|5.99|2.2698|6.9091|22.3995|5.676|73.3584|1.6958|66.667
un040|2011-01-01|2011-12-31|1.668|5.643|7.6632|9.5016|4.04|0.318|0|1.2741|11.767|1.71|0.349|3.8336|2.0952|1.9985|5.668|1.804|28.5158|0.318|30.4994
un050|2011-01-01|2011-12-31|0.0695|0.4617|1.1904|0.444|0|2.1465|0.1514|1.0275|0.164|0.2394|0|0.0599|0|0.1713|0.109|0|2.1656|2.2979|1.7711
un056|2011-01-01|2011-12-31|13.2745|21.546|19.2696|15.1848|17.372|0.159|0.2271|0.9453|3.854|1.7784|2.7222|7.7271|1.5714|2.9692|2.9975|4.532|86.6469|0.3861|29.0971
un076|2011-01-01|2011-12-31|7.228|30.8826|4.6872|5.5944|4.242|0.5565|2.8009|0.6576|2.747|6.498|0.1396|8.5657|0.4656|5.5387|1.199|0.528|52.6342|3.3574|26.3392
un100|2011-01-01|2011-12-31|0.973|2.052|0.6696|1.1544|0|0.159|0.3028|0.1233|3.239|2.223|0.1396|1.9767|0|0.3426|0.8175|0.044|4.849|0.4618|8.9057
un124|2011-01-01|2011-12-31|33.638|28.3176|12.2016|12.0768|14.544|0.8745|1.4383|6.9048|8.61|6.156|9.423|12.8186|6.6348|9.4786|8.7745|7.788|100.778|2.3128|76.5883
un634|2011-01-01|2011-12-31|23.491|0.1539|0.372|0.5328|0.303|0|0|1.233|0.82|0.684|0|0.2396|0|0.0571|0.436|0.748|24.8527|0|4.2177
un152|2011-01-01|2011-12-31|0.2085|17.8524|0.5952|1.8648|1.212|0.159|0.5299|0.2877|1.476|2.052|0.4188|1.2579|0|0.8565|0.8175|0|21.7329|0.6889|7.1664
un156|2011-01-01|2011-12-31|9.73|21.7512|97.6872|29.9256|6.969|0.477|7.4186|0.6576|29.725|30.3696|0.6282|9.4043|8.9628|23.2968|5.886|2.816|166.063|7.8956|111.7463
un196|2011-01-01|2011-12-31|0.139|0.1026|0.0744|1.4208|0.505|0|0|0.1644|1.148|0.4446|0.0698|0.2396|0.0582|0.1142|0.872|0.088|2.2418|0|3.1988
un170|2011-01-01|2011-12-31|8.2705|2.4624|0.5952|0.7992|0.505|0.0795|0.3785|0.1233|1.271|1.881|0.1396|0.8985|0.0582|0.4568|0.545|0|12.6323|0.458|5.3734
un191|2011-01-01|2011-12-31|0.556|0.6669|0.5208|2.0424|0.101|0.0795|0|0.6576|4.879|3.4542|0.1396|0.4792|0|0.571|0.0545|0.132|3.8871|0.0795|10.3671
un208|2011-01-01|2011-12-31|2.919|6.4125|3.8688|10.5672|4.545|0.2385|0.3785|0.4521|4.674|3.9672|1.4658|5.99|0.9312|2.0556|1.4715|4.4|28.3125|0.617|25.4074
un818|2011-01-01|2011-12-31|2.78|1.8981|0.744|4.1736|0.101|1.272|0.6813|0.2466|7.503|1.5732|0.4886|0.7787|0|0.9136|4.033|0|9.6967|1.9533|15.5367
un784|2011-01-01|2011-12-31|40.31|12.5172|2.9016|2.0424|1.313|0|0.2271|3.1647|3.813|0.4104|0|0.8985|0.0582|0.1713|2.834|0.836|59.0842|0.2271|12.1861
un703|2011-01-01|2011-12-31|1.251|1.5903|3.5712|0.9768|0.101|0.159|0|0.1233|0.697|2.9412|0.0698|0.4193|0.0582|0.5139|0.654|0.088|7.4903|0.159|5.5647
un705|2011-01-01|2011-12-31|0.3475|0.7695|1.3392|1.0656|0.202|0.0795|0|0.1644|0.984|2.907|0.0698|0.8386|0.1164|0.571|0.1635|0.088|3.7238|0.0795|5.9027
un724|2011-01-01|2011-12-31|4.587|14.4153|11.7552|21.6672|15.554|0.636|2.8766|6.1239|28.126|8.1738|3.6296|14.5557|1.6878|7.7656|4.6325|9.372|67.9787|3.5126|84.0669
un233|2011-01-01|2011-12-31|0.556|0.7182|0.5208|0.7992|0.101|0|0|0.1644|1.271|1.6074|0.0698|0.1797|0.0582|0.2284|0.109|0.044|2.6952|0|3.7319
un608|2011-01-01|2011-12-31|0.417|1.8981|2.9016|2.4864|0.202|0.159|0.0757|0.411|1.886|0.2394|0.1396|2.1564|0|0.1142|0.218|0|7.9051|0.2347|5.1646
un246|2011-01-01|2011-12-31|2.085|2.8728|3.5712|4.884|3.03|0.0795|0|0.2055|1.968|1.9152|0|4.2529|2.5026|1.713|1.1445|1.98|16.443|0.0795|15.6817
un250|2011-01-01|2011-12-31|6.811|23.1876|26.4864|25.3968|35.855|3.498|6.5102|6.4116|41.492|13.4748|8.1666|29.95|9.894|10.9061|21.4185|21.34|117.7368|10.0082|163.0536
un300|2011-01-01|2011-12-31|0.9035|2.3085|0.744|6.5712|0.909|0.2385|1.0598|1.0686|7.995|2.9412|0.698|1.3178|0.1164|1.7701|2.2345|0.748|11.4362|1.2983|18.8896
un528|2011-01-01|2011-12-31|29.9545|33.345|20.9064|20.6016|21.008|0.159|1.2869|1.6851|5.822|7.2162|2.3034|19.8868|4.4232|5.3674|2.289|9.592|125.8155|1.4459|58.5851
un348|2011-01-01|2011-12-31|0.973|2.8215|5.1336|3.3744|0.505|0.2385|0|0.3699|1.845|4.1724|6.0028|0.5391|0.1746|0.9136|1.308|0.176|12.8075|0.2385|15.5014
un356|2011-01-01|2011-12-31|13.9|18.0576|7.6632|21.5784|2.222|1.9875|3.4065|5.2197|3.075|1.1286|1.1866|4.5524|0.4074|7.1375|1.09|1.012|63.4212|5.394|24.8092
un360|2011-01-01|2011-12-31|17.097|15.1848|3.8688|2.9304|0|0.3975|2.1953|0.1233|3.731|1.8126|0.4886|2.2163|0|0.1713|0.545|0|39.081|2.5928|9.0881
un410|2011-01-01|2011-12-31|11.8845|6.3612|27.3048|15.2736|3.232|0.2385|2.3467|0.4932|4.715|10.5336|0.9772|4.0732|16.296|6.9091|4.905|1.804|64.0561|2.5852|50.7063
un368|2011-01-01|2011-12-31|18.8345|0.1539|0|0.5328|0|0|0|0.0822|0|0.7866|0|0|0|0.0571|0|0|19.5212|0|0.9259
un364|2011-01-01|2011-12-31|29.9545|2.0007|0.744|1.4208|0.101|0|0.3028|2.055|1.558|1.71|0.5584|0.2396|0.0582|2.9121|0.2725|0|34.221|0.3028|9.3638
un372|2011-01-01|2011-12-31|0.4865|3.7449|6.6216|17.0496|8.181|0|0|0.8631|3.813|2.4624|1.6752|1.7371|0.6402|1.142|1.09|1.32|36.0836|0|14.743
un352|2011-01-01|2011-12-31|0|1.1286|0.0744|0.444|0.202|0|0|0.0411|0.246|0.8892|0.0698|0.7787|0|0.1142|0.0545|0.044|1.849|0|2.2375
un376|2011-01-01|2011-12-31|0.6255|5.6943|2.4552|4.2624|1.515|0|0.3028|2.8359|1.517|1.5048|0.9772|0.3594|2.4444|2.0556|0.9265|0.22|14.5524|0.3028|12.8408
un380|2011-01-01|2011-12-31|7.5755|15.0309|24.18|17.2272|11.211|1.6695|4.2392|4.2744|23.288|10.2258|0.698|17.1314|4.074|8.7934|5.777|4.708|75.2246|5.9087|78.97
un392|2011-01-01|2011-12-31|4.7955|10.6191|45.012|24.6864|19.594|0.0795|4.9205|2.0961|4.592|8.9946|0.4188|13.4176|43.5336|12.6191|11.663|27.984|104.707|5|125.3188
un398|2011-01-01|2011-12-31|15.012|2.7702|0.4464|0.7104|0.404|0|0|2.9592|1.722|4.2408|0|0.4193|0|0.0571|0.981|0|19.343|0|10.3794
un414|2011-01-01|2011-12-31|22.3095|0.2565|0.372|1.5984|0.606|0|0|2.0139|2.788|0.6498|0|0.0599|0|0.1142|0.654|0.924|25.1424|0|7.2038
un428|2011-01-01|2011-12-31|0.139|0.8721|0.372|0.6216|0|0|0|0.3288|0.738|1.7442|0|0.4193|0|0.0571|0.1635|0.044|2.0047|0|3.4949
un440|2011-01-01|2011-12-31|1.807|1.2825|0.744|0.7104|0|0.0795|0|0.1233|0.82|2.1888|0|0.7787|0|0.3426|0.2725|0.044|4.5439|0.0795|4.5699
un442|2011-01-01|2011-12-31|0.0695|0.8721|1.0416|11.6328|3.232|0|0|0.1644|0.41|0.4446|10.0512|4.5524|0.3492|0.1142|0.1635|0.616|16.848|0|16.8655
un458|2011-01-01|2011-12-31|11.537|9.5931|8.8536|5.6832|2.323|0.2385|0.3785|2.2605|13.12|0.5814|0.9772|1.5574|0.0582|1.0278|5.341|0.044|37.9899|0.617|24.9675
un470|2011-01-01|2011-12-31|0.0695|0.0513|0.2232|0.7104|0|0|0|0|0.697|0.2394|3.2806|1.0782|0.0582|0|0|0|1.0544|0|5.3534
un484|2011-01-01|2011-12-31|15.012|9.6444|14.7312|2.664|1.515|0|0.3028|0.6987|12.423|2.4624|0.4188|2.2163|0.1746|1.5988|0.1635|0|43.5666|0.3028|20.1561
un566|2011-01-01|2011-12-31|25.993|0.9234|0.2232|0.5328|0.101|1.1925|0.2271|1.0686|0.82|2.3256|0.2792|0.0599|0|0.3997|0.654|0|27.7734|1.4196|5.607
un578|2011-01-01|2011-12-31|30.6495|5.3352|1.6368|6.9264|4.04|0.0795|0.5299|0.4521|2.542|4.3776|1.3262|4.2529|0.7566|1.6559|1.308|6.776|48.5879|0.6094|23.4473
un554|2011-01-01|2011-12-31|0.556|6.1047|0.4464|1.5984|0.404|0.0795|0.1514|0.9042|1.312|3.1464|1.3262|0.599|0.2328|1.2562|3.1065|0.528|9.1095|0.2309|12.4113
un586|2011-01-01|2011-12-31|0.417|1.2312|1.0416|1.1544|0|2.385|0.6813|4.0689|0.492|0.1368|0|0.6589|0|0.7423|0.0545|0|3.8442|3.0663|6.1534
un604|2011-01-01|2011-12-31|1.251|8.1054|0.2232|0.6216|0.101|0.0795|1.2112|0.0411|1.23|1.2996|0|0.7188|0|0.1142|0|0|10.3022|1.2907|3.4037
un616|2011-01-01|2011-12-31|2.363|7.5924|8.2584|5.6832|0.909|0.636|0.1514|0.7809|6.642|3.8646|0.2792|7.7271|0.2328|3.3118|1.526|0.572|24.806|0.7874|24.9364
un620|2011-01-01|2011-12-31|1.112|2.6163|2.3808|4.0848|1.515|0.159|0.3028|0.8631|3.608|2.5992|0.5584|6.8286|0.1164|1.5988|0.9265|1.012|11.7089|0.4618|18.111
un826|2011-01-01|2011-12-31|18.6955|15.0822|18.3024|43.6896|39.794|10.2555|6.2074|6.2061|15.129|16.0056|9.074|59.9|6.111|16.1022|32.155|19.888|135.5637|16.4629|180.5709
un203|2011-01-01|2011-12-31|2.0155|2.9754|7.3656|3.6408|0.404|0.159|0|0.4521|3.403|3.1464|0.9074|4.2529|0.2328|1.5417|2.8885|0.352|16.4013|0.159|17.1768
un642|2011-01-01|2011-12-31|0.973|2.052|2.604|1.5096|0|0.477|0.3785|0.1233|4.018|3.3858|0.349|3.7737|0|1.142|1.09|0.176|7.1386|0.8555|14.0578
un643|2011-01-01|2011-12-31|94.1725|11.5938|3.72|7.8144|10.201|4.134|15.2157|11.7957|11.89|23.0166|1.8148|16.173|0.4074|4.6251|10.682|0.704|127.5017|19.3497|81.1086
un702|2011-01-01|2011-12-31|20.711|4.7709|16.8144|19.6248|0|0|1.8168|1.8906|4.879|0.5814|1.1168|5.3311|1.3386|1.5417|4.033|0|61.9211|1.8168|20.7122
un710|2011-01-01|2011-12-31|2.641|11.6451|2.1576|2.4864|1.919|0.477|0.3028|1.8084|4.305|1.3338|0.349|1.1381|0.0582|1.3704|5.45|0.176|20.8491|0.7798|15.9889
un752|2011-01-01|2011-12-31|4.031|6.4125|7.812|11.544|7.878|0.159|0.0757|1.2741|2.624|3.1122|0.9074|17.1314|4.074|3.426|2.616|6.732|37.6775|0.2347|41.8971
un756|2011-01-01|2011-12-31|2.0155|5.4378|11.3832|14.5632|21.412|0.0795|0|1.6851|4.592|3.42|0|8.5657|5.7036|3.8257|3.161|3.432|54.8117|0.0795|34.3851
un764|2011-01-01|2011-12-31|3.5445|13.2354|9.3|5.9496|0.606|0|1.4383|1.1097|8.528|1.6416|0.4188|1.6173|0.0582|0.9136|1.5805|0.088|32.6355|1.4383|15.9557
un792|2011-01-01|2011-12-31|1.5985|5.5917|5.8776|6.0384|0.606|0.7155|1.4383|1.3563|16.769|3.762|0|4.7321|0.2328|3.8828|2.1255|1.452|19.7122|2.1538|34.3125
un804|2011-01-01|2011-12-31|1.3205|4.2579|2.1576|2.9304|0.202|0.0795|0.2271|5.0553|11.316|8.9946|0.0698|1.0183|0.1164|0.7994|2.943|0|10.8684|0.3066|30.3128
eu900|2011-01-01|2011-12-31|38.7115|63.8685|95.8272|130.2696|133.724|12.9585|26.2679|33.3321|39.401|83.619|56.538|59.9|59.1894|90.1609|57.225|111.012|462.4008|39.2264|590.3774
un862|2011-01-01|2011-12-31|21.267|0.8208|0.372|0.3552|0.505|0|0.3785|0.9864|0.287|1.5048|0|0.599|0|0.2284|0.1635|3.476|23.32|0.3785|7.2451
un704|2011-01-01|2011-12-31|2.919|5.0787|3.0504|1.332|0|0|0|0.0822|0.287|0.9234|0|1.1381|0|0.2284|0.2725|0|12.3801|0|2.9316
un276|2012-01-01|2012-12-31|12.1625|43.9641|81.2448|45.1104|33.936|1.8285|2.1953|10.3161|15.17|15.4584|4.6068|43.6671|24.3858|15.988|17.1675|23.144|216.4178|4.0238|169.9037
un024|2012-01-01|2012-12-31|24.325|0.2052|0|0.0888|0.202|0.0795|0.0757|0.0822|0.246|0.8208|0|0|0|0|0|0|24.821|0.1552|1.149
un682|2012-01-01|2012-12-31|110.644|2.0007|3.1992|2.0424|0.707|0.2385|1.2869|6.987|9.348|0.7866|2.792|3.7737|0.291|0.9707|2.8885|7.788|118.5933|1.5254|35.6255
un012|2012-01-01|2012-12-31|26.41|0.1539|0.0744|0.7104|0.101|0|0.6056|0.2466|1.271|1.9494|0|0.3594|0|0.2855|0.545|0|27.4497|0.6056|4.6569
un032|2012-01-01|2012-12-31|1.807|14.6718|1.7856|2.4864|0.707|0.2385|0.9841|1.3974|3.034|3.5568|1.6054|4.2529|0.0582|1.3704|0.2725|0|21.4578|1.2226|15.5476
un036|2012-01-01|2012-12-31|25.0895|43.9128|1.86|9.0576|9.09|0.636|1.7411|4.521|3.157|11.4228|0.9772|7.7271|2.037|7.5372|21.691|7.392|89.0099|2.3771|66.4623
un040|2012-01-01|2012-12-31|1.7375|6.5151|9.2256|10.7448|4.646|0.318|0|1.2741|12.3|0.9234|0.4188|4.7321|1.6878|2.1127|5.8315|1.672|32.869|0.318|30.9524
un050|2012-01-01|2012-12-31|0.0695|0.5643|1.5624|0.444|0|2.067|0.0757|1.0275|0.164|0.171|0|0.1198|0|0.1713|0.109|0|2.6402|2.1427|1.7626
un056|2012-01-01|2012-12-31|18.904|25.8039|21.7248|15.6288|22.22|0.159|0.2271|0.9453|4.018|2.4966|3.0014|9.4043|1.5132|3.1405|3.1065|4.488|104.2815|0.3861|32.1138
un076|2012-01-01|2012-12-31|9.7995|40.4244|5.58|6.7488|4.747|0.5565|2.8009|0.6576|2.911|6.7032|0.0698|21.2046|0.2328|5.9955|1.199|0.528|67.2997|3.3574|39.5015
un100|2012-01-01|2012-12-31|1.39|2.9241|0.8928|1.332|0|0.159|0.2271|0.1233|3.362|1.6758|0.2094|2.1564|0|0.3426|0.872|0.088|6.5389|0.3861|8.8295
un124|2012-01-01|2012-12-31|42.3255|34.371|13.392|13.32|15.756|0.318|1.5897|6.9048|8.569|6.1902|10.7492|17.1314|6.693|9.8212|8.7745|8.184|119.1645|1.9077|83.0173
un634|2012-01-01|2012-12-31|35.723|0.4617|0.4464|1.332|0.404|0|0|1.233|1.353|1.197|0|0.2995|0|0.0571|0.4905|1.408|38.3671|0|6.0381
un152|2012-01-01|2012-12-31|0.278|20.2122|0.6696|2.1312|1.616|0.159|0.9084|0.2877|1.681|1.4706|0.4188|2.4559|0|0.9707|0.218|0|24.907|1.0674|7.5027
un156|2012-01-01|2012-12-31|11.815|27.4968|117.18|31.968|8.585|0.318|7.3429|0.6576|30.75|26.334|0.6282|11.9201|4.1322|27.1796|6.5945|2.816|197.0448|7.6609|111.0122
un196|2012-01-01|2012-12-31|0.2085|0.1026|0.0744|1.5096|0.202|0|0|0.1644|1.271|0.7524|0.0698|0.2995|0.0582|0.1142|0.763|0.044|2.0971|0|3.5365
un170|2012-01-01|2012-12-31|13.344|3.078|0.6696|0.888|0.707|0.0795|0.3785|0.1233|1.107|4.4802|0.2094|1.5574|0|0.5139|0.545|0|18.6866|0.458|8.5362
un191|2012-01-01|2012-12-31|0.556|0.8208|0.5952|2.22|0.101|0.0795|0|0.6576|5.289|3.7278|0.0698|0.5391|0|0.6281|0.0545|0.044|4.293|0.0795|11.0099
un208|2012-01-01|2012-12-31|3.753|7.2846|4.5384|11.4552|5.454|0.2385|0.2271|0.4521|4.182|4.1382|1.1168|6.8286|0.6984|2.284|1.4715|4.444|32.4852|0.4656|25.6156
un818|2012-01-01|2012-12-31|3.336|2.2572|0.8184|3.3744|0.101|0.8745|0.6813|0.2466|5.084|1.71|0.5584|1.0183|0|1.142|4.033|0|9.887|1.5558|13.7923
un784|2012-01-01|2012-12-31|49.2755|16.8264|3.4224|2.22|1.313|0|0.0757|3.1647|3.813|0.684|0|1.3178|0.0582|0.2284|3.27|1.188|73.0573|0.0757|13.7241
un703|2012-01-01|2012-12-31|2.1545|2.052|4.3152|1.1544|0.101|0.159|0|0.1233|0.779|2.2572|0.0698|0.4193|0.0582|0.5139|0.7085|0.132|9.7771|0.159|5.0612
un705|2012-01-01|2012-12-31|0.6255|0.9234|1.5624|1.1544|0.202|0.0795|0|0.1644|1.107|2.2572|0.0698|0.8386|0.0582|0.6281|0.1635|0.088|4.4677|0.0795|5.3748
un724|2012-01-01|2012-12-31|4.726|17.5446|14.4336|24.6864|15.049|0.636|2.8766|6.1239|30.012|7.9344|4.8162|17.1913|0.9894|8.4508|5.1775|6.644|76.4396|3.5126|87.3395
un233|2012-01-01|2012-12-31|0.9035|0.9234|0.8184|0.9768|0.101|0.0795|0|0.1644|1.435|1.368|0.0698|0.2396|0.0582|0.2284|0.109|0.044|3.7231|0.0795|3.7164
un608|2012-01-01|2012-12-31|0.4865|2.5137|1.86|2.664|0.202|0.159|0.0757|0.411|2.091|0.3078|0.1396|2.9351|0|0.1713|0.218|0|7.7262|0.2347|6.2738
un246|2012-01-01|2012-12-31|2.7105|3.3345|3.8688|4.7952|3.232|0.0795|0|0.2055|2.255|1.6758|0.2792|4.8519|1.3968|1.7701|1.308|2.112|17.941|0.0795|15.8543
un250|2012-01-01|2012-12-31|9.73|28.2663|29.3136|29.304|32.32|3.2595|6.1317|6.4116|43.501|11.6622|9.423|33.7836|5.82|11.2487|22.127|21.428|128.9339|9.3912|165.4051
un300|2012-01-01|2012-12-31|3.475|2.6676|0.8184|6.66|1.01|0.318|1.0598|1.0686|8.774|2.4966|0.698|2.5757|0.0582|1.8272|2.2345|0.616|14.631|1.3778|20.3488
un528|2012-01-01|2012-12-31|42.673|42.1686|25.7424|23.7984|22.22|0.0795|1.2869|1.6851|6.027|7.9002|2.6524|21.3843|3.201|5.6529|3.161|9.724|156.6024|1.3664|61.3879
un348|2012-01-01|2012-12-31|1.39|3.591|6.0264|3.8184|0.606|0.2385|0|0.3699|2.05|6.6348|6.1424|0.599|0.0582|0.9707|1.3625|0.22|15.4318|0.2385|18.4075
un356|2012-01-01|2012-12-31|20.6415|22.8798|10.044|23.976|2.626|1.8285|3.2551|5.2197|3.362|1.9152|0.698|6.7687|0.4074|7.8227|2.289|1.012|80.1673|5.0836|29.4947
un360|2012-01-01|2012-12-31|25.159|19.1349|4.5384|3.552|0.202|0.3975|2.5738|0.1233|4.1|0.855|0.4886|2.6955|0|0.2284|0.545|0|52.5863|2.9713|9.0358
un368|2012-01-01|2012-12-31|30.0935|0.1026|0|0.5328|0|0|0|0.0822|0|0.7182|0|0|0|0.0571|0|0|30.7289|0|0.8575
un364|2012-01-01|2012-12-31|37.3215|2.3598|0.8184|1.4208|0.101|0|0.4542|2.055|1.804|4.4802|0.5584|0.4792|0.0582|3.6544|0.3815|0|42.0215|0.4542|13.4709
un372|2012-01-01|2012-12-31|0.695|4.4118|7.3656|19.1808|7.676|0.159|0|0.8631|4.059|2.5992|1.8148|2.0366|0.582|1.2562|1.744|1.364|39.3292|0.159|16.3189
un352|2012-01-01|2012-12-31|0.0695|1.2825|0.0744|0.5328|1.111|0|0|0.0411|0.287|0.7182|0.0698|0.7787|0.0582|0.1142|0.109|0.044|3.0702|0|2.2202
un376|2012-01-01|2012-12-31|0.695|7.0281|2.7528|4.7064|1.717|0|0.4542|2.8359|1.517|0.855|0.9772|1.7371|2.1534|2.0556|0.9265|0.308|16.8993|0.4542|13.3657
un380|2012-01-01|2012-12-31|9.035|18.5706|27.9744|18.648|12.019|1.59|4.2392|4.2744|24.641|10.2942|0.349|17.97|2.7354|9.1931|6.0495|6.864|86.247|5.8292|82.3706
un392|2012-01-01|2012-12-31|5.977|12.3633|47.988|25.3968|22.725|0.0795|7.0401|2.0961|3.321|12.6198|0.4886|20.0066|27.4704|12.9046|12.4805|29.656|114.4501|7.1196|121.0436
un410|2012-01-01|2012-12-31|19.3905|8.2593|31.3968|16.6056|3.737|0.2385|2.7252|0.4932|5.248|9.405|1.396|5.9301|13.386|7.5943|5.1775|1.804|79.3892|2.9637|50.4341
un398|2012-01-01|2012-12-31|23.213|4.2066|0.6696|0.7992|0.505|0|0|2.9592|2.378|0.3762|0|1.3777|0|0.0571|0.872|0|29.3934|0|8.0202
un414|2012-01-01|2012-12-31|32.8735|0.3591|0.4464|1.776|0.606|0|0|2.0139|2.993|0.8208|0|0.0599|0.0582|0.1142|0.654|0.748|36.061|0|7.462
un428|2012-01-01|2012-12-31|0.3475|1.0773|0.4464|0.7992|0|0.0795|0|0.3288|0.779|1.197|0.0698|0.599|0|0.1142|0.1635|0.044|2.6704|0.0795|3.2953
un440|2012-01-01|2012-12-31|2.641|1.6416|0.9672|0.888|0|0.0795|0|0.1233|0.943|1.9836|0|1.2579|0|0.3426|0.2725|0.088|6.1378|0.0795|5.0109
un442|2012-01-01|2012-12-31|0.0695|1.0773|1.116|12.7872|3.03|0|0|0.1644|0.451|0.3078|14.0298|9.0449|0.291|0.1142|0.1635|0.616|18.08|0|25.1826
un458|2012-01-01|2012-12-31|14.734|12.9789|9.3|6.1272|2.525|0.2385|0.4542|2.2605|13.202|0.8208|0.9772|1.6173|0.0582|1.3704|5.341|0.044|45.6651|0.6927|25.6914
un470|2012-01-01|2012-12-31|0.0695|0.0513|0.2232|0.7992|0|0|0|0|0.738|0.342|3.2806|1.1381|0.0582|0|0.0545|0.044|1.1432|0|5.6554
un484|2012-01-01|2012-12-31|20.3635|12.825|16.368|2.664|2.626|0|0.3028|0.6987|12.505|3.8988|0.4188|4.5524|0.1164|1.7701|0.1635|0|54.8465|0.3028|24.1237
un566|2012-01-01|2012-12-31|37.1825|1.3851|0.2232|0.6216|0.101|1.1925|0.0757|1.0686|0.369|1.0944|0.2792|0.1198|0|0.3997|0.654|0|39.5134|1.2682|3.9847
un578|2012-01-01|2012-12-31|39.476|6.0021|1.6368|7.3704|4.848|0.159|0.5299|0.4521|2.665|2.6676|1.5356|5.99|0.4074|1.8272|1.3625|7.04|59.3333|0.6889|23.9474
un554|2012-01-01|2012-12-31|0.695|7.4898|0.5208|1.776|0.404|0.0795|0.1514|0.9042|1.353|4.5144|1.5356|0.7787|0.1746|1.3704|3.379|0.616|10.8856|0.2309|14.6259
un586|2012-01-01|2012-12-31|0.4865|1.6929|1.1904|0.888|0|1.9875|0.757|4.0689|0.492|0.0684|0|1.1381|0|0.9707|0.0545|0|4.2578|2.7445|6.7926
un604|2012-01-01|2012-12-31|1.807|10.3113|0.2976|0.7992|0.101|0.0795|1.1355|0.0411|1.394|1.1286|0|0.8386|0|0.1142|0|0|13.3161|1.215|3.5165
un616|2012-01-01|2012-12-31|3.336|9.2853|9.4488|6.4824|1.212|0.795|0.1514|0.7809|7.134|3.933|0.5584|8.5657|0.2328|3.5402|1.6895|0.616|29.7645|0.9464|27.0505
un620|2012-01-01|2012-12-31|1.4595|3.1293|2.9016|4.6176|1.616|0.159|0.3028|0.8631|3.895|2.4282|0.5584|6.8286|0.0582|1.8272|0.9265|1.1|13.724|0.4618|18.4852
un826|2012-01-01|2012-12-31|23.5605|18.981|20.7576|48.4848|40.804|7.7115|4.7691|6.2061|15.662|21.033|10.3304|72.7186|3.6666|16.7874|34.662|21.032|152.5879|12.4806|202.0981
un203|2012-01-01|2012-12-31|2.502|3.7449|9.3|3.996|0.404|0.159|0|0.4521|3.567|4.3434|1.1168|5.99|0.1746|1.6559|3.161|0.352|19.9469|0.159|20.8128
un642|2012-01-01|2012-12-31|1.251|2.6676|3.1992|1.776|0|0.477|0.3785|0.1233|4.059|3.933|0.2792|10.183|0|1.142|1.308|0.264|8.8938|0.8555|21.2915
un643|2012-01-01|2012-12-31|103.2075|14.364|4.3152|9.4128|8.484|7.632|14.9886|11.7957|13.325|25.821|1.5356|19.1081|0.2328|4.8535|10.682|0.704|139.7835|22.6206|88.0577
un702|2012-01-01|2012-12-31|29.607|5.0274|18.4512|22.5552|0|0|1.8168|1.8906|5.535|0.855|1.3262|10.8419|1.0476|1.6559|3.9785|0|75.6408|1.8168|27.1307
un710|2012-01-01|2012-12-31|2.919|12.8763|2.1576|2.5752|1.717|0.477|0.3028|1.8084|4.469|2.5308|0.349|1.7371|0.0582|1.5988|5.8315|0.176|22.2451|0.7798|18.5588
un752|2012-01-01|2012-12-31|5.004|7.3872|9.1512|13.32|8.484|0.159|0.0757|1.2741|2.665|3.933|1.1866|17.97|2.5026|3.5973|2.9975|8.316|43.3464|0.2347|44.4421
un756|2012-01-01|2012-12-31|2.641|6.5664|13.2432|16.872|23.331|0.0795|0|1.6851|4.551|3.0438|0|9.4043|5.1798|4.1112|3.4335|4.576|62.6536|0.0795|35.9847
un764|2012-01-01|2012-12-31|4.726|16.9803|10.416|7.1928|0.808|0.2385|1.4383|1.1097|10.291|1.2996|0.4188|3.1148|0|1.0278|1.6895|0.088|40.1231|1.6768|19.0392
un792|2012-01-01|2012-12-31|2.363|6.3612|6.9192|6.66|0.606|0.7155|1.4383|1.3563|18.163|2.6334|0|8.985|0.1746|3.997|2.5615|1.892|22.9094|2.1538|39.7628
un804|2012-01-01|2012-12-31|2.085|5.643|2.8272|3.2856|0.202|0.0795|0.2271|5.0553|11.439|6.9084|0.1396|1.1381|0.1164|0.9136|3.2155|0|14.0428|0.3066|28.9259
eu900|2012-01-01|2012-12-31|47.816|80.4384|104.3088|137.0184|151.904|13.356|24.224|32.88|44.649|88.1334|44.9512|72.7186|59.1894|94.9002|63.111|108.9|521.4856|37.58|609.4328
un862|2012-01-01|2012-12-31|28.495|0.6669|0.744|0.3552|0.505|0|0.4542|0.9864|0.328|1.2996|0|0.8386|0|0.1713|0.1635|3.476|30.7661|0.4542|7.2634
un704|2012-01-01|2012-12-31|4.031|6.669|4.092|1.5096|0|0|0.0757|0.0822|3.198|0.4446|0|2.6356|0|0.2284|0.327|0|16.3016|0.0757|6.9158
un276|2013-01-01|2013-12-31|14.039|40.7322|76.9296|45.732|36.461|1.5105|2.0439|10.3161|16.236|15.1848|4.449947890678|43.6671|24.3858|16.559|17.1675|21.604|213.8938|3.5544|169.570247890678
un024|2013-01-01|2013-12-31|26.6185|0.3078|0|0.0888|0.202|0|0.0757|0.0822|0.287|0.7182|0|0|0|0|0|0|27.2171|0.0757|1.0874
un682|2013-01-01|2013-12-31|120.4435|2.3085|3.348|1.9536|0.808|0.2385|1.3626|6.987|7.626|0.9918|2.792|3.7737|0.291|1.2562|3.815|2.112|128.8616|1.6011|29.6447
un012|2013-01-01|2013-12-31|25.854|0.1539|0.0744|0.6216|0|0|0.9841|0.2466|1.394|1.7442|0|0.3594|0|0.3426|0.5995|0|26.7039|0.9841|4.6863
un032|2013-01-01|2013-12-31|1.807|14.0562|1.6368|2.664|0.808|0.2385|0.9084|1.3974|2.993|3.4542|1.62792362938|4.2529|0.0582|1.3704|0.2725|0|20.972|1.1469|15.42652362938
un036|2013-01-01|2013-12-31|26.6185|41.0913|2.0832|9.2352|9.999|0.636|1.6654|4.521|3.28|11.2176|0.967669770448|7.7271|2.037|8.1082|21.691|8.184|89.0272|2.3014|67.733569770448
un040|2013-01-01|2013-12-31|2.1545|6.0021|8.3328|10.7448|5.05|0.318|0|1.2741|12.915|1.197|0.4188|4.7321|1.6878|2.2269|5.8315|1.672|32.2842|0.318|31.9552
un050|2013-01-01|2013-12-31|0.0695|0.5643|1.6368|0.3552|0|1.6695|0.0757|1.0275|0.164|0.2052|0|0.1198|0|0.2284|0.109|0|2.6258|1.7452|1.8539
un056|2013-01-01|2013-12-31|18.8345|24.2649|20.088|16.872|24.442|0.0795|0.2271|0.9453|4.059|2.8728|2.867983221832|9.4043|1.5132|3.2547|3.1065|3.52|104.5014|0.3066|31.543783221832
un076|2013-01-01|2013-12-31|9.6605|37.0899|5.4312|6.9264|5.454|0.5565|2.8009|0.6576|3.034|6.9426|0.0636181331256|21.2046|0.2328|6.2239|1.199|0.528|64.562|3.3574|40.0861181331256
un100|2013-01-01|2013-12-31|1.5985|2.6163|0.8184|1.2432|0|0.159|0.2271|0.1233|3.485|1.4706|0.2094|2.1564|0|0.3997|0.872|0.044|6.2764|0.3861|8.7604
un124|2013-01-01|2013-12-31|42.3255|33.0372|13.8384|13.8528|16.867|0.318|2.1196|6.9048|8.733|5.7456|10.7492|17.1314|6.693|10.1638|8.7745|8.448|119.9209|2.4376|83.3433
un634|2013-01-01|2013-12-31|44.4105|0.513|0.5952|1.776|0.505|0|0.0757|1.233|1.353|1.1628|0|0.2995|0|0.1142|0.5995|1.232|47.7997|0.0757|5.994
un152|2013-01-01|2013-12-31|0.278|19.3914|0.6696|2.22|2.323|0.159|0.9084|0.2877|1.886|1.8468|0.4188|2.4559|0|1.0278|0.218|0|24.882|1.0674|8.141
un156|2013-01-01|2013-12-31|11.3285|27.3429|127.2984|33.3888|12.019|0.477|8.4027|0.6576|30.832|26.2656|0.6347609674962|11.9201|4.1322|31.2337|6.5945|2.816|211.3776|8.8797|115.086460967496
un196|2013-01-01|2013-12-31|0.278|0.1026|0.0744|1.4208|0.202|0|0|0.1644|1.312|0.7182|0.0698|0.2995|0.0582|0.1713|0.763|0.044|2.0778|0|3.6004
un170|2013-01-01|2013-12-31|14.456|3.1293|0.6696|0.888|0.707|0.0795|0.3785|0.1233|1.148|4.5144|0.1359656890584|1.5574|0|0.571|0.545|0|19.8499|0.458|8.5950656890584
un191|2013-01-01|2013-12-31|0.6255|0.8721|0.5208|2.1312|0.101|0.0795|0|0.6576|5.535|3.5226|0.1002619755624|0.5391|0|0.6281|0.0545|0.044|4.2506|0.0795|11.0811619755624
un208|2013-01-01|2013-12-31|3.9615|7.2846|4.464|11.3664|5.454|0.2385|0.3785|0.4521|4.305|4.1382|1.1168|6.8286|0.6984|2.4553|1.4715|4.18|32.5305|0.617|25.6459
un818|2013-01-01|2013-12-31|3.9615|2.0007|0.744|3.8184|0.101|0.8745|0.6813|0.2466|5.986|1.8468|0.5584|1.0183|0|1.1991|4.033|0|10.6256|1.5558|14.8882
un784|2013-01-01|2013-12-31|68.944|18.8784|4.6128|2.664|1.414|0|0.1514|3.1647|3.813|0.9234|0|1.3178|0.0582|0.2284|3.5425|1.716|96.5132|0.1514|14.764
un703|2013-01-01|2013-12-31|1.7375|2.3598|4.464|1.2432|0.101|0.159|0|0.1233|0.82|2.1888|0.0698|0.4193|0.0582|0.5139|0.7085|0.132|9.9055|0.159|5.0338
un705|2013-01-01|2013-12-31|0.6255|0.8208|1.488|1.1544|0.202|0.0795|0|0.1644|1.148|2.565|0.0698|0.8386|0.0582|0.6281|0.1635|0.088|4.2907|0.0795|5.7236
un724|2013-01-01|2013-12-31|7.7145|17.7498|12.648|23.8872|14.746|0.5565|2.9523|6.1239|30.832|7.695|5.328801257688|17.1913|0.9894|8.9647|5.1775|3.168|76.7455|3.5088|85.470601257688
un233|2013-01-01|2013-12-31|0.7645|0.8208|0.6696|0.9768|0.101|0|0|0.1644|1.476|1.2312|0.0861358233632|0.2396|0.0582|0.2855|0.109|0.044|3.3327|0|3.6940358233632
un608|2013-01-01|2013-12-31|0.4865|2.3598|2.8272|3.1968|0.202|0.159|0.0757|0.411|2.296|0.4104|0.2375697009146|2.9351|0|0.1713|0.218|0|9.0723|0.2347|6.6793697009146
un246|2013-01-01|2013-12-31|2.919|3.2319|3.4968|5.1504|3.333|0.0795|0|0.2055|2.255|1.8468|0.2792|4.8519|1.3968|1.8272|1.308|1.98|18.1311|0.0795|15.9504
un250|2013-01-01|2013-12-31|9.1045|26.5221|28.1976|36.9408|35.249|2.6235|6.3588|6.4116|43.501|11.5254|9.423|33.7836|5.82|11.4771|22.127|20.108|136.014|8.9823|164.1767
un300|2013-01-01|2013-12-31|5.004|2.7702|0.744|5.9496|1.01|0.318|0.9841|1.0686|8.282|2.4966|0.698|2.5757|0.0582|1.8272|2.2345|0.484|15.4778|1.3021|19.7248
un528|2013-01-01|2013-12-31|45.6615|38.1672|23.3616|23.3544|23.028|0.159|1.2869|1.6851|6.027|7.8318|2.680929892158|21.3843|3.201|5.9955|3.161|8.36|153.5727|1.4459|60.326629892158
un348|2013-01-01|2013-12-31|1.39|3.6423|5.5056|3.552|0.808|0.2385|0|0.3699|2.214|6.4638|5.682693014792|0.599|0.0582|1.0278|1.3625|0.176|14.8979|0.2385|17.953893014792
un356|2013-01-01|2013-12-31|19.877|21.6999|10.416|24.6864|2.828|1.749|3.5579|5.2197|3.362|2.0178|1.458992359234|6.7687|0.4074|8.0511|2.289|1.012|79.5073|5.3069|30.586692359234
un360|2013-01-01|2013-12-31|23.1435|17.0316|4.464|4.0848|0.303|0.477|2.4981|0.1233|4.305|0.8208|0.4886|2.6955|0|0.2284|0.545|0|49.0269|2.9751|9.2066
un368|2013-01-01|2013-12-31|34.1245|0.1539|0|0.5328|0|0|0.0757|0.0822|0|0.5472|0.0156694909252|0|0|0.0571|0|0|34.8112|0.0757|0.7021694909252
un364|2013-01-01|2013-12-31|28.078|1.9494|0.744|1.4208|0.101|0|0.3785|2.055|2.05|4.788|0.5584|0.4792|0.0582|4.0541|0.3815|0|32.2932|0.3785|14.4244
un372|2013-01-01|2013-12-31|0.834|4.104|6.6216|20.2464|8.383|0.0795|0|0.8631|4.059|2.4282|1.352176523002|2.0366|0.582|1.2562|1.744|1.188|40.189|0.0795|15.509276523002
un352|2013-01-01|2013-12-31|0.0695|1.2312|0.0744|0.5328|0.202|0|0|0.0411|0.369|1.1286|0.0698|0.7787|0.0582|0.1713|0.109|0.044|2.1099|0|2.7697
un376|2013-01-01|2013-12-31|0.417|6.0534|2.7528|5.1504|1.717|0|0.3785|2.8359|1.558|0.9918|0.9772|1.7371|2.1534|2.1127|0.9265|0.308|16.0906|0.3785|13.6006
un380|2013-01-01|2013-12-31|10.981|18.4167|26.412|18.204|13.332|1.5105|4.3149|4.2744|24.764|10.1916|0.349|17.97|2.7354|9.6499|6.0495|4.224|87.3457|5.8254|80.2078
un392|2013-01-01|2013-12-31|4.9345|11.6451|47.0208|25.3968|24.846|0.159|7.0401|2.0961|4.469|12.2094|0.4886|20.0066|27.4704|12.9046|12.4805|27.676|113.8432|7.1991|119.8012
un398|2013-01-01|2013-12-31|23.5605|4.7196|0.744|0.888|0.505|0|0|2.9592|2.583|0.4104|0.004448113539|1.3777|0|0.0571|0.763|0|30.4171|0|8.154848113539
un414|2013-01-01|2013-12-31|38.225|0.4104|0.5208|1.776|0.606|0|0|2.0139|3.075|0.855|0|0.0599|0.0582|0.1142|0.654|0.66|41.5382|0|7.4902
un428|2013-01-01|2013-12-31|0.3475|1.1799|0.4464|0.7992|0|0|0|0.3288|0.779|1.0944|0.0698|0.599|0|0.1142|0.1635|0.044|2.773|0|3.1927
un440|2013-01-01|2013-12-31|2.641|1.8468|1.0416|1.0656|0.101|0.0795|0|0.1233|0.943|2.052|0.0087384959696|1.2579|0|0.3426|0.2725|0.088|6.696|0.0795|5.0880384959696
un442|2013-01-01|2013-12-31|0.0695|0.9234|1.0416|12.2544|4.04|0|0|0.1644|0.492|0.4446|14.93240141054|9.0449|0.291|0.1142|0.1635|0.616|18.3289|0|26.26300141054
un458|2013-01-01|2013-12-31|16.8885|11.5425|9.3|6.5712|2.828|0.2385|0.4542|2.2605|13.366|0.855|0.9772|1.6173|0.0582|1.4275|5.341|0.044|47.1302|0.6927|25.9467
un470|2013-01-01|2013-12-31|0.6255|0.0513|0.1488|0.888|0|0|0|0|0.738|0.3762|3.2806|1.1381|0.0582|0.0571|0.0545|0.044|1.7136|0|5.7467
un410|2013-01-01|2013-12-31|20.989|7.9002|30.6528|19.3584|4.646|0.2385|3.1037|0.4932|5.248|9.1998|1.813617206194|5.9301|13.386|8.1653|5.1775|1.789659124|83.5464|3.3422|51.203176330194
un484|2013-01-01|2013-12-31|19.1125|12.9276|17.856|2.8416|3.232|0|0.3028|0.6987|12.505|3.6594|0.404373959011|4.5524|0.1164|1.8272|0.1635|0|55.9697|0.3028|23.926973959011
un566|2013-01-01|2013-12-31|44.063|1.1286|0.1488|0.5328|0.202|1.272|0.0757|1.0686|0.369|1.2996|0.2792|0.1198|0|0.3426|0.654|0|46.0752|1.3477|4.1328
un578|2013-01-01|2013-12-31|41.0745|5.5404|1.6368|7.6368|5.05|0.0795|0.5299|0.4521|2.665|2.223|1.5356|5.99|0.4074|1.8843|1.3625|7.04|60.9385|0.6094|23.5599
un554|2013-01-01|2013-12-31|0.6255|7.4385|0.5208|1.776|0.404|0.0795|0.1514|0.9042|1.312|4.4802|1.5356|0.7787|0.1746|1.4275|3.379|0.616|10.7648|0.2309|14.6078
un586|2013-01-01|2013-12-31|0.139|1.5903|1.1904|1.1544|0|1.9875|0.8327|4.0689|0.492|0.171|0.0076831052418|1.1381|0|0.9707|0.0545|0|4.0741|2.8202|6.9028831052418
un604|2013-01-01|2013-12-31|2.1545|9.6957|0.372|0.888|0.101|0.0795|1.1355|0.0411|1.517|1.2654|0|0.8386|0|0.1142|0|0|13.2112|1.215|3.7763
un616|2013-01-01|2013-12-31|3.2665|9.5931|9.0768|6.5712|1.313|1.6695|0.1514|0.7809|7.134|3.762|0.5584|8.5657|0.2328|3.7686|1.6895|0.66|29.8206|1.8209|27.1519
un620|2013-01-01|2013-12-31|1.7375|3.078|2.8272|4.2624|1.717|0.0795|0.3028|0.8631|4.018|2.4282|0.5584|6.8286|0.0582|1.9985|0.9265|0.924|13.6221|0.3823|18.6035
un826|2013-01-01|2013-12-31|24.047|18.5706|20.46|49.5504|42.622|7.3935|4.9205|6.2061|15.662|20.7936|10.3304|72.7186|3.6666|17.3013|34.662|21.164|155.25|12.314|202.5046
un203|2013-01-01|2013-12-31|2.224|3.8475|8.8536|3.8184|0.404|0.0795|0|0.4521|3.813|4.3092|1.092033217094|5.99|0.1746|1.713|3.161|0.308|19.1475|0.0795|21.012933217094
un642|2013-01-01|2013-12-31|1.1815|2.4624|2.976|1.6872|0|0.477|0.3785|0.1233|4.059|3.9672|0.2792|10.183|0|1.1991|1.308|0.22|8.3071|0.8555|21.3388
un643|2013-01-01|2013-12-31|134.83|13.338|4.9104|10.3008|9.696|7.314|14.7615|11.7957|15.047|25.4106|1.585803026686|19.1081|0.2328|4.6822|10.682|0.704|173.0752|22.0755|89.248203026686
un702|2013-01-01|2013-12-31|27.5915|5.0274|18.6744|19.6248|9.494|0|1.9682|1.8906|5.535|0.855|1.3262|10.8419|1.0476|1.8272|4.36|0|80.4121|1.9682|27.6835
un710|2013-01-01|2013-12-31|2.8495|10.4139|1.86|2.664|1.919|0.477|0.3028|1.8084|4.92|2.7702|0.349|1.7371|0.0582|1.6559|5.8315|0.22|19.7064|0.7798|19.3503
un752|2013-01-01|2013-12-31|5.9075|7.182|8.184|13.32|9.595|0.159|0.0757|1.2741|2.624|3.762|1.1866|17.97|2.5026|3.8257|2.9975|7.788|44.1885|0.2347|43.9305
un756|2013-01-01|2013-12-31|2.7105|6.3612|12.7968|16.1616|26.563|0.0795|0|1.6851|4.592|3.1806|0|9.4043|5.1798|4.3396|3.4335|4.576|64.5931|0.0795|36.3909
un764|2013-01-01|2013-12-31|5.4905|15.5952|10.6392|8.6136|1.212|0.2385|1.4383|1.1097|11.931|1.1628|0.4188|3.1148|0|1.0278|1.6895|0.044|41.5505|1.6768|20.4984
un792|2013-01-01|2013-12-31|2.7105|10.1061|7.1424|7.4592|0.707|0.5565|1.514|1.3563|18.163|2.7018|0|8.985|0.1746|4.1683|2.5615|3.74|28.1252|2.0705|41.8505
un804|2013-01-01|2013-12-31|1.3205|6.8742|2.6784|3.3744|0.202|0.159|0.2271|5.0553|12.3|7.4556|0.1870229560644|1.1381|0.1164|0.8565|3.597|0|14.4495|0.3861|30.7059229560644
eu900|2013-01-01|2013-12-31|60.5345|80.3871|115.1712|152.4696|161.297|13.038|24.7539|32.5101|49.2|89.9118|56.189|88.2926|59.1663884766|99.6395|62.348|102.74|569.8594|37.7919|639.9973884766
un862|2013-01-01|2013-12-31|28.773|0.9747|0.8928|0.3552|0.505|0|0.4542|0.9864|0.328|1.5732|0.035382721444|0.8386|0|0.1713|0.1635|3.476|31.5007|0.4542|7.572382721444
un704|2013-01-01|2013-12-31|6.0465|7.7463|4.6872|1.6872|0|0|0.0757|0.0822|3.649|0.3078|0|2.6356|0|0.2855|0.327|0|20.1672|0.0757|7.2871
un840|1990-01-01|1990-12-31|4.5175|25.2909|18.1536|25.8408|17.271|118.2165|92.8839|22.3173|9.184|16.416|9.9116|0|21.5922|38.6567|33.6265|18.304|91.0738|211.1004|170.0083
un840|1995-01-01|1995-12-31|3.8225|29.6514|29.9832|38.2728|32.118|62.2485|76.9112|27.3726|23.247|20.4174|23.9414|0|24.5022|43.6815|37.4415|12.276|133.8479|139.1597|212.8796
un840|2000-01-01|2000-12-31|4.865|27.8046|42.7056|50.5272|63.428|76.161|82.4373|33.4143|27.347|16.5186|43.3458|0.9584|46.0944|45.0519|39.1855|16.104|189.3304|158.5983|268.0199
un840|2005-01-01|2005-12-31|9.6605|34.9866|48.1368|65.8008|85.749|111.936|73.3533|37.6887|26.281|25.65|50.8144|12.4592|63.729|50.5335|48.6685|42.636|244.3337|185.2893|358.4603
un840|2010-01-01|2010-12-31|20.016|51.3|47.616|88.8|101|79.5|75.7|41.1|29.356|34.2|69.8|59.9|58.2|57.1|54.5|44|308.732|155.2|448.156
un840|2011-01-01|2011-12-31|29.5375|64.1763|56.9904|96.1704|114.13|69.642|62.3768|41.1|31.939|33.7896|73.639|77.0314|58.2|58.5846|56.5165|46.244|361.0046|132.0188|477.0441
un840|2012-01-01|2012-12-31|47.26|79.9254|63.0912|104.6952|106.05|73.935|64.345|41.1|33.497|31.6692|73.639|98.4157|44.523|60.6973|58.533|47.476|401.0218|138.28|489.5502
un840|2013-01-01|2013-12-31|50.179|79.8741|65.9184|111.7992|122.311|58.194|64.1179|41.1|35.752|32.0796|73.639|98.4157|44.523|61.7822|58.533|46.596|430.0817|122.3119|492.4205
un410|2005-01-01|2005-12-31|5.7685|2.9754|17.112|8.7024|0.909|0.0795|1.2112|0.5343|3.198|8.2764|0.6282|0.4193|18.624|4.3967|1.2535|1.144|35.4673|1.2907|38.4744
