id_master_country|date_in|date_out|global_quota|economic_quota|military_quota|soft_quota
un276|1990-01-01|1990-12-01|7.85973952674167|8.62702603082625|0.390181224928445|11.6313357401792
un024|1990-01-01|1990-12-01|0.0975559670804896|0.247278338854968|0.053634040162936|0.0262129692103147
un682|1990-01-01|1990-12-01|1.45029750726979|2.61602386101094|0.255118493222445|1.38208020822153
un012|1990-01-01|1990-12-01|0.30568621569153|0.713246018050853|0.0450209105686667|0.192066316865877
un032|1990-01-01|1990-12-01|0.556328420703653|0.555534655027207|0.422415454687237|0.633315343323766
un036|1990-01-01|1990-12-01|1.40010870752537|2.16730012792901|0.219970784363417|1.57997134351586
un040|1990-01-01|1990-12-01|1.20502418605423|1.3637972727937|0.045539552383214|1.76493356562808
un050|1990-01-01|1990-12-01|0.0805397036136183|0.0420056537163964|0.0457295135621816|0.125236490225006
un056|1990-01-01|1990-12-01|1.7795593921004|3.3593047074458|1.15230036188846|1.12036949714873
un076|1990-01-01|1990-12-01|0.759208996515794|1.18847923166845|0.676589143918328|0.529927740274169
un100|1990-01-01|1990-12-01|0.50711703276047|0.0733222550183177|0.0300139403791112|1.05896172691384
un124|1990-01-01|1990-12-01|2.94719885641795|4.44149819793076|0.75679600011932|3.23572727945657
un634|1990-01-01|1990-12-01|0.225940107441902|0.187885386149683|0.465216075876223|0.113801645442329
un152|1990-01-01|1990-12-01|0.281452553406854|0.426874783909757|0.302832095166468|0.175586287283944
un156|1990-01-01|1990-12-01|1.4414308227972|1.60717099396083|1.15671770958497|1.49728411201371
un196|1990-01-01|1990-12-01|0.0897185842865304|0.0744095402173248|0|0.150815069542853
un170|1990-01-01|1990-12-01|0.211036613941159|0.33990421728141|0.129235773505526|0.174756863165477
un410|1990-01-01|1990-12-01|0.957805786813728|1.23012782848202|0.480223046065779|1.05516181341254
un208|1990-01-01|1990-12-01|0.710374224282635|1.32091843919126|0.0627359854065352|0.6870201600682
un818|1990-01-01|1990-12-01|0.256144485619793|0.267527793135684|0.105048791326889|0.335101771922893
un784|1990-01-01|1990-12-01|0.126645297761478|0.0508164658358069|0.0150069701895556|0.239236568883215
un705|1990-01-01|1990-12-01|0.117176526420378|0.28832689269871|0|0.0738678079970933
un724|1990-01-01|1990-12-01|2.07824899796752|1.9256578466386|0.483246418838107|3.08740509314465
un840|1990-01-01|1990-12-01|23.5387896255802|15.2231327312675|41.6404247852084|18.5567720148056
un608|1990-01-01|1990-12-01|0.143971135393159|0.251473117415425|0.0300139403791112|0.139815569222909
un246|1990-01-01|1990-12-01|0.430487579058497|0.662930404438213|0.0470039985698114|0.499788503460922
un250|1990-01-01|1990-12-01|6.61148235580492|6.62025789132816|3.99249123882333|8.10149765304687
un300|1990-01-01|1990-12-01|0.579538289617294|0.444741503358623|0.481795385163074|0.722171403475156
un528|1990-01-01|1990-12-01|2.27513333783161|4.88385443835966|0.471445779934974|1.62508990820989
un348|1990-01-01|1990-12-01|0.926167395308242|0.325759729062746|0.0303446217760847|1.82444090814782
un356|1990-01-01|1990-12-01|0.947143835620557|0.537922775321186|0.782063097041327|1.30497089858651
un360|1990-01-01|1990-12-01|0.498733996216058|1.11740036960324|0.240442204429863|0.247799004656224
un368|1990-01-01|1990-12-01|0.304071913966304|0.801460115133535|0.0900418211373335|0.10596687614772
un364|1990-01-01|1990-12-01|0.61358077906917|1.00030335970584|0.280957882005252|0.554474655122953
un372|1990-01-01|1990-12-01|0.423852515287681|0.689086189444169|0.0403431304307728|0.472049784961099
un352|1990-01-01|1990-12-01|0.0591300604389855|0.0866571389110613|0|0.0751700130377368
un376|1990-01-01|1990-12-01|0.371038642879662|0.330566758559689|0.110953816272845|0.545634466950652
un380|1990-01-01|1990-12-01|3.2002723520377|4.39592082260452|1.04322833580843|3.66209107488918
un392|1990-01-01|1990-12-01|4.97627052371264|5.73166882651716|0.735341539288224|6.91170075379255
un414|1990-01-01|1990-12-01|0.360882197505085|0.482697780090125|0|0.488523410405693
un442|1990-01-01|1990-12-01|0.0446940486629803|0|0|0.0990026034769108
un458|1990-01-01|1990-12-01|0.616495888631862|1.01041285190215|0.0604058023547634|0.680375145894594
un470|1990-01-01|1990-12-01|0.0492199674199498|0.03522117099424|0|0.0863444496597167
un484|1990-01-01|1990-12-01|0.944737874269435|1.22580267827963|0.0900418211373335|1.25182709934753
un566|1990-01-01|1990-12-01|0.297120248248959|0.674894698208978|0.0300139403791112|0.206361462825814
un578|1990-01-01|1990-12-01|0.873049791602088|1.85855647854964|0.103819545757433|0.677646886982098
un554|1990-01-01|1990-12-01|0.360002051019029|0.448830102430216|0.0623426505370372|0.472782722235546
un586|1990-01-01|1990-12-01|0.445291839507591|0.147602395448448|0.242755973827981|0.752678920802776
un616|1990-01-01|1990-12-01|0.53242937845592|0.494895797525775|0.0676807930881814|0.822013278945102
un620|1990-01-01|1990-12-01|0.480488880408132|0.464841101676574|0.120055761516445|0.696404582670876
un826|1990-01-01|1990-12-01|5.49330237131387|6.2454390226611|5.82412908681311|4.81997125297588
un203|1990-01-01|1990-12-01|0.642207109595976|0.295365388815089|0.0468584987551429|1.20557942300432
un642|1990-01-01|1990-12-01|0.395862953746182|0.157213614956221|0.0303446217760847|0.758303126679073
un643|1990-01-01|1990-12-01|11.7087505362228|1.9850362588837|33.8838036182887|5.30729981696027
un702|1990-01-01|1990-12-01|0.703476583747212|1.62234073839821|0.0539647215599095|0.48262427868814
un710|1990-01-01|1990-12-01|0.418318379106743|0.933385451434794|0.0300139403791112|0.308353060960101
un752|1990-01-01|1990-12-01|0.970028020835423|1.45101993197674|0.047555467691666|1.18706373121421
un756|1990-01-01|1990-12-01|1.37917372940545|1.88614045783322|0|1.84029607504513
un764|1990-01-01|1990-12-01|0.381510117921577|0.548728215622653|0.090372502534307|0.440080511590682
un792|1990-01-01|1990-12-01|0.594660417686158|0.535711449300426|0.375504936135862|0.757781952369672
un862|1990-01-01|1990-12-01|0.453574575283943|1.02062102381111|0.124290965823879|0.276426898232448
un704|1990-01-01|1990-12-01|0.285946577712526|0.0953679714694757|0.925358443165471|0.043526858925635
un604|1990-01-01|1990-12-01|0.224773610654343|0.16230271092696|0.480223046065779|0.119123547754051
un276|1995-01-01|1995-12-01|7.4393435619325|7.65344460390085|0.628906553021526|9.1238216955052
un024|1995-01-01|1995-12-01|0.0921878641889431|0.154648343743244|0.0936531461087491|0.0432125307271132
un682|1995-01-01|1995-12-01|1.22088734771783|1.92704686988218|0.445475475056914|0.884530223083814
un012|1995-01-01|1995-12-01|0.251021198635272|0.40387678190185|0.131022198546151|0.165090433891205
un032|1995-01-01|1995-12-01|0.587964340435191|0.64551572571224|0.737601272927336|0.500413217161165
un036|1995-01-01|1995-12-01|1.95812026982096|1.94830616096853|0.384102259405764|2.3924938238222
un040|1995-01-01|1995-12-01|1.18895331578395|1.1201313003996|0.0710226272406768|1.54591793452368
un050|1995-01-01|1995-12-01|0.0889986994159824|0.0504525248405454|0.0798506471283997|0.121020545214089
un056|1995-01-01|1995-12-01|1.67155447482692|2.85155115536194|0.207433494362359|1.15702622484034
un076|1995-01-01|1995-12-01|0.800694150726858|1.15627605555461|1.11419532897947|0.437024792359046
un100|1995-01-01|1995-12-01|0.343646921643428|0.123289304930178|0.0293390039776922|0.599334090552369
un124|1995-01-01|1995-12-01|3.24703352803348|4.11594484303238|0.795038459250009|3.23967860765697
un634|1995-01-01|1995-12-01|0.104682001278629|0.12881054725154|0|0.11449989386797
un152|1995-01-01|1995-12-01|0.337563852813894|0.550934928726108|0.288743768001816|0.184996903971457
un156|1995-01-01|1995-12-01|2.28925292307545|2.28687863905705|1.9945070051032|2.36480537189696
un196|1995-01-01|1995-12-01|0.117166852726687|0.0928207274650076|0|0.167845140439944
un170|1995-01-01|1995-12-01|0.244558569370504|0.327919044604559|0.160553093496398|0.202456455778169
un410|1995-01-01|1995-12-01|1.42352024653089|2.39973465625217|0.938684897035392|1.25216089273066
un191|1995-01-01|1995-12-01|0.17868001207647|0.137552234504927|0|0.268142594450914
un208|1995-01-01|1995-12-01|0.831710083464237|1.12230300535597|0.128463307195353|0.797936729192248
un818|1995-01-01|1995-12-01|0.28295185398764|0.266266980956439|0.212522616342162|0.314313836053087
un784|1995-01-01|1995-12-01|0.543534029419924|1.00779847456814|0.0262044397092303|0.325305385069392
un703|1995-01-01|1995-12-01|0.150892562404103|0.154436438969023|0.049328142961585|0.175613147538291
un705|1995-01-01|1995-12-01|0.123457781402455|0.159881358116353|0|0.151595154653503
un724|1995-01-01|1995-12-01|2.38477798527892|2.13926846833521|0.87640256070105|2.98187860646362
un840|1995-01-01|1995-12-01|21.9334430336953|15.7083988195764|47.9715782064045|19.5093167206104
un233|1995-01-01|1995-12-01|0.0880031488766945|0.0531170005511565|0.000742396800425193|0.138692814290253
un608|1995-01-01|1995-12-01|0.19060358524343|0.279442681484308|0.0262044397092303|0.166562187677215
un246|1995-01-01|1995-12-01|0.541840745044821|0.6847188391468|0.115896389399711|0.546866852451676
un250|1995-01-01|1995-12-01|6.81557906837262|5.97786661015156|4.00082280985761|8.2155540274685
un300|1995-01-01|1995-12-01|0.62704960739663|0.431296586095333|0.766714484762675|0.737891512005312
un528|1995-01-01|1995-12-01|2.90395027391341|4.9932527640338|0.841061820428365|1.84741379043557
un348|1995-01-01|1995-12-01|0.521534969027546|0.303740248359659|0.0699233624009361|0.812447798873041
un356|1995-01-01|1995-12-01|0.976308623240813|0.716586222690969|1.24604241285942|1.09967530471174
un360|1995-01-01|1995-12-01|0.58394243205618|0.925575428241314|0.448142022030886|0.355382395339081
un368|1995-01-01|1995-12-01|0.072159434466139|0.0806904162141604|0.157226638255382|0.0419262187508146
un364|1995-01-01|1995-12-01|0.50884432922959|0.696975292950862|0.409315089898426|0.389185648493031
un372|1995-01-01|1995-12-01|0.545873607277454|0.724564252304907|0.0568345994992173|0.540568759577719
un352|1995-01-01|1995-12-01|0.0653011022615538|0.0692459123029564|0|0.080009739562523
un376|1995-01-01|1995-12-01|0.539464062837271|0.534695094855041|0.183431077964612|0.662091707541651
un380|1995-01-01|1995-12-01|3.40300977278626|3.99468787378796|1.96323861050396|3.33089894041703
un392|1995-01-01|1995-12-01|5.87581996492133|5.84068919414611|1.41875172830056|7.11041929007118
un398|1995-01-01|1995-12-01|0.20967261577629|0.147563114797221|0|0.314693021312804
un414|1995-01-01|1995-12-01|0.359265794410111|0.547765140470079|0|0.311273665748655
un428|1995-01-01|1995-12-01|0.105139107869391|0.0400813141882025|0|0.184012098308526
un440|1995-01-01|1995-12-01|0.102685252922387|0.0650814518034708|0.0262044397092303|0.152461797481927
un442|1995-01-01|1995-12-01|0.259414479473645|0.549069876274674|0|0.106087479567985
un458|1995-01-01|1995-12-01|0.869897390060541|1.33816436900582|0.368234053458898|0.643211782728289
un470|1995-01-01|1995-12-01|0.0586281476409132|0.0374606928646805|0|0.0909310846076748
un484|1995-01-01|1995-12-01|1.13285458673005|1.3743555195197|0.183431077964612|1.20378995842311
un566|1995-01-01|1995-12-01|0.419014278219305|0.534002918294205|0.63271571175082|0.26998783724858
un578|1995-01-01|1995-12-01|0.97062718947287|1.45256739375027|0.234902175978091|0.733847081400319
un554|1995-01-01|1995-12-01|0.40536838765751|0.461471782704555|0.0879345233996962|0.448043987117624
un586|1995-01-01|1995-12-01|0.316919429451455|0.13780820096612|0.445032624852216|0.419078080247104
un616|1995-01-01|1995-12-01|1.03837202928219|0.583658471140048|0.374668159062583|1.56908776008098
un620|1995-01-01|1995-12-01|0.432798706674558|0.474926182301124|0.154199729610093|0.475501847069227
un826|1995-01-01|1995-12-01|5.81754177281205|5.61593933887868|7.15881032816761|5.58552980770859
un203|1995-01-01|1995-12-01|0.414435142694045|0.417130025511033|0.075641985109989|0.504237335240584
un642|1995-01-01|1995-12-01|0.458697343513505|0.142931621441528|0.249036375907964|0.75895837944893
un643|1995-01-01|1995-12-01|5.29726309264542|2.22559745311939|17.1041723368503|4.40544659473372
un702|1995-01-01|1995-12-01|1.02238256124327|1.98995832808533|0.0791082503279743|0.530809839364251
un710|1995-01-01|1995-12-01|0.602640969783512|0.626652921984404|0.0262044397092303|0.613538363409901
un752|1995-01-01|1995-12-01|1.11384748517069|1.37823448317322|0.0762749794712402|1.19141083158287
un756|1995-01-01|1995-12-01|1.31178970570042|1.76856792325885|0.00239216746803673|1.31481325236261
un764|1995-01-01|1995-12-01|0.708951501601516|1.16104935323804|0.288826256535197|0.472846025072334
un792|1995-01-01|1995-12-01|0.895426230657908|0.620611420372633|0.725032608315691|1.15182339734868
un804|1995-01-01|1995-12-01|0.596270437930936|0.279290167312607|0|1.00340536255753
un862|1995-01-01|1995-12-01|0.429361715050154|0.730732763181754|0.183843520631515|0.262607975835264
un704|1995-01-01|1995-12-01|0.324960333356365|0.163751664682898|1.61581579939654|0.0933177849019938
un604|1995-01-01|1995-12-01|0.229892124560888|0.194943696395498|0.838542070695368|0.0932296293697757
un276|2000-01-01|2000-12-01|6.68091362885576|6.42153810883099|1.23682626574089|8.05945091624347
un024|2000-01-01|2000-12-01|0.145385354495993|0.252611907767509|0.158155101234158|0.0522803716473234
un682|2000-01-01|2000-12-01|1.47009777198685|2.32011635718149|0.469891395615206|0.959163618870751
un012|2000-01-01|2000-12-01|0.401268610616488|0.710280185430655|0.167671224014491|0.189805671444079
un032|2000-01-01|2000-12-01|0.519591681122688|0.63350949025758|0.439958243571251|0.438576414267038
un036|2000-01-01|2000-12-01|2.17439136957368|1.80729574247619|0.520209502788129|2.83788744390779
un040|2000-01-01|2000-12-01|1.04531273986192|0.898240143779058|0.0860525147759395|1.37642009227614
un050|2000-01-01|2000-12-01|0.107390177834514|0.0608633207447246|0.283653205721042|0.10835258933417
un056|2000-01-01|2000-12-01|1.85946889911997|3.11017551912447|0.456077884734022|1.0963379937987
un076|2000-01-01|2000-12-01|0.845186136612299|1.000359349607|1.03036164883436|0.672524769128165
un100|2000-01-01|2000-12-01|0.239067377221087|0.100707150520227|0.0281627280539216|0.402147132271689
un124|2000-01-01|2000-12-01|3.48567513634019|4.51818010708692|0.780315175460527|3.18325453338056
un634|2000-01-01|2000-12-01|0.19483448655745|0.344741420056159|0|0.108206184107195
un152|2000-01-01|2000-12-01|0.316415470989242|0.472175050887055|0.197139096377451|0.208085527354171
un156|2000-01-01|2000-12-01|2.61576020350138|2.61866624552389|2.38170915829827|2.65936571037339
un196|2000-01-01|2000-12-01|0.118406808465804|0.0761736791542911|0|0.179496081900464
un170|2000-01-01|2000-12-01|0.21096698982444|0.326621711809896|0.0864307848363315|0.140368150775297
un410|2000-01-01|2000-12-01|1.530770658038|2.34628408318753|0.483319266209311|1.3967443861707
un191|2000-01-01|2000-12-01|0.235446596802298|0.12928043617517|0.000870096206025676|0.386434596461793
un208|2000-01-01|2000-12-01|0.835542823553489|1.09088857939282|0.111633343233095|0.771550906652883
un818|2000-01-01|2000-12-01|0.362894592902238|0.242007244164604|0.317881903309177|0.471795183588889
un784|2000-01-01|2000-12-01|0.812561512646997|1.36494099152958|0.164043366413822|0.482471632435163
un703|2000-01-01|2000-12-01|0.166393893526583|0.147951922834705|0.050117541467079|0.207073994576435
un705|2000-01-01|2000-12-01|0.120987604420295|0.11867013357985|0.00774385623362854|0.163349565089995
un724|2000-01-01|2000-12-01|2.4988127363086|2.20707689163796|0.964257198527703|3.07282634672508
un840|2000-01-01|2000-12-01|22.6166714429069|16.5917394058985|57.6523733631273|20.2213409833107
un233|2000-01-01|2000-12-01|0.111784107616086|0.077600785730386|0.00408945216832068|0.165601379244042
un608|2000-01-01|2000-12-01|0.224504037396549|0.350673972926272|0.0813256062420903|0.148475533000656
un246|2000-01-01|2000-12-01|0.539196870392676|0.633061619467539|0.129470315456621|0.547440475366763
un250|2000-01-01|2000-12-01|6.42581466698191|5.87705535824551|4.3053270633632|7.33843944041436
un300|2000-01-01|2000-12-01|0.736488418228277|0.476633479542911|0.721638617039747|0.959850117121231
un528|2000-01-01|2000-12-01|2.59691400181411|3.75120333665989|1.09894072099379|1.93523501611626
un348|2000-01-01|2000-12-01|0.426009815845251|0.328432464365325|0.0716089177559131|0.58480093207415
un356|2000-01-01|2000-12-01|0.892534048413598|0.806629677687859|1.15414610737383|0.908458915049642
un360|2000-01-01|2000-12-01|0.740169341996038|1.24966979108347|0.444599985041169|0.368875746423825
un368|2000-01-01|2000-12-01|0.322293777233726|0.646831035975684|0.0276406703303062|0.108078839428119
un364|2000-01-01|2000-12-01|0.577427601923373|0.873289054080102|0.248766032972756|0.395871495088059
un372|2000-01-01|2000-12-01|0.656941655433405|0.921069775851264|0.0679545136906052|0.557702367222678
un352|2000-01-01|2000-12-01|0.0673095834476699|0.0584584762650193|0|0.0886436592349487
un376|2000-01-01|2000-12-01|0.596080009522077|0.625747991035496|0.138203351651531|0.653374416035072
un380|2000-01-01|2000-12-01|3.23041935287567|3.15132802646469|2.23693695562686|3.50680754961096
un392|2000-01-01|2000-12-01|5.54516832040591|4.67473221123426|1.79925386008798|7.08198335185283
un398|2000-01-01|2000-12-01|0.312820702859324|0.236295123207673|0.0261028861807703|0.439536849992726
un414|2000-01-01|2000-12-01|0.402635238150198|0.607033292615773|0|0.315324422658406
un428|2000-01-01|2000-12-01|0.101394864355362|0.0428238753845766|0.00931002940447477|0.169322715472347
un440|2000-01-01|2000-12-01|0.114586642653282|0.0728280575183408|0.00278430785928217|0.173686789937029
un442|2000-01-01|2000-12-01|0.255312026030311|0.415585694307009|0.00200122127385906|0.173670370914835
un458|2000-01-01|2000-12-01|0.875919361626528|1.24836970582182|0.175328070627517|0.710291344237365
un470|2000-01-01|2000-12-01|0.0545800816719693|0.034116276263054|0|0.0819121804438226
un484|2000-01-01|2000-12-01|1.38071590601618|1.84545586990388|0.304047373633368|1.21311123859047
un566|2000-01-01|2000-12-01|0.430429811013588|0.699670483723985|0.34493636764656|0.219614929789557
un578|2000-01-01|2000-12-01|1.08738418424319|1.75947125579412|0.181503911133628|0.655056397528225
un554|2000-01-01|2000-12-01|0.32509401849621|0.328987893156087|0.150267457337306|0.357941850754387
un586|2000-01-01|2000-12-01|0.247723635777082|0.103756539573952|0.346071177827737|0.348560923642366
un616|2000-01-01|2000-12-01|0.793677683577912|0.474840487934014|0.32350545451369|1.16613124412012
un620|2000-01-01|2000-12-01|0.447073244211959|0.387336703884773|0.277070706133229|0.533865620468227
un826|2000-01-01|2000-12-01|6.01124847814766|6.43964399149576|6.024158238221|5.64062985749924
un203|2000-01-01|2000-12-01|0.392644212651802|0.346471391483221|0.0601236478363743|0.502850958670185
un642|2000-01-01|2000-12-01|0.418497993393873|0.13783963096314|0.173674887836068|0.708942884589751
un643|2000-01-01|2000-12-01|3.50582489372218|2.34620756234633|8.11100653275055|3.50221924252001
un702|2000-01-01|2000-12-01|0.949799661279844|1.60937186561401|0.0911009153275602|0.5731258487827
un710|2000-01-01|2000-12-01|0.657675163236122|0.403112421829903|0.0652004374093053|0.782699283296272
un752|2000-01-01|2000-12-01|1.15461857869767|1.30676737168025|0.100902770877668|1.24820404360973
un756|2000-01-01|2000-12-01|1.31685489415302|1.59338058035127|0.0204472608416034|1.35931425745273
un764|2000-01-01|2000-12-01|0.734816257038852|0.930721070900469|0.70168871001379|0.575686657593265
un792|2000-01-01|2000-12-01|1.19137586432754|0.562800880297989|1.01663883268712|1.76359015485804
un804|2000-01-01|2000-12-01|0.697090603243079|0.236284747502054|0.248766032972756|1.18585768335436
un862|2000-01-01|2000-12-01|0.523021369855767|0.93145372256936|0.193745721173951|0.247414001919246
un704|2000-01-01|2000-12-01|0.168812036136826|0.300978020081365|0.110562681321225|0.0694896529153069
un604|2000-01-01|2000-12-01|0.149102279821175|0.184883248541315|0.334298332581751|0.0869985650136362
un276|2005-01-01|2005-12-01|6.76058640557124|6.96842664989867|1.15848734723691|7.5152053900155
un024|2005-01-01|2005-12-01|0.241826664390334|0.441760461827727|0.0515889331261842|0.057577403175286
un682|2005-01-01|2005-12-01|1.95568111637688|3.14980254525624|0.396890578764272|0.929432988170189
un012|2005-01-01|2005-12-01|0.487652881145248|0.86349383607668|0.174967079005894|0.133336799278912
un032|2005-01-01|2005-12-01|0.502110083383561|0.543975950413113|0.458213048683689|0.463760012732462
un036|2005-01-01|2005-12-01|2.02360957468265|1.80970583204127|0.547335553561088|2.51454318180657
un040|2005-01-01|2005-12-01|1.10509927476912|1.07097244234576|0.0961230547366076|1.31899443697737
un050|2005-01-01|2005-12-01|0.120060211052078|0.0514971021471816|0.710316869566492|0.090430902394352
un056|2005-01-01|2005-12-01|1.96584874205706|3.14420481431928|0.134542696066788|1.00458977711301
un076|2005-01-01|2005-12-01|0.95442411480224|1.2575497996207|0.889826126924181|0.634971365753996
un100|2005-01-01|2005-12-01|0.252743025104586|0.131268311237275|0.0647072704094903|0.417683756392372
un124|2005-01-01|2005-12-01|3.34398704665378|3.95263721403422|0.676437753016176|3.1486110103613
un634|2005-01-01|2005-12-01|0.289105255551515|0.442496071076307|0|0.172883979786996
un152|2005-01-01|2005-12-01|0.413485470877462|0.625024887159747|0.19154664854832|0.222015199495835
un156|2005-01-01|2005-12-01|3.7134686385176|4.10128763801878|1.95097810622877|3.59835254305831
un196|2005-01-01|2005-12-01|0.103780021119908|0.0733059962575284|0|0.155132691309636
un170|2005-01-01|2005-12-01|0.219116650862224|0.292350114350084|0.0527602132407648|0.168538225108127
un410|2005-01-01|2005-12-01|1.85638229179049|2.17467956936174|0.412898073663545|2.15017279891946
un191|2005-01-01|2005-12-01|0.265363038851161|0.17305641140074|0.00421660841249132|0.430480958837046
un208|2005-01-01|2005-12-01|0.973045111605365|1.11798922470398|0.0920626170060604|0.969667286458428
un818|2005-01-01|2005-12-01|0.405872387054375|0.260894989567638|0.309771161923873|0.571806237689153
un784|2005-01-01|2005-12-01|1.07298562849396|1.68533281076267|0.074416983518301|0.581691620568125
un703|2005-01-01|2005-12-01|0.203775595758581|0.210180762795763|0.0445867296950471|0.221853361119724
un705|2005-01-01|2005-12-01|0.144030806172454|0.142171481003134|0.0140553613749711|0.189011286074249
un724|2005-01-01|2005-12-01|2.61268636655501|2.35109450115577|1.00070731110451|3.17880901259946
un840|2005-01-01|2005-12-01|19.5111046702649|12.357507170956|60.3810391198115|20.065645883216
un233|2005-01-01|2005-12-01|0.117531774303348|0.0898751085843555|0.000858938750692676|0.168072407555961
un608|2005-01-01|2005-12-01|0.182571113902557|0.237297457598456|0.0757699115711744|0.14166534636077
un246|2005-01-01|2005-12-01|0.517443678105493|0.588995893563228|0.0644984916429226|0.518918865581317
un250|2005-01-01|2005-12-01|5.66962725135847|4.93430389438539|4.28559181990265|6.70771645403257
un300|2005-01-01|2005-12-01|0.707114335246103|0.463255877491205|0.723990072096235|0.968712709051668
un528|2005-01-01|2005-12-01|3.11592476158207|4.40764509482335|0.856658719979697|2.10486406855256
un348|2005-01-01|2005-12-01|0.593527738938384|0.419744739396616|0.086440472456072|0.871402378589717
un356|2005-01-01|2005-12-01|1.11502576231198|1.30170586403886|1.34608042779586|0.869957756590216
un360|2005-01-01|2005-12-01|0.636469890535009|1.01658312199074|0.338481090145244|0.274753414586713
un368|2005-01-01|2005-12-01|0.243893914762499|0.431136414478824|0.024805661172767|0.0785396696668287
un364|2005-01-01|2005-12-01|0.681362121944423|1.05113757010837|0.148912052377574|0.372439124160794
un372|2005-01-01|2005-12-01|0.806235624909256|1.14602121251043|0.0481786553797619|0.569356623263872
un352|2005-01-01|2005-12-01|0.0628030306073153|0.0672676951277239|0|0.0689540931945088
un376|2005-01-01|2005-12-01|0.521107799360729|0.473203256144719|0.074416983518301|0.602990460961499
un380|2005-01-01|2005-12-01|2.95012438689352|2.93832782460836|1.66847097698508|3.18583250378806
un392|2005-01-01|2005-12-01|4.8384880324673|3.61471656555825|1.74474976000577|6.71046798006565
un398|2005-01-01|2005-12-01|0.411390416954266|0.462786283524339|0|0.427582058176016
un414|2005-01-01|2005-12-01|0.534254061326466|0.819381991008438|0|0.317666919276543
un428|2005-01-01|2005-12-01|0.103893231993038|0.0625060710867255|0.0113223744409489|0.165140024031282
un440|2005-01-01|2005-12-01|0.141510612456341|0.140324044363965|0.0174130310367697|0.16453637460837
un442|2005-01-01|2005-12-01|0.309583478922876|0.485814852960589|0.00452894977637956|0.171292132436041
un458|2005-01-01|2005-12-01|0.90690349126242|1.13130633058697|0.153909514199786|0.794567469512032
un470|2005-01-01|2005-12-01|0.168530758507819|0.029377961480215|0|0.349875031074369
un484|2005-01-01|2005-12-01|1.21607933013724|1.57394456472178|0.223250950554903|1.00049418031575
un566|2005-01-01|2005-12-01|0.614508174587627|1.03401521271993|0.268874959795082|0.214690905053611
un578|2005-01-01|2005-12-01|1.24783410970402|1.8555363945335|0.103152388996019|0.739592588074111
un554|2005-01-01|2005-12-01|0.402646209077359|0.324943420840095|0.0685079748607729|0.545690377147488
un586|2005-01-01|2005-12-01|0.240112683485077|0.12341880328707|0.910687161644658|0.248558519242647
un616|2005-01-01|2005-12-01|0.732901927171462|0.664478386655067|0.172127222330698|0.90546609978366
un620|2005-01-01|2005-12-01|0.417108880428197|0.390184318821647|0.136338658909146|0.495473596365453
un826|2005-01-01|2005-12-01|5.89560610714556|5.51801573789775|5.97559946884868|6.28600980865407
un203|2005-01-01|2005-12-01|0.482658705777647|0.472778791340169|0.0528637758380857|0.568686169960779
un642|2005-01-01|2005-12-01|0.369836714695694|0.213429048266333|0.146853049112099|0.578948256834959
un643|2005-01-01|2005-12-01|3.85265170457693|3.69695087208098|8.17719214008856|3.25522262564816
un702|2005-01-01|2005-12-01|1.12393305944325|1.77921856914029|0.049611322345534|0.599206720811403
un710|2005-01-01|2005-12-01|0.64253400712096|0.410092638640422|0.236547628632649|0.733165092171174
un752|2005-01-01|2005-12-01|1.16150803066254|1.29813032068314|0.0980497110045604|1.1991651444111
un756|2005-01-01|2005-12-01|1.29273442920295|1.54925883119661|0.0202241033117639|1.23665901134215
un764|2005-01-01|2005-12-01|0.688226342421472|0.849815773774905|0.212734906780023|0.5955281083572
un792|2005-01-01|2005-12-01|1.00418009825522|0.645399585309567|0.651606614587063|1.45566071616069
un804|2005-01-01|2005-12-01|0.764054295000279|0.328618986088309|0.417761534916308|1.29809054344399
un862|2005-01-01|2005-12-01|0.585435380783074|0.938869344099659|0.173639628209369|0.272867117360934
un704|2005-01-01|2005-12-01|0.241183978759846|0.358985403775864|0|0.155286055068044
un604|2005-01-01|2005-12-01|0.191117489448073|0.268533282918735|0.340823650374405|0.10503639026342
un276|2010-01-01|2010-12-01|6.60592892536528|6.78454138344512|1.37860810706972|7.04080217287108
un024|2010-01-01|2010-12-01|0.307865893714454|0.583862209724507|0.0280552735727367|0.0389918944763298
un682|2010-01-01|2010-12-01|1.72259704496259|2.48560685327929|0.448884377163787|1.03973089829526
un012|2010-01-01|2010-12-01|0.417805718167508|0.658801995705381|0.224883762299227|0.176693655651283
un032|2010-01-01|2010-12-01|0.554162256917405|0.575571852911829|0.497044727202702|0.537278013243561
un036|2010-01-01|2010-12-01|2.29062473348157|2.15493070104677|0.685302945423799|2.63297166661842
un040|2010-01-01|2010-12-01|1.09298036475969|1.04983816677043|0.0962630703785629|1.2606611968692
un050|2010-01-01|2010-12-01|0.106700686429141|0.0665629225536529|0.741903345013035|0.0735093102384325
un056|2010-01-01|2010-12-01|2.01004766840213|3.05675961170793|0.176189783410377|1.08366377830207
un076|2010-01-01|2010-12-01|1.27807479695283|1.55010311324044|0.903536157307964|1.02445676224152
un100|2010-01-01|2010-12-01|0.257453588923078|0.156646117725301|0.0843117651609429|0.390498343407291
un124|2010-01-01|2010-12-01|3.03943921538098|3.20646282967011|0.846920796162192|3.1206665045271
un634|2010-01-01|2010-12-01|0.379460136316003|0.618315504290502|0.000264944230399714|0.163341332181301
un152|2010-01-01|2010-12-01|0.449372970878999|0.652622643680212|0.24292878481604|0.251277548139988
un156|2010-01-01|2010-12-01|4.64377525820296|5.01620141944687|2.94907137064561|4.43830438749121
un196|2010-01-01|2010-12-01|0.103055155598225|0.0785407089722799|0.000176629486933143|0.142368506220785
un170|2010-01-01|2010-12-01|0.299119071781338|0.382798727163119|0.0873739663326396|0.232884010141194
un410|2010-01-01|2010-12-01|1.93713138152797|2.31365971462022|0.736354477731181|2.01040627604928
un191|2010-01-01|2010-12-01|0.268215795068655|0.164308464655171|0.0406247819946229|0.426136599479226
un208|2010-01-01|2010-12-01|0.977394538777353|1.05651048378507|0.141422589334181|0.991553628313163
un818|2010-01-01|2010-12-01|0.467130755904999|0.35487758383596|0.639523353069349|0.585729706493801
un784|2010-01-01|2010-12-01|1.1857972890852|1.90560866883123|0.0583184157321379|0.533503213621435
un703|2010-01-01|2010-12-01|0.238075721612613|0.26534732900872|0.0551083999231406|0.229173284054188
un705|2010-01-01|2010-12-01|0.175076484975073|0.154182173702254|0.0498095153151463|0.233838638424317
un724|2010-01-01|2010-12-01|2.83310120804732|2.4915610457961|1.25989175777929|3.39694949622225
un840|2010-01-01|2010-12-01|17.8770453004304|12.0444139478796|57.2556603525239|19.4799198754708
un233|2010-01-01|2010-12-01|0.103214179665106|0.0902416492529252|0.0169564307455817|0.127774176889353
un608|2010-01-01|2010-12-01|0.206292854530895|0.231455123016574|0.0849894682590423|0.193303310063603
un246|2010-01-01|2010-12-01|0.571082089669858|0.561324011706787|0.0596124518399356|0.643545079099953
un250|2010-01-01|2010-12-01|5.46649628585272|4.48558842979965|3.95494000310196|6.72237768919286
un300|2010-01-01|2010-12-01|0.612028056878815|0.42449366966714|0.490419251248141|0.832073793879018
un528|2010-01-01|2010-12-01|3.31738225824384|4.38367237604311|0.704350115162947|2.45807579134163
un348|2010-01-01|2010-12-01|0.493933278847959|0.448293726485707|0.0801897870676467|0.59391710009919
un356|2010-01-01|2010-12-01|1.4402198731181|1.80808281041097|1.93350086143759|0.976015225847635
un360|2010-01-01|2010-12-01|0.706130558531524|1.09414359629007|0.745625655600603|0.275392050917658
un368|2010-01-01|2010-12-01|0.312647690888076|0.605907266451585|0|0.0288272436379259
un364|2010-01-01|2010-12-01|0.684267426822347|1.05470416243489|0.168508270923353|0.340718436981282
un372|2010-01-01|2010-12-01|0.919952639877038|1.30599573604664|0.0659711133695288|0.599749717087332
un352|2010-01-01|2010-12-01|0.0618945156838642|0.0617496285143917|0|0.0695318728845561
un376|2010-01-01|2010-12-01|0.476047237839359|0.425995284687295|0.112221094290947|0.541070550994932
un380|2010-01-01|2010-12-01|2.83094015694234|2.6872671342072|2.26754538705063|3.05516728236006
un392|2010-01-01|2010-12-01|4.05458879982411|3.36387060391177|1.91120287794129|5.06984487372986
un398|2010-01-01|2010-12-01|0.464483524925634|0.561998826692688|8.83147434665712e-05|0.413656575862907
un414|2010-01-01|2010-12-01|0.519102697580408|0.772879492741253|0|0.303525285522854
un428|2010-01-01|2010-12-01|0.0996823037614687|0.067215837128925|0.0155433948501165|0.145442480929904
un440|2010-01-01|2010-12-01|0.153570906583026|0.143520472614089|0.0258762198357054|0.180005338935036
un442|2010-01-01|2010-12-01|0.469480407636378|0.596434167756508|0.00309101602133|0.386467129717398
un458|2010-01-01|2010-12-01|1.03711358287859|1.15438293202757|0.185698960855134|1.01127112433043
un470|2010-01-01|2010-12-01|0.113723933802015|0.0345342877695605|8.83147434665712e-05|0.214012911734812
un484|2010-01-01|2010-12-01|1.0449235670511|1.3443452274096|0.25249746215463|0.812159293139405
un566|2010-01-01|2010-12-01|0.485080267511806|0.704937851664823|0.500951909986593|0.242344252218997
un578|2010-01-01|2010-12-01|1.25297277762654|1.62492813181779|0.118637385519806|0.938903527268652
un554|2010-01-01|2010-12-01|0.383581921361216|0.284239850049411|0.0755686055577519|0.529692471077457
un586|2010-01-01|2010-12-01|0.22192579015428|0.110757546185318|1.07034961635435|0.240662713703756
un616|2010-01-01|2010-12-01|0.826988373849246|0.81110227139467|0.360708097361678|0.900525386510612
un620|2010-01-01|2010-12-01|0.521833725444811|0.418584814299585|0.171745231387416|0.677237322528362
un826|2010-01-01|2010-12-01|5.76919962590261|4.86685701745613|5.63362290652541|6.77163260197233
un203|2010-01-01|2010-12-01|0.566779148304047|0.556451283321853|0.0775403447636496|0.637143043689447
un642|2010-01-01|2010-12-01|0.390596795765039|0.244615726265271|0.197915210303154|0.573842250156009
un643|2010-01-01|2010-12-01|3.49891241448734|3.76385542926544|6.45122355418902|2.8476656077095
un702|2010-01-01|2010-12-01|1.2879533856179|1.89527424418807|0.225413650760026|0.750191971415961
un710|2010-01-01|2010-12-01|0.595955088297799|0.383871169873246|0.234270199567181|0.593461956113211
un752|2010-01-01|2010-12-01|1.30951928642955|1.28932571408793|0.0906704266905361|1.47887676745065
un756|2010-01-01|2010-12-01|1.56167819883547|1.91703556062488|0.022255315353576|1.35797227812711
un764|2010-01-01|2010-12-01|0.807868228726341|1.02486873708061|0.535787954929461|0.602442821971685
un792|2010-01-01|2010-12-01|1.07746757814815|0.720670763117871|0.812186157324765|1.50029163760508
un804|2010-01-01|2010-12-01|0.751895970000382|0.335670896810546|0.131855782190159|1.28317523411102
un862|2010-01-01|2010-12-01|0.530084373948331|0.772604671501938|0.140276367863683|0.311040243184928
un704|2010-01-01|2010-12-01|0.280815434786196|0.412096217721163|0|0.17077917497672
un604|2010-01-01|2010-12-01|0.20226082570463|0.325519476758449|0.441671383049161|0.0628837039844575
un276|2011-01-01|2011-12-01|6.31499607717365|6.21812252272723|1.51448682501476|6.92350759544444
un024|2011-01-01|2011-12-01|0.335600199041195|0.609484622856737|0.0299400293525888|0.0403163377452643
un682|2011-01-01|2011-12-01|1.89612866507596|2.68928791374373|0.538920528346598|1.08934244323388
un012|2011-01-01|2011-12-01|0.448673858203973|0.699501921715791|0.23952023482071|0.170627640975185
un032|2011-01-01|2011-12-01|0.57043596311748|0.578854259540928|0.481865905881202|0.56875204393066
un036|2011-01-01|2011-12-01|2.4129286516302|2.38098600516538|0.664958505918953|2.62969926070763
un040|2011-01-01|2011-12-01|1.02254034327625|0.938934965978439|0.109892859950093|1.2162202312432
un050|2011-01-01|2011-12-01|0.109685584233489|0.0719960746592498|0.888694647385384|0.073163847007015
un056|2011-01-01|2011-12-01|1.98909043546564|2.84595163669738|0.155322264443113|1.15719767365023
un076|2011-01-01|2011-12-01|1.39581005861538|1.70839706342736|1.31936725293083|1.02908527012123
un100|2011-01-01|2011-12-01|0.244963131064106|0.159785773252125|0.180549907005389|0.352150900381563
un124|2011-01-01|2011-12-01|3.07900873846464|3.29719399432913|0.910885590940084|3.04222170591718
un634|2011-01-01|2011-12-01|0.495880236303645|0.813729986337198|0.000282743207418765|0.168773817410721
un152|2011-01-01|2011-12-01|0.497276686997917|0.698918352940777|0.260850973746724|0.280689669252509
un156|2011-01-01|2011-12-01|4.92714979299829|5.55064534988662|3.11620950213138|4.36767123916644
un196|2011-01-01|2011-12-01|0.0917291752698621|0.07036996248749|0.00018849547161251|0.125963616034051
un170|2011-01-01|2011-12-01|0.31307962202397|0.412544862247367|0.183063845238358|0.208565515341076
un410|2011-01-01|2011-12-01|2.0253754977125|2.50587493711442|1.0116444038546|2.00487877362776
un191|2011-01-01|2011-12-01|0.244595848829087|0.140496819802644|0.0423172333770085|0.405830822459039
un208|2011-01-01|2011-12-01|0.933515975872396|0.927730628069424|0.253561151621437|1.009785956115
un818|2011-01-01|2011-12-01|0.467833377636765|0.327437594628211|0.756532562820027|0.617632082383394
un784|2011-01-01|2011-12-01|1.2198863676031|1.93476857848832|0.0931187588109854|0.48739237906594
un703|2011-01-01|2011-12-01|0.226401114206944|0.248865071674982|0.0645596990272845|0.214773928796933
un705|2011-01-01|2011-12-01|0.165553437690395|0.143199590306271|0.042505728848621|0.227398353014983
un724|2011-01-01|2011-12-01|2.67539676351051|2.22811293783518|1.38842009264301|3.34063012333047
un840|2011-01-01|2011-12-01|16.7609718192364|11.8390090787489|51.9626550258368|18.9523898630103
un233|2011-01-01|2011-12-01|0.110742390830634|0.0905144710804628|0.0137601694277132|0.14481194061806
un608|2011-01-01|2011-12-01|0.228306065131021|0.258620290294122|0.0954422057379358|0.206014332971576
un246|2011-01-01|2011-12-01|0.554959956506475|0.539126834405466|0.0357198918705706|0.626368317219829
un250|2011-01-01|2011-12-01|5.02533071207717|3.8730996720961|3.95802229501523|6.50604431691342
un300|2011-01-01|2011-12-01|0.542033635464975|0.372650173223973|0.505679832406384|0.747661661301007
un528|2011-01-01|2011-12-01|3.18081159846848|4.12068003629567|0.556387110104555|2.3293503953922
un348|2011-01-01|2011-12-01|0.487513831064917|0.423808306729349|0.100373838633661|0.601999016962527
un356|2011-01-01|2011-12-01|1.60114226014816|2.07441886620896|2.13907654937484|0.979426671123787
un360|2011-01-01|2011-12-01|0.865384117863819|1.27681150050956|1.01274263021607|0.359003349820969
un368|2011-01-01|2011-12-01|0.348006463779899|0.639330659418187|0|0.0357247771330538
un364|2011-01-01|2011-12-01|0.745292294978297|1.12014097003169|0.119948612881968|0.363716022825874
un372|2011-01-01|2011-12-01|0.872468089357253|1.18821807823881|0.0117809669757819|0.583985675484928
un352|2011-01-01|2011-12-01|0.0699862541570234|0.059979718145382|0|0.0886084517578791
un376|2011-01-01|2011-12-01|0.473026293370485|0.443386315294348|0.119760117410355|0.505341481535118
un380|2011-01-01|2011-12-01|2.75757205422121|2.48447771389104|2.31658376986944|3.12630104168051
un392|2011-01-01|2011-12-01|4.09469135103732|3.47766301299772|1.97117180564273|5.04796716295657
un398|2011-01-01|2011-12-01|0.5040020436702|0.631781084556288|9.42477358062547e-05|0.402774400117045
un414|2011-01-01|2011-12-01|0.553836146803814|0.824740442631995|0|0.288097503436432
un428|2011-01-01|2011-12-01|0.0938267482810289|0.0665686018233763|0.014796894521582|0.134083084795754
un440|2011-01-01|2011-12-01|0.155071094348625|0.149561754831484|0.0210172450847949|0.174972739059641
un442|2011-01-01|2011-12-01|0.577678752848381|0.554248342089124|0.00320442301741267|0.664887069455133
un458|2011-01-01|2011-12-01|1.09282290819132|1.24777213761716|0.231695676914386|0.997052786820269
un470|2011-01-01|2011-12-01|0.111385953428119|0.0361817948517436|0.00037699094322502|0.213938112216103
un484|2011-01-01|2011-12-01|1.10127072473582|1.44065541268802|0.119760117410355|0.797887668132566
un566|2011-01-01|2011-12-01|0.592843894428404|0.911648121496636|0.557100362185178|0.218440122531307
un578|2011-01-01|2011-12-01|1.24404906013255|1.54263887938116|0.247279299790623|0.933750446895041
un554|2011-01-01|2011-12-01|0.369972048730718|0.29548011693471|0.0937149958596233|0.488130124922166
un586|2011-01-01|2011-12-01|0.226812001258379|0.128707810575484|1.18941241337816|0.243557935003072
un616|2011-01-01|2011-12-01|0.866958473997551|0.817094693903119|0.321606021039147|0.981566517514919
un620|2011-01-01|2011-12-01|0.519062380191231|0.383970303927537|0.171502124367989|0.716509056096219
un826|2011-01-01|2011-12-01|5.72884486887961|4.44918964943043|6.46720852018454|7.17181568105915
un203|2011-01-01|2011-12-01|0.57873515024098|0.543562714084563|0.0547579345034341|0.674460033936364
un642|2011-01-01|2011-12-01|0.378069810626831|0.235865226060458|0.329430578945472|0.5521103865221
un643|2011-01-01|2011-12-01|3.89901148658908|4.18418537766981|7.62571802498925|3.17696789102247
un702|2011-01-01|2011-12-01|1.45567922762167|2.04825676808671|0.722142118422768|0.824104973564144
un710|2011-01-01|2011-12-01|0.640134965848597|0.372781287430745|0.30637063430674|0.63369729259845
un752|2011-01-01|2011-12-01|1.37679194784915|1.24233385634402|0.104207245167918|1.66888751933832
un756|2011-01-01|2011-12-01|1.53451655820643|1.80380477594634|0.023279190744145|1.36907239087244
un764|2011-01-01|2011-12-01|0.857713756528286|1.0711909001425|0.569708787321443|0.631952089719467
un792|2011-01-01|2011-12-01|0.967017831222506|0.647538823225706|0.85848384983181|1.3584104977797
un804|2011-01-01|2011-12-01|0.709336234499833|0.354517133215654|0.134305019358319|1.19081813877144
un862|2011-01-01|2011-12-01|0.529292768645484|0.763612859830384|0.149700146762944|0.289924849518766
un704|2011-01-01|2011-12-01|0.259854903479215|0.405878177932685|0|0.113054804070256
un604|2011-01-01|2011-12-01|0.253633469005299|0.36310582977007|0.516362573020697|0.132090179167846
un276|2012-01-01|2012-12-01|5.98000792499202|6.00708287382986|1.52157877910632|6.39582524377517
un024|2012-01-01|2012-12-01|0.393872161675322|0.683268993708239|0.0335457554718274|0.0419120548525959
un682|2012-01-01|2012-12-01|2.37055784404371|3.26467020746069|0.585628743274046|1.35127154830003
un012|2012-01-01|2012-12-01|0.493751239463167|0.753015425616011|0.236473647973738|0.171792010777459
un032|2012-01-01|2012-12-01|0.574880239124671|0.582628431546684|0.458460996740046|0.576285592199807
un036|2012-01-01|2012-12-01|2.38438283997406|2.42289087782878|0.898546382502434|2.48337770030453
un040|2012-01-01|2012-12-01|0.984158165392837|0.911662088526106|0.135386659728813|1.16756183249235
un050|2012-01-01|2012-12-01|0.101523814345561|0.0731651940400666|0.814609512776115|0.0672744978252466
un056|2012-01-01|2012-12-01|2.07706389938904|2.87118320335823|0.149916659809863|1.2064377352382
un076|2012-01-01|2012-12-01|1.65646942621327|1.83108859899034|1.2722023084452|1.46102173948856
un100|2012-01-01|2012-12-01|0.239171876745114|0.178379634530694|0.162225950192862|0.328586715163422
un124|2012-01-01|2012-12-01|3.10008858302072|3.27037636054577|0.716635176685184|3.11320881978302
un634|2012-01-01|2012-12-01|0.674015852829689|1.05504614730651|0.00791450799205769|0.230052538218243
un152|2012-01-01|2012-12-01|0.502172606804324|0.675923829872923|0.386163480373177|0.280683955814653
un156|2012-01-01|2012-12-01|4.83305670686082|5.52553884109|2.92752938337978|4.09668172119325
un196|2012-01-01|2012-12-01|0.0849645679112669|0.0572731448173011|0.000273970198316799|0.130728332181432
un170|2012-01-01|2012-12-01|0.414443493308542|0.511057276668364|0.165024177652964|0.310038937636556
un410|2012-01-01|2012-12-01|2.03258814839314|2.21009752161308|1.15369232556237|1.88342466922582
un191|2012-01-01|2012-12-01|0.234071836127753|0.11857028223704|0.0422827339402261|0.408578880653593
un208|2012-01-01|2012-12-01|0.892052465972528|0.893602122500752|0.188785745486798|0.961295921422657
un818|2012-01-01|2012-12-01|0.386453276662978|0.273023669739286|0.595315423467965|0.517545622412282
un784|2012-01-01|2012-12-01|1.31353963735435|2.00375085431613|0.0375787390509063|0.516363986229381
un703|2012-01-01|2012-12-01|0.227311455531762|0.270869551682231|0.049131988898146|0.186907038929714
un705|2012-01-01|2012-12-01|0.151132840704634|0.124645740395592|0.0411868531469588|0.197841197577578
un724|2012-01-01|2012-12-01|2.55187180619649|2.10466293584019|1.34982901738189|3.27414038868522
un840|2012-01-01|2012-12-01|15.7646208928428|11.0334108715458|52.7297292866518|18.3671583371805
un233|2012-01-01|2012-12-01|0.111495747802225|0.100633930951163|0.0157076247034965|0.135791927951617
un608|2012-01-01|2012-12-01|0.21743652552941|0.21358737951489|0.0956203889933914|0.234958181802793
un246|2012-01-01|2012-12-01|0.517878095571818|0.495423509676351|0.0226482030608554|0.598247633464631
un250|2012-01-01|2012-12-01|4.65112177300923|3.55464940230948|3.58698287660757|6.23101464764024
un300|2012-01-01|2012-12-01|0.553200414290368|0.401920311276456|0.52443350203003|0.759205364134946
un528|2012-01-01|2012-12-01|3.32786840475372|4.30550652694346|0.515057719409289|2.30069768038368
un348|2012-01-01|2012-12-01|0.514836073508203|0.426979672470013|0.08904031445296|0.675963063883934
un356|2012-01-01|2012-12-01|1.74019500776706|2.20314002914718|1.94701410147965|1.09773473298092
un360|2012-01-01|2012-12-01|0.975412130936984|1.44096575581761|1.12068338204418|0.33569196117735
un368|2012-01-01|2012-12-01|0.478126119168563|0.845992613441247|0.0114608066901812|0.0316083023857574
un364|2012-01-01|2012-12-01|0.843037651687325|1.15668003502781|0.162945237777518|0.490958849451676
un372|2012-01-01|2012-12-01|0.847241940415666|1.08560665909115|0.0495886058953407|0.608143161152253
un352|2012-01-01|2012-12-01|0.0774126314145482|0.0812001439654733|0|0.0801790712834889
un376|2012-01-01|2012-12-01|0.465063192836514|0.4620501130305|0.163228640476799|0.499719546604789
un380|2012-01-01|2012-12-01|2.66843579323681|2.38983997837473|2.23601485432877|3.08629470851655
un392|2012-01-01|2012-12-01|3.7392833541377|3.18789091502127|2.72592181383213|4.58227855051752
un398|2012-01-01|2012-12-01|0.565508925146065|0.805544223859755|0|0.300623869513079
un414|2012-01-01|2012-12-01|0.661004558567025|0.994266461096579|0.0114608066901812|0.279489158684289
un428|2012-01-01|2012-12-01|0.0901245900563592|0.0722577127289571|0.0159815949018133|0.121629580354396
un440|2012-01-01|2012-12-01|0.169461856109099|0.168963242550097|0.0332870991560862|0.183941777519864
un442|2012-01-01|2012-12-01|0.659562948457973|0.498595650561997|0.00347028917867946|0.94219460494439
un458|2012-01-01|2012-12-01|1.09752949019965|1.25830390263197|0.247471723280583|0.967907330748961
un470|2012-01-01|2012-12-01|0.103673514213947|0.0315245318100893|0.000730587195511463|0.210970881072016
un484|2012-01-01|2012-12-01|1.20650618858573|1.51842691068061|0.114478566229848|0.898516235636433
un566|2012-01-01|2012-12-01|0.677763202558607|1.0859867490782|0.491948628684388|0.148584380237513
un578|2012-01-01|2012-12-01|1.27631309164558|1.63095159430245|0.255100919871836|0.903794279923883
un554|2012-01-01|2012-12-01|0.388096985498967|0.296843966586263|0.0952145034161499|0.540304018769099
un586|2012-01-01|2012-12-01|0.212525315057291|0.11773665464511|1.06232094424896|0.253590834271048
un616|2012-01-01|2012-12-01|0.877830504832038|0.823520192466173|0.342914190459688|1.00498998997096
un620|2012-01-01|2012-12-01|0.498167946686413|0.379345127708346|0.18142396772984|0.689806312835657
un826|2012-01-01|2012-12-01|5.60248572077193|4.19987944486929|4.74640939317488|7.57224982454997
un203|2012-01-01|2012-12-01|0.624558677215627|0.55593325905913|0.0743372471432918|0.772487829873239
un642|2012-01-01|2012-12-01|0.474477831826087|0.248374689127666|0.333922977853067|0.792267005662592
un643|2012-01-01|2012-12-01|3.80011654513182|3.84020393796263|8.63498676926801|3.25595862693325
un702|2012-01-01|2012-12-01|1.59888594123697|2.09802739255476|0.713960124442533|1.01855584558613
un710|2012-01-01|2012-12-01|0.627624039198991|0.606296156040474|0.298495216099298|0.689635408523286
un752|2012-01-01|2012-12-01|1.34631861532495|1.19759933919214|0.103970045295136|1.6719646148474
un756|2012-01-01|2012-12-01|1.50587445983104|1.72966787896525|0.0238354072535616|1.35574600210122
un764|2012-01-01|2012-12-01|0.924682076074896|1.10410077379643|0.638508136763635|0.712842819167016
un792|2012-01-01|2012-12-01|0.993879040729483|0.634063934765655|0.826179536890262|1.4939241149965
un804|2012-01-01|2012-12-01|0.658011286795801|0.385691252383247|0.141676330473746|1.07595559875219
un862|2012-01-01|2012-12-01|0.585747518720577|0.84791074310936|0.163635203303162|0.276613632750852
un704|2012-01-01|2012-12-01|0.355626716467458|0.450006508802259|0.0419582075480885|0.260737219965252
un604|2012-01-01|2012-12-01|0.271373955112906|0.361026112999648|0.476325305775806|0.130233800916117
un276|2013-01-01|2013-12-01|5.79667486460178|5.69174818710417|1.4450119691364|6.35831606637508
un024|2013-01-01|2013-12-01|0.419418686742514|0.719435060399759|0.0306945159210874|0.0384222253948354
un682|2013-01-01|2013-12-01|2.37794033599165|3.4027873030728|0.649124058493504|1.11474259160561
un012|2013-01-01|2013-12-01|0.478961658620954|0.704690758490327|0.399511820833705|0.171968677168071
un032|2013-01-01|2013-12-01|0.552647228841311|0.547294556462172|0.464570471879322|0.568514652854358
un036|2013-01-01|2013-12-01|2.35106310078705|2.32665616113451|0.921280927556783|2.52156541538063
un040|2013-01-01|2013-12-01|0.965502879248264|0.856312084537049|0.134982012363759|1.19695427610728
un050|2013-01-01|2013-12-01|0.0945675506161133|0.0694173227324007|0.716426328194243|0.0702536906665922
un056|2013-01-01|2013-12-01|2.02391001385384|2.76087277755402|0.132665111967112|1.17741495465386
un076|2013-01-01|2013-12-01|1.59178789914135|1.68952920626842|1.34817056451897|1.47883105199057
un100|2013-01-01|2013-12-01|0.229728379785818|0.167066072254039|0.150347079227361|0.32463275836264
un124|2013-01-01|2013-12-01|3.05723028026578|3.15850442416382|0.982253988893047|3.11417370227704
un634|2013-01-01|2013-12-01|0.797324969631064|1.26057962128967|0.0309843842368291|0.224886418290856
un152|2013-01-01|2013-12-01|0.499076369798144|0.644560277612393|0.42051048788657|0.303829160125496
un156|2013-01-01|2013-12-01|5.02116841880952|5.69026367073388|3.58565014973764|4.22574971628249
un196|2013-01-01|2013-12-01|0.0816156234424975|0.0514698407334405|0.000289868315741787|0.131390408305264
un170|2013-01-01|2013-12-01|0.426196359474564|0.52425653997243|0.187677040862968|0.312308466061359
un410|2013-01-01|2013-12-01|2.06659836710055|2.23105096680359|1.35210261874918|1.90562288350149
un191|2013-01-01|2013-12-01|0.227278677836873|0.11021197956222|0.0380693721340881|0.408485633010378
un208|2013-01-01|2013-12-01|0.873768060003389|0.85803380395685|0.234828953556965|0.956689276884848
un818|2013-01-01|2013-12-01|0.4058796912691|0.281694254694776|0.630759593441989|0.557477924390598
un784|2013-01-01|2013-12-01|1.64760172972147|2.5399396626215|0.0647708288591624|0.555133394270421
un703|2013-01-01|2013-12-01|0.224619372716885|0.265911513445803|0.05188642851778|0.183563698202425
un705|2013-01-01|2013-12-01|0.149395910509746|0.113411116634822|0.0412579236072478|0.209867501233556
un724|2013-01-01|2013-12-01|2.46893064757283|2.02640556733341|1.43458489428685|3.18437595733239
un840|2013-01-01|2013-12-01|15.6412154573638|11.3532636940375|49.3763278952799|18.3965364103128
un233|2013-01-01|2013-12-01|0.103977467455658|0.0892693758611867|0.0154596435062287|0.132924761568122
un608|2013-01-01|2013-12-01|0.238269527556959|0.241353275621037|0.0917601077706906|0.247957957923306
un246|2013-01-01|2013-12-01|0.510249435052594|0.480296027134474|0.0239624474346544|0.598414194357573
un250|2013-01-01|2013-12-01|4.62796727336169|3.5985930332745|3.62418422056771|6.15833135322932
un300|2013-01-01|2013-12-01|0.543003113955526|0.406991704901817|0.534010719337895|0.733407810228659
un528|2013-01-01|2013-12-01|3.19327615167305|4.05003831868058|0.573886444720093|2.24933751167403
un348|2013-01-01|2013-12-01|0.48878997692878|0.394854462480714|0.101164042193884|0.656702264583692
un356|2013-01-01|2013-12-01|1.7103751380069|2.09515063975075|2.14277085357944|1.13287281762063
un360|2013-01-01|2013-12-01|0.904131312151765|1.28779163517432|1.19244413561197|0.341937431192277
un368|2013-01-01|2013-12-01|0.525895022167698|0.91896923223878|0.0306945159210874|0.0253769861666616
un364|2013-01-01|2013-12-01|0.693418880189313|0.851867914515332|0.153665825149265|0.524128859164569
un372|2013-01-01|2013-12-01|0.830117580200479|1.06551851705412|0.0426106424140428|0.577237823987589
un352|2013-01-01|2013-12-01|0.0695345319449877|0.0540560128395156|0|0.0977433311338456
un376|2013-01-01|2013-12-01|0.446780051829518|0.424408761434751|0.153472579605437|0.505956280694959
un380|2013-01-01|2013-12-01|2.58899717641614|2.31996604460369|2.34439719140413|2.98727028743842
un392|2013-01-01|2013-12-01|3.62899434122665|3.04032305114089|2.92483473584255|4.51658988603862
un398|2013-01-01|2013-12-01|0.570195406623722|0.800098092109193|0|0.304233233868751
un414|2013-01-01|2013-12-01|0.726513477803881|1.09608371487884|0|0.280832116619714
un428|2013-01-01|2013-12-01|0.0880700330312395|0.0729974147329521|0.00386491087655716|0.117113638111285
un440|2013-01-01|2013-12-01|0.172611536583241|0.17405584076978|0.0213536325929783|0.185038001055893
un442|2013-01-01|2013-12-01|0.662880733316354|0.483915824956442|0.0036716653327293|0.975216108033742
un458|2013-01-01|2013-12-01|1.09892678174932|1.2453628943694|0.279920262493228|0.973035896268182
un470|2013-01-01|2013-12-01|0.110770653564042|0.0455832744061271|0.00840618115651186|0.211387986542082
un484|2013-01-01|2013-12-01|1.19457891127186|1.4863056701749|0.122778063684349|0.890342196100342
un566|2013-01-01|2013-12-01|0.762951825629316|1.21608092201257|0.533809289276916|0.153342756650933
un578|2013-01-01|2013-12-01|1.26566748964554|1.60754964398876|0.232446955935947|0.887851009116168
un554|2013-01-01|2013-12-01|0.377115349413154|0.2815646129674|0.0873805574870216|0.537933817559765
un586|2013-01-01|2013-12-01|0.207712813880648|0.108804841640018|1.14927095920896|0.255669292696669
un616|2013-01-01|2013-12-01|0.875865004332743|0.792877999873399|0.723834756084073|1.0060291487651
un620|2013-01-01|2013-12-01|0.485297411242974|0.35980352610508|0.154180464556376|0.691795209907
un826|2013-01-01|2013-12-01|5.52200571545285|4.09995652488847|4.97267087417032|7.55622168221627
un203|2013-01-01|2013-12-01|0.600909796412617|0.511963105186428|0.0424173968702149|0.778180742652028
un642|2013-01-01|2013-12-01|0.454519597222118|0.221017204612989|0.341500493749943|0.790718791982314
un643|2013-01-01|2013-12-01|4.21964231007366|4.56628846656534|8.92595142226862|3.2872845307627
un702|2013-01-01|2013-12-01|1.64265152282321|2.13579533240689|0.801922324824827|1.03566049456167
un710|2013-01-01|2013-12-01|0.589441052226672|0.516819241640991|0.319308781757281|0.716434359678716
un752|2013-01-01|2013-12-01|1.31961557901543|1.16901166341728|0.0888614246132728|1.64698727019319
un756|2013-01-01|2013-12-01|1.50698025411777|1.70961803371551|0.0291800771180066|1.36565561328099
un764|2013-01-01|2013-12-01|0.949056076762286|1.09883377528444|0.663392703189219|0.767594782786152
un792|2013-01-01|2013-12-01|1.08084843369926|0.745218309213363|0.852645187821066|1.57036902728231
un804|2013-01-01|2013-12-01|0.676874421308192|0.381527370816952|0.153922121788176|1.138393380863
un862|2013-01-01|2013-12-01|0.586878040578019|0.831509871187686|0.184167095526524|0.284400986556543
un704|2013-01-01|2013-12-01|0.410020649927751|0.53340491017384|0.0306945159210874|0.2742825571475
un604|2013-01-01|2013-12-01|0.26751960842759|0.343137487592751|0.498390488178485|0.140098900697783
