id_master_country;date_in;date_out;population;pib
un004;1990-01-01;1990-12-31;13032161;9246382633.1505
un008;1990-01-01;1990-12-31;3289483;12581772456.2995
un012;1990-01-01;1990-12-31;25299182;132681803177.802
un016;1990-01-01;1990-12-31;47052;305713063.967747
un020;1990-01-01;1990-12-31;52773;1504620674.3617
un024;1990-01-01;1990-12-31;10335052;28704755637.4299
un028;1990-01-01;1990-12-31;62202;719898668.483595
un031;1990-01-01;1990-12-31;7211692;33386488131.5312
un032;1990-01-01;1990-12-31;32642442;256132594036.129
un036;1990-01-01;1990-12-31;17096153;395808259494.998
un040;1990-01-01;1990-12-31;7670513;200468820538.696
un044;1990-01-01;1990-12-31;256128;5610842865.61493
un048;1990-01-01;1990-12-31;492891;8803226264.77249
un050;1990-01-01;1990-12-31;105256026;84055852031.6502
un051;1990-01-01;1990-12-31;3544695;9957305670.52134
un052;1990-01-01;1990-12-31;259501;3621278543.6775
un056;1990-01-01;1990-12-31;9949019;247988352195.562
un060;1990-01-01;1990-12-31;59795;2925448622.24693
un064;1990-01-01;1990-12-31;558500;995269645.359662
un068;1990-01-01;1990-12-31;6658462;19291453317.754
un070;1990-01-01;1990-12-31;4308197;16563347939.5448
un072;1990-01-01;1990-12-31;1382371;10822902147.8557
un076;1990-01-01;1990-12-31;149650206;1068043412878.95
un084;1990-01-01;1990-12-31;190241;926684589.731103
un090;1990-01-01;1990-12-31;309527;578855290.503996
un092;1990-01-01;1990-12-31;16491;112904406.777888
un096;1990-01-01;1990-12-31;252125;12748340385.3687
un100;1990-01-01;1990-12-31;8818915;63724403514.0247
un104;1990-01-01;1990-12-31;39268304;34838119762.3768
un108;1990-01-01;1990-12-31;5601720;3531556854.88638
un112;1990-01-01;1990-12-31;10259700;69845791307.5158
un116;1990-01-01;1990-12-31;9531928;6128099868.67102
un120;1990-01-01;1990-12-31;12180819;24801156986.2125
un124;1990-01-01;1990-12-31;27700854;758650876902.098
un132;1990-01-01;1990-12-31;348165;552848177.517024
un136;1990-01-01;1990-12-31;26048;1324835887.40775
un140;1990-01-01;1990-12-31;2934777;2498107460.75843
un144;1990-01-01;1990-12-31;17337048;35010504810.9057
un148;1990-01-01;1990-12-31;6011224;6005857966.26738
un152;1990-01-01;1990-12-31;13187821;85440551142.9114
un156;1990-01-01;1990-12-31;1145195229;1886574471410.78
un170;1990-01-01;1990-12-31;33203321;176055294715.416
un174;1990-01-01;1990-12-31;437876;563459989.330884
un175;1990-01-01;1990-12-31;92413;
un178;1990-01-01;1990-12-31;2388902;9713654964.11208
un180;1990-01-01;1990-12-31;36406226;21683277671.2823
un184;1990-01-01;1990-12-31;17614;158923096.988991
un188;1990-01-01;1990-12-31;3070240;18113407225.5882
un191;1990-01-01;1990-12-31;4517200;55644139799.872
un192;1990-01-01;1990-12-31;10570328;78893646436.7077
un196;1990-01-01;1990-12-31;766663;13472042228.2995
un203;1990-01-01;1990-12-31;10302718;167627000199.802
un204;1990-01-01;1990-12-31;4773137;5562944822.17401
un208;1990-01-01;1990-12-31;5141034;129598083158.609
un212;1990-01-01;1990-12-31;70926;485212667.352239
un214;1990-01-01;1990-12-31;7194666;21210737361.3055
un218;1990-01-01;1990-12-31;10260587;70206060640.3437
un222;1990-01-01;1990-12-31;5332842;22223377658.06
un226;1990-01-01;1990-12-31;373887;384246057.636523
un231;1990-01-01;1990-12-31;48333261;25362270420.409
un232;1990-01-01;1990-12-31;3158295;1505317531.83986
un233;1990-01-01;1990-12-31;1567631;16287402930.0592
un234;1990-01-01;1990-12-31;47558;
un238;1990-01-01;1990-12-31;1993;
un242;1990-01-01;1990-12-31;728390;2389565878.13547
un246;1990-01-01;1990-12-31;4986441;115589604222.546
un248;1990-01-01;1990-12-31;24604;
un250;1990-01-01;1990-12-31;56708260;1399374627882.42
un254;1990-01-01;1990-12-31;117038;843918110.241267
un258;1990-01-01;1990-12-31;195383;4620728558.17335
un262;1990-01-01;1990-12-31;562290;1398439242.10272
un266;1990-01-01;1990-12-31;929044;12955111343.8535
un268;1990-01-01;1990-12-31;5459999;29349187781.0739
un270;1990-01-01;1990-12-31;966151;651068221.718468
un276;1990-01-01;1990-12-31;79098094;1977147280738.96
un288;1990-01-01;1990-12-31;14793415;13222378003.714
un292;1990-01-01;1990-12-31;26830;
un296;1990-01-01;1990-12-31;71835;167295975.536225
un300;1990-01-01;1990-12-31;10160501;171220365970.236
un304;1990-01-01;1990-12-31;55552;1566804203.82354
un308;1990-01-01;1990-12-31;96200;561799971.567016
un312;1990-01-01;1990-12-31;386465;1356809670.63223
un316;1990-01-01;1990-12-31;133914;
un320;1990-01-01;1990-12-31;8923131;38627635229.9729
un324;1990-01-01;1990-12-31;5759374;4806062370.31517
un328;1990-01-01;1990-12-31;724931;1420138112.8244
un332;1990-01-01;1990-12-31;7124877;12418574078.4251
un336;1990-01-01;1990-12-31;770;
un340;1990-01-01;1990-12-31;4889311;14692256321.9971
un344;1990-01-01;1990-12-31;5793857;130571324054.477
un348;1990-01-01;1990-12-31;10376320;127721166501.064
un352;1990-01-01;1990-12-31;254793;6719624811.80846
un356;1990-01-01;1990-12-31;873785449;1013893272091.94
un360;1990-01-01;1990-12-31;184345939;386701568556.137
un364;1990-01-01;1990-12-31;54870583;347444170214.49
un368;1990-01-01;1990-12-31;17373767;130739911737.046
un372;1990-01-01;1990-12-31;3531219;59693889650.7064
un376;1990-01-01;1990-12-31;4499949;78727276815.238
un380;1990-01-01;1990-12-31;56832330;1225385761971.19
un384;1990-01-01;1990-12-31;12517730;22036435283.8378
un388;1990-01-01;1990-12-31;2364909;17255661876.8143
un392;1990-01-01;1990-12-31;122251184;3162654648639.02
un398;1990-01-01;1990-12-31;16530000;117123277101.272
un400;1990-01-01;1990-12-31;3415567;11609837099.1197
un404;1990-01-01;1990-12-31;23447177;33505912158.9166
un408;1990-01-01;1990-12-31;20143212;67938252552.0048
un410;1990-01-01;1990-12-31;42980365;419677175759.26
un414;1990-01-01;1990-12-31;2087687;46129449612.1747
un417;1990-01-01;1990-12-31;4394502;11158460796.8355
un418;1990-01-01;1990-12-31;4192414;4915102310.07522
un422;1990-01-01;1990-12-31;2948372;14297248478.4435
un426;1990-01-01;1990-12-31;1639177;1541252801.1887
un428;1990-01-01;1990-12-31;2663905;27219206066.3438
un430;1990-01-01;1990-12-31;2127098;1183771029.73884
un434;1990-01-01;1990-12-31;4334459;47980763807.9366
un438;1990-01-01;1990-12-31;28986;1550827713.68111
un440;1990-01-01;1990-12-31;3695890;48594516694.6253
un442;1990-01-01;1990-12-31;381225;16189725437.729
un446;1990-01-01;1990-12-31;359709;7372413716.00509
un450;1990-01-01;1990-12-31;11280625;13119787119.5713
un454;1990-01-01;1990-12-31;9380892;5654010218.86415
un458;1990-01-01;1990-12-31;18208562;116280172737.306
un462;1990-01-01;1990-12-31;219474;460844894.16815
un466;1990-01-01;1990-12-31;8672868;6211737399.12809
un470;1990-01-01;1990-12-31;367524;4959531350.80152
un474;1990-01-01;1990-12-31;359377;3977709747.0863
un478;1990-01-01;1990-12-31;1995548;2780713716.05429
un480;1990-01-01;1990-12-31;1059548;5878288562.29279
un484;1990-01-01;1990-12-31;84306602;767476075844.622
un492;1990-01-01;1990-12-31;30896;979934688.831121
un496;1990-01-01;1990-12-31;2192553;4974024100.97854
un498;1990-01-01;1990-12-31;4363950;21400052608.9974
un499;1990-01-01;1990-12-31;608816;6365578447.66475
un500;1990-01-01;1990-12-31;10714;163984377.333491
un504;1990-01-01;1990-12-31;24781105;74395421845.8683
un508;1990-01-01;1990-12-31;13547076;6004544874.3628
un512;1990-01-01;1990-12-31;1868055;32664085001.3409
un516;1990-01-01;1990-12-31;1414830;4912849119.26359
un520;1990-01-01;1990-12-31;9157;117930791.299108
un524;1990-01-01;1990-12-31;19081064;16270139169.8266
un528;1990-01-01;1990-12-31;14891719;370835421992.42
un533;1990-01-01;1990-12-31;62147;1511226652.14693
un540;1990-01-01;1990-12-31;169689;6139197428.22973
un548;1990-01-01;1990-12-31;146636;481195512.671323
un554;1990-01-01;1990-12-31;3397983;63996241641.2684
un558;1990-01-01;1990-12-31;4120797;9706406769.68922
un562;1990-01-01;1990-12-31;7788198;4989081745.91908
un566;1990-01-01;1990-12-31;97552057;153265368912.059
un570;1990-01-01;1990-12-31;2333;
un574;1990-01-01;1990-12-31;;
un578;1990-01-01;1990-12-31;4241485;132172113838.607
un580;1990-01-01;1990-12-31;43973;285707739.561629
un583;1990-01-01;1990-12-31;96319;520961201.947324
un584;1990-01-01;1990-12-31;47288;352876508.536406
un585;1990-01-01;1990-12-31;15089;241343097.557935
un586;1990-01-01;1990-12-31;111844679;204228006666.217
un591;1990-01-01;1990-12-31;2415926;14094983793.9598
un598;1990-01-01;1990-12-31;4157654;6603442199.42684
un600;1990-01-01;1990-12-31;4243860;18083536285.3237
un604;1990-01-01;1990-12-31;21685537;98980134163.863
un608;1990-01-01;1990-12-31;61628668;147101859507.856
un612;1990-01-01;1990-12-31;65;
un616;1990-01-01;1990-12-31;38056174;310999243340.03
un620;1990-01-01;1990-12-31;9925477;152547733348.966
un624;1990-01-01;1990-12-31;1016695;752712921.823582
un626;1990-01-01;1990-12-31;743145;1677818487.37646
un630;1990-01-01;1990-12-31;3528815;48957811217.6203
un634;1990-01-01;1990-12-31;473722;19190880664.038
un638;1990-01-01;1990-12-31;612034;3660129240.02327
un642;1990-01-01;1990-12-31;23206719;192189253709.001
un643;1990-01-01;1990-12-31;148243501;1881237616435.35
un646;1990-01-01;1990-12-31;7109538;5408528726.43307
un652;1990-01-01;1990-12-31;5038;
un654;1990-01-01;1990-12-31;5537;12077448.4894785
un659;1990-01-01;1990-12-31;40731;383754089.572106
un660;1990-01-01;1990-12-31;8332;102775340.478192
un662;1990-01-01;1990-12-31;138042;1032071225.54452
un663;1990-01-01;1990-12-31;;
un666;1990-01-01;1990-12-31;6279;
un670;1990-01-01;1990-12-31;107449;492883695.237041
un674;1990-01-01;1990-12-31;24134;636817823.573023
un678;1990-01-01;1990-12-31;116117;173827599.773838
un682;1990-01-01;1990-12-31;16139053;379605891274.276
un686;1990-01-01;1990-12-31;7241573;10306721261.3319
un688;1990-01-01;1990-12-31;9568744;135337073310.728
un690;1990-01-01;1990-12-31;71031;848591221.354646
un694;1990-01-01;1990-12-31;3981567;5164740007.82132
un702;1990-01-01;1990-12-31;3016624;69813119109.6685
un703;1990-01-01;1990-12-31;5270072;63280639015.1482
un704;1990-01-01;1990-12-31;67101583;59981082293.5921
un705;1990-01-01;1990-12-31;1926701;32071406706.932
un706;1990-01-01;1990-12-31;6599249;7301596399.59787
un710;1990-01-01;1990-12-31;36793907;286509585734.83
un716;1990-01-01;1990-12-31;10469202;7972324323.64904
un724;1990-01-01;1990-12-31;38889158;702529395911.327
un728;1990-01-01;1990-12-31;5420563;7657196111.84639
un729;1990-01-01;1990-12-31;21073606;29614954910.4617
un732;1990-01-01;1990-12-31;220794;
un740;1990-01-01;1990-12-31;406890;2385755582.19317
un748;1990-01-01;1990-12-31;862947;3212360749.52963
un752;1990-01-01;1990-12-31;8558829;216494739944.263
un756;1990-01-01;1990-12-31;6673738;219404339964.81
un760;1990-01-01;1990-12-31;12324116;39196942878.1465
un762;1990-01-01;1990-12-31;5303152;17913328002.5307
un764;1990-01-01;1990-12-31;57072058;230552457893.948
un768;1990-01-01;1990-12-31;3665509;4252485149.16154
un772;1990-01-01;1990-12-31;1609;
un776;1990-01-01;1990-12-31;95150;367946459.122617
un780;1990-01-01;1990-12-31;1215494;8646489682.73168
un784;1990-01-01;1990-12-31;1808642;58656482054.1835
un788;1990-01-01;1990-12-31;8215111;33001907772.2259
un792;1990-01-01;1990-12-31;54130268;314371605492.218
un795;1990-01-01;1990-12-31;3668000;18824454129.4654
un796;1990-01-01;1990-12-31;11549;206846757.004042
un798;1990-01-01;1990-12-31;9004;28535282.9355156
un800;1990-01-01;1990-12-31;17699717;11704858153.0156
un804;1990-01-01;1990-12-31;51644914;419522153674.966
un807;1990-01-01;1990-12-31;1909353;14371294411.0702
un818;1990-01-01;1990-12-31;56843275;226021331470.196
un826;1990-01-01;1990-12-31;57214474;1323000431859.28
un830;1990-01-01;1990-12-31;140137;
un831;1990-01-01;1990-12-31;62623;2087959642.11519
un832;1990-01-01;1990-12-31;83609;
un833;1990-01-01;1990-12-31;70313;1220744521.63726
un834;1990-01-01;1990-12-31;25478979;21677717447.3908
un840;1990-01-01;1990-12-31;253339097;8540159683553.53
un850;1990-01-01;1990-12-31;103253;
un854;1990-01-01;1990-12-31;9323996;8206734987.39954
un858;1990-01-01;1990-12-31;3109122;23213980848.955
un860;1990-01-01;1990-12-31;20515248;40895630356.4569
un862;1990-01-01;1990-12-31;19685177;190968735563.126
un876;1990-01-01;1990-12-31;13882;33875025.2828577
un882;1990-01-01;1990-12-31;161308;563275199.767109
un887;1990-01-01;1990-12-31;11948209;22979987492.4267
un894;1990-01-01;1990-12-31;7860053;10217999143.6158
un004;1995-01-01;1995-12-31;19789880;11911018388.5049
un008;1995-01-01;1995-12-31;3141102;10320199726.7722
un012;1995-01-01;1995-12-31;28291591;133888058878.189
un016;1995-01-01;1995-12-31;52919;373098109.873163
un020;1995-01-01;1995-12-31;64699;1621600794.10043
un024;1995-01-01;1995-12-31;12105105;24077352617.0745
un028;1995-01-01;1995-12-31;68642;799703742.781984
un031;1995-01-01;1995-12-31;7764798;14198616636.4938
un032;1995-01-01;1995-12-31;34855160;341852041152.894
un036;1995-01-01;1995-12-31;18118416;462358702175.468
un040;1995-01-01;1995-12-31;7935624;221553253909.013
un044;1995-01-01;1995-12-31;279774;5550968893.02587
un048;1995-01-01;1995-12-31;559069;11046676346.8832
un050;1995-01-01;1995-12-31;117486952;107245158312.233
un051;1995-01-01;1995-12-31;3223173;5261201405.69325
un052;1995-01-01;1995-12-31;263416;3426872403.02398
un056;1995-01-01;1995-12-31;10079873;266924585863.193
un060;1995-01-01;1995-12-31;61405;3208914514.25076
un064;1995-01-01;1995-12-31;518584;1201597842.85393
un068;1995-01-01;1995-12-31;7470925;23641859763.7694
un070;1995-01-01;1995-12-31;3332098;7332687105.63529
un072;1995-01-01;1995-12-31;1585637;12733420371.8048
un076;1995-01-01;1995-12-31;161848162;1248392039670.72
un084;1995-01-01;1995-12-31;220311;1250727554.1151
un090;1995-01-01;1995-12-31;356404;847953867.625065
un092;1995-01-01;1995-12-31;18440;521876498.042388
un096;1995-01-01;1995-12-31;289614;13839720819.3717
un100;1995-01-01;1995-12-31;8356624;56994746378.8856
un104;1995-01-01;1995-12-31;42133199;39344085391.8317
un108;1995-01-01;1995-12-31;6086751;3087192646.66151
un112;1995-01-01;1995-12-31;10274231;44749508081.0252
un116;1995-01-01;1995-12-31;11169233;7909954461.1803
un120;1995-01-01;1995-12-31;13940337;22499218936.2646
un124;1995-01-01;1995-12-31;29302092;819569928820.686
un132;1995-01-01;1995-12-31;394946;671514776.190607
un136;1995-01-01;1995-12-31;32792;1612349185.60421
un140;1995-01-01;1995-12-31;3327710;2582161212.48498
un144;1995-01-01;1995-12-31;18229498;44926794734.3278
un148;1995-01-01;1995-12-31;6998108;6969991557.10216
un152;1995-01-01;1995-12-31;14409416;130872321137.582
un156;1995-01-01;1995-12-31;1213986610;3060875016243.46
un170;1995-01-01;1995-12-31;36453337;219208871186.33
un174;1995-01-01;1995-12-31;494486;597945722.516864
un175;1995-01-01;1995-12-31;121949;
un178;1995-01-01;1995-12-31;2732706;9713105069.06472
un180;1995-01-01;1995-12-31;44067369;16182278471.5173
un184;1995-01-01;1995-12-31;18307;190412413.292868
un188;1995-01-01;1995-12-31;3468918;22601062894.9314
un191;1995-01-01;1995-12-31;4669001;40326069683.4049
un192;1995-01-01;1995-12-31;10900795;53149794843.0976
un196;1995-01-01;1995-12-31;855424;17262574621.8423
un203;1995-01-01;1995-12-31;10319337;159882370022.092
un204;1995-01-01;1995-12-31;5651141;6649508830.82652
un208;1995-01-01;1995-12-31;5233364;146458777902.223
un212;1995-01-01;1995-12-31;71364;525165511.0886
un214;1995-01-01;1995-12-31;7916309;25478560544.4629
un218;1995-01-01;1995-12-31;11384506;83517546581.6268
un222;1995-01-01;1995-12-31;5733401;28909594549.7177
un226;1995-01-01;1995-12-31;442527;592093182.729095
un231;1995-01-01;1995-12-31;57042197;26890470672.1376
un232;1995-01-01;1995-12-31;3212503;2590920585.3978
un233;1995-01-01;1995-12-31;1440710;11812549655.2615
un234;1995-01-01;1995-12-31;43483;
un238;1995-01-01;1995-12-31;2439;
un242;1995-01-01;1995-12-31;775651;2812053756.61106
un246;1995-01-01;1995-12-31;5107802;110584656018.985
un248;1995-01-01;1995-12-31;;
un250;1995-01-01;1995-12-31;57844501;1478323239066.54
un254;1995-01-01;1995-12-31;138916;1079193606.56406
un258;1995-01-01;1995-12-31;215798;4959627544.00122
un262;1995-01-01;1995-12-31;626537;1285691223.26099
un266;1995-01-01;1995-12-31;1087327;15337659064.4288
un268;1995-01-01;1995-12-31;5069269;8353250414.9491
un270;1995-01-01;1995-12-31;1126183;710792381.42655
un276;1995-01-01;1995-12-31;81929441;2224053157837.99
un288;1995-01-01;1995-12-31;16996901;16341090591.3827
un292;1995-01-01;1995-12-31;27283;
un296;1995-01-01;1995-12-31;77248;191497771.77508
un300;1995-01-01;1995-12-31;10671809;186680956676.805
un304;1995-01-01;1995-12-31;55617;1549641179.27736
un308;1995-01-01;1995-12-31;100163;628975501.454266
un312;1995-01-01;1995-12-31;404700;1905701461.81209
un316;1995-01-01;1995-12-31;145559;
un320;1995-01-01;1995-12-31;10015675;46294129339.0191
un324;1995-01-01;1995-12-31;7565235;6245086053.64393
un328;1995-01-01;1995-12-31;727979;1986765525.70426
un332;1995-01-01;1995-12-31;7877569;10238887539.5448
un336;1995-01-01;1995-12-31;781;
un340;1995-01-01;1995-12-31;5575099;17137258483.2782
un344;1995-01-01;1995-12-31;6144316;166007440524.919
un348;1995-01-01;1995-12-31;10331403;113649619152.704
un352;1995-01-01;1995-12-31;267478;6911762186.12313
un356;1995-01-01;1995-12-31;964486155;1305943118058.9
un360;1995-01-01;1995-12-31;199400339;568633167151.282
un364;1995-01-01;1995-12-31;59757114;447928628445.685
un368;1995-01-01;1995-12-31;20288226;60317758089.8323
un372;1995-01-01;1995-12-31;3610958;74320678030.6381
un376;1995-01-01;1995-12-31;5332079;107414903616.191
un380;1995-01-01;1995-12-31;56968039;1349020773211.15
un384;1995-01-01;1995-12-31;14677200;24079647582.8093
un388;1995-01-01;1995-12-31;2461516;18521637213.2199
un392;1995-01-01;1995-12-31;124486744;3424515789369.04
un398;1995-01-01;1995-12-31;15925853;71554708854.9796
un400;1995-01-01;1995-12-31;4382005;16354250925.9005
un404;1995-01-01;1995-12-31;27425720;36631787377.2638
un408;1995-01-01;1995-12-31;21770898;43541796000
un410;1995-01-01;1995-12-31;44662143;610711408259.375
un414;1995-01-01;1995-12-31;1627911;73189388809.5964
un417;1995-01-01;1995-12-31;4592135;5717156230.57081
un418;1995-01-01;1995-12-31;4795112;6529875682.40348
un422;1995-01-01;1995-12-31;3462974;28644762598.8446
un426;1995-01-01;1995-12-31;1794531;1916430123.65204
un428;1995-01-01;1995-12-31;2492095;15430552666.1646
un430;1995-01-01;1995-12-31;2094591;1387033576.26106
un434;1995-01-01;1995-12-31;4775009;41723318157.7971
un438;1995-01-01;1995-12-31;30941;1931123983.37781
un440;1995-01-01;1995-12-31;3629104;28322160819.7829
un442;1995-01-01;1995-12-31;407522;19628402514.3232
un446;1995-01-01;1995-12-31;398426;9822426168.27445
un450;1995-01-01;1995-12-31;13129227;12986635175.736
un454;1995-01-01;1995-12-31;9883350;6457116515.46475
un458;1995-01-01;1995-12-31;20720810;185690862640.954
un462;1995-01-01;1995-12-31;248712;630161266.941029
un466;1995-01-01;1995-12-31;9824510;7301245169.81856
un470;1995-01-01;1995-12-31;386576;6486677024.05652
un474;1995-01-01;1995-12-31;369709;4408760557.3596
un478;1995-01-01;1995-12-31;2292053;3259741595.04893
un480;1995-01-01;1995-12-31;1137098;7713964351.06646
un484;1995-01-01;1995-12-31;92272749;826258568312.883
un492;1995-01-01;1995-12-31;33014;1079641578.86524
un496;1995-01-01;1995-12-31;2306131;4183576166.80736
un498;1995-01-01;1995-12-31;4338750;8273014079.01644
un499;1995-01-01;1995-12-31;643227;3182232621.06644
un500;1995-01-01;1995-12-31;10210;127028094.666258
un504;1995-01-01;1995-12-31;26928600;76172244807.0124
un508;1995-01-01;1995-12-31;15933452;6689957889.52727
un512;1995-01-01;1995-12-31;2232018;43135054488.7122
un516;1995-01-01;1995-12-31;1651352;6313307433.66336
un520;1995-01-01;1995-12-31;9970;83700861.152468
un524;1995-01-01;1995-12-31;21594872;20915798925.4338
un528;1995-01-01;1995-12-31;15422165;422936766959.738
un533;1995-01-01;1995-12-31;80323;2036981870.13019
un540;1995-01-01;1995-12-31;190756;7044263281.79726
un548;1995-01-01;1995-12-31;168263;598279034.983126
un554;1995-01-01;1995-12-31;3675060;75932162691.8564
un558;1995-01-01;1995-12-31;4637040;9986738823.33621
un562;1995-01-01;1995-12-31;9178575;5300461082.29212
un566;1995-01-01;1995-12-31;110014688;171767275088.032
un570;1995-01-01;1995-12-31;2168;
un574;1995-01-01;1995-12-31;;
un578;1995-01-01;1995-12-31;4359096;161177694738.37
un580;1995-01-01;1995-12-31;57517;405515674.626783
un583;1995-01-01;1995-12-31;107233;634664840.893348
un584;1995-01-01;1995-12-31;51008;362781353.847082
un585;1995-01-01;1995-12-31;17254;226993108.883444
un586;1995-01-01;1995-12-31;127346713;259577905928.464
un591;1995-01-01;1995-12-31;2676926;18525621543.3467
un598;1995-01-01;1995-12-31;4715617;9922532087.35529
un600;1995-01-01;1995-12-31;4795365;20706590706.7683
un604;1995-01-01;1995-12-31;23827163;129949888286.798
un608;1995-01-01;1995-12-31;69255386;165083314227.379
un612;1995-01-01;1995-12-31;61;
un616;1995-01-01;1995-12-31;38391778;345022777523.995
un620;1995-01-01;1995-12-31;10124943;166928278449.536
un624;1995-01-01;1995-12-31;1125392;848574239.551504
un626;1995-01-01;1995-12-31;852817;2718818884.60294
un630;1995-01-01;1995-12-31;3701618;60133494810.744
un634;1995-01-01;1995-12-31;501371;20585425681.2363
un638;1995-01-01;1995-12-31;675664;3886606776.3793
un642;1995-01-01;1995-12-31;22680954;169810004018.824
un643;1995-01-01;1995-12-31;148698582;1167460359123.6
un646;1995-01-01;1995-12-31;5570206;3238440153.33305
un652;1995-01-01;1995-12-31;;
un654;1995-01-01;1995-12-31;5261;11893900.698034
un659;1995-01-01;1995-12-31;43121;462514902.078488
un660;1995-01-01;1995-12-31;9805;126367759.413797
un662;1995-01-01;1995-12-31;147067;1154735409.78895
un663;1995-01-01;1995-12-31;;
un666;1995-01-01;1995-12-31;6301;
un670;1995-01-01;1995-12-31;108087;509466595.388637
un674;1995-01-01;1995-12-31;25678;828692474.300474
un678;1995-01-01;1995-12-31;127935;176932724.350174
un682;1995-01-01;1995-12-31;18491845;391337635079.498
un686;1995-01-01;1995-12-31;8369125;11156304648.974
un688;1995-01-01;1995-12-31;10203932;71551923221.1933
un690;1995-01-01;1995-12-31;74755;978060904.604453
un694;1995-01-01;1995-12-31;3898363;3777510024.06319
un702;1995-01-01;1995-12-31;3481674;107212838179.691
un703;1995-01-01;1995-12-31;5368894;57768416851.3867
un704;1995-01-01;1995-12-31;74008073;89412340343.7413
un705;1995-01-01;1995-12-31;1966205;31178672624.8776
un706;1995-01-01;1995-12-31;6524697;6214804268.21275
un710;1995-01-01;1995-12-31;41402400;302411436571.621
un716;1995-01-01;1995-12-31;11684693;8382136379.5501
un724;1995-01-01;1995-12-31;39426834;759839630792.874
un728;1995-01-01;1995-12-31;6166715;9225474160.65027
un729;1995-01-01;1995-12-31;23974432;35680422784.1371
un732;1995-01-01;1995-12-31;259049;
un740;1995-01-01;1995-12-31;435920;2401556970.18186
un748;1995-01-01;1995-12-31;963591;3634274575.30844
un752;1995-01-01;1995-12-31;8826949;218236864932.08
un756;1995-01-01;1995-12-31;7018702;221305073825.97
un760;1995-01-01;1995-12-31;14171130;55517646075.4385
un762;1995-01-01;1995-12-31;5775404;6340714869.22016
un764;1995-01-01;1995-12-31;59650157;342071253428.44
un768;1995-01-01;1995-12-31;4085492;4191997359.66758
un772;1995-01-01;1995-12-31;1520;
un776;1995-01-01;1995-12-31;95907;430659085.713543
un780;1995-01-01;1995-12-31;1261443;10181305525.1732
un784;1995-01-01;1995-12-31;2348539;68910011037.2666
un788;1995-01-01;1995-12-31;8935523;39717928041.0278
un792;1995-01-01;1995-12-31;58864649;360546189282.718
un795;1995-01-01;1995-12-31;4188010;12125990609.8659
un796;1995-01-01;1995-12-31;15333;340162113.074464
un798;1995-01-01;1995-12-31;9227;32627880.2823331
un800;1995-01-01;1995-12-31;20831075;15730826839.8855
un804;1995-01-01;1995-12-31;51121722;199862384184.192
un807;1995-01-01;1995-12-31;1963484;12108088481.3274
un818;1995-01-01;1995-12-31;62063810;244228460642.441
un826;1995-01-01;1995-12-31;57997210;1433459868603.31
un830;1995-01-01;1995-12-31;141934;
un831;1995-01-01;1995-12-31;62668;2327397495.89193
un832;1995-01-01;1995-12-31;86297;
un833;1995-01-01;1995-12-31;72183;1353714832.41001
un834;1995-01-01;1995-12-31;29943732;23775968795.647
un840;1995-01-01;1995-12-31;266323717;9335521489590.53
un850;1995-01-01;1995-12-31;107018;
un854;1995-01-01;1995-12-31;10692138;9515007287.62382
un858;1995-01-01;1995-12-31;3223401;27383019687.0159
un860;1995-01-01;1995-12-31;22919357;33484791710.6646
un862;1995-01-01;1995-12-31;22034909;218925845956.372
un876;1995-01-01;1995-12-31;14146;37457324.4153302
un882;1995-01-01;1995-12-31;168257;593856411.123268
un887;1995-01-01;1995-12-31;15148172;29851010316.4353
un894;1995-01-01;1995-12-31;8919456;9078148635.44873
un004;2000-01-01;2000-12-31;22856302;15174524666.205
un008;2000-01-01;2000-12-31;3071856;12887082139.09
un012;2000-01-01;2000-12-31;30533827;155687512631.915
un016;2000-01-01;2000-12-31;57625;440857130.132628
un020;2000-01-01;2000-12-31;64634;1956208834.0541
un024;2000-01-01;2000-12-31;13926373;34072903027.9384
un028;2000-01-01;2000-12-31;77656;989239953.030226
un031;2000-01-01;2000-12-31;8110723;20545841428.502
un032;2000-01-01;2000-12-31;36930709;390407953737.304
un036;2000-01-01;2000-12-31;19164351;560394647615.596
un040;2000-01-01;2000-12-31;8004712;256218861353.477
un044;2000-01-01;2000-12-31;297651;6765133445.78696
un048;2000-01-01;2000-12-31;638193;14050024943.2515
un050;2000-01-01;2000-12-31;129592275;139368014205.049
un051;2000-01-01;2000-12-31;3076098;6503046122.50116
un052;2000-01-01;2000-12-31;267511;4007882689.13279
un056;2000-01-01;2000-12-31;10175684;304662061912.46
un060;2000-01-01;2000-12-31;62834;3780578153.52888
un064;2000-01-01;2000-12-31;571262;1669292789.61194
un068;2000-01-01;2000-12-31;8307248;28200681797.2387
un070;2000-01-01;2000-12-31;3693698;21176517965.159
un072;2000-01-01;2000-12-31;1757925;17769082844.9777
un076;2000-01-01;2000-12-31;174425387;1405181550874.51
un084;2000-01-01;2000-12-31;250512;1639714556.84648
un090;2000-01-01;2000-12-31;408732;736544716.238653
un092;2000-01-01;2000-12-31;20499;881065771.457235
un096;2000-01-01;2000-12-31;327036;15704384675.9257
un100;2000-01-01;2000-12-31;8006158;55298643162.8661
un104;2000-01-01;2000-12-31;44957660;46506437419.8317
un108;2000-01-01;2000-12-31;6374347;2828710436.42342
un112;2000-01-01;2000-12-31;10057810;59705552101.7344
un116;2000-01-01;2000-12-31;12446949;10372797735.5927
un120;2000-01-01;2000-12-31;15678269;28274767319.2689
un124;2000-01-01;2000-12-31;30667365;995113294151.782
un132;2000-01-01;2000-12-31;437238;1001838865.72116
un136;2000-01-01;2000-12-31;40195;1975863857.44404
un140;2000-01-01;2000-12-31;3701607;2821293669.12968
un144;2000-01-01;2000-12-31;18745084;56191937639.1376
un148;2000-01-01;2000-12-31;8222327;8362394310.85642
un152;2000-01-01;2000-12-31;15419820;160908509154.591
un156;2000-01-01;2000-12-31;1269116737;3822736935284.87
un170;2000-01-01;2000-12-31;39764166;228626140633.422
un174;2000-01-01;2000-12-31;562469;613538203.586102
un175;2000-01-01;2000-12-31;148753;
un178;2000-01-01;2000-12-31;3135773;10735388682.0937
un180;2000-01-01;2000-12-31;49626200;14513234188.7604
un184;2000-01-01;2000-12-31;17830;236933453.542193
un188;2000-01-01;2000-12-31;3919180;30071268312.3455
un191;2000-01-01;2000-12-31;4505533;47680560655.6551
un192;2000-01-01;2000-12-31;11104313;67909469313.785
un196;2000-01-01;2000-12-31;943294;21527272236.5782
un203;2000-01-01;2000-12-31;10242890;172318573725.571
un204;2000-01-01;2000-12-31;6517810;8522481296.86316
un208;2000-01-01;2000-12-31;5339501;169825687593.59
un212;2000-01-01;2000-12-31;69672;570554993.930322
un214;2000-01-01;2000-12-31;8591967;37375744849.1992
un218;2000-01-01;2000-12-31;12345023;69334819309.274
un222;2000-01-01;2000-12-31;5940305;31728792097.1243
un226;2000-01-01;2000-12-31;520380;2727026876.68755
un231;2000-01-01;2000-12-31;65577897;33599590124.5902
un232;2000-01-01;2000-12-31;3667576;2719748729.07341
un233;2000-01-01;2000-12-31;1370749;15413368263.983
un234;2000-01-01;2000-12-31;45743;
un238;2000-01-01;2000-12-31;2881;
un242;2000-01-01;2000-12-31;811718;3130241661.95025
un246;2000-01-01;2000-12-31;5173370;140570634337.17
un248;2000-01-01;2000-12-31;25776;
un250;2000-01-01;2000-12-31;59047795;1690901772472.58
un254;2000-01-01;2000-12-31;164983;1380892814.55797
un258;2000-01-01;2000-12-31;237638;5859916774.07414
un262;2000-01-01;2000-12-31;731930;1386302963.12328
un266;2000-01-01;2000-12-31;1235274;15767101570.6817
un268;2000-01-01;2000-12-31;4745765;11068182068.9499
un270;2000-01-01;2000-12-31;1297084;891291228.997614
un276;2000-01-01;2000-12-31;82349027;2447979541960.73
un288;2000-01-01;2000-12-31;19165490;20461083824.3461
un292;2000-01-01;2000-12-31;27348;
un296;2000-01-01;2000-12-31;84010;294173344.706364
un300;2000-01-01;2000-12-31;10986883;227156106066.637
un304;2000-01-01;2000-12-31;56196;1865932729.01879
un308;2000-01-01;2000-12-31;101522;878675574.947208
un312;2000-01-01;2000-12-31;427214;2698236667.17442
un316;2000-01-01;2000-12-31;155147;
un320;2000-01-01;2000-12-31;11237101;54890102387.4092
un324;2000-01-01;2000-12-31;8344486;7565294164.22541
un328;2000-01-01;2000-12-31;733101;2302926216.49959
un332;2000-01-01;2000-12-31;8645371;11623593438.1377
un336;2000-01-01;2000-12-31;787;
un340;2000-01-01;2000-12-31;6218151;19237185659.5175
un344;2000-01-01;2000-12-31;6783317;203312140733.322
un348;2000-01-01;2000-12-31;10210545;138785310182.646
un352;2000-01-01;2000-12-31;281210;8743388474.02197
un356;2000-01-01;2000-12-31;1053898107;1737044112790.14
un360;2000-01-01;2000-12-31;213395411;579356567527.147
un364;2000-01-01;2000-12-31;65342319;561991888002.551
un368;2000-01-01;2000-12-31;23857458;94278536108.8335
un372;2000-01-01;2000-12-31;3803780;117262841739.877
un376;2000-01-01;2000-12-31;6014953;137351020740.576
un380;2000-01-01;2000-12-31;56986329;1547775389845.53
un384;2000-01-01;2000-12-31;16581653;28956750526.6652
un388;2000-01-01;2000-12-31;2581648;17901220752.9859
un392;2000-01-01;2000-12-31;125720310;3590521813654
un398;2000-01-01;2000-12-31;14956694;80257987196.4318
un400;2000-01-01;2000-12-31;4827096;17689171000.5474
un404;2000-01-01;2000-12-31;31253701;41207688200.1346
un408;2000-01-01;2000-12-31;22894095;38689699425.6519
un410;2000-01-01;2000-12-31;45987624;781601867339.22
un414;2000-01-01;2000-12-31;1940786;70640651042.0741
un417;2000-01-01;2000-12-31;4954850;7570130366.16583
un418;2000-01-01;2000-12-31;5317060;8072648440.4847
un422;2000-01-01;2000-12-31;3742329;32969886066.6859
un426;2000-01-01;2000-12-31;1963878;2330424795.46322
un428;2000-01-01;2000-12-31;2384972;20628158030.908
un430;2000-01-01;2000-12-31;2847290;1479138328.23738
un434;2000-01-01;2000-12-31;5231189;47811378800.7876
un438;2000-01-01;2000-12-31;32853;2718581900.81866
un440;2000-01-01;2000-12-31;3500028;33711055133.5517
un442;2000-01-01;2000-12-31;435491;27838397538.287
un446;2000-01-01;2000-12-31;431867;9722432802.01273
un450;2000-01-01;2000-12-31;15364272;15780473483.8029
un454;2000-01-01;2000-12-31;11228756;8014805401.24134
un458;2000-01-01;2000-12-31;23414909;237930470592.251
un462;2000-01-01;2000-12-31;273236;938156194.453129
un466;2000-01-01;2000-12-31;11295324;9654415635.97273
un470;2000-01-01;2000-12-31;397420;8058165742.24312
un474;2000-01-01;2000-12-31;385349;4950902858.88299
un478;2000-01-01;2000-12-31;2642743;4072049286.84649
un480;2000-01-01;2000-12-31;1196027;9916197971.76844
un484;2000-01-01;2000-12-31;99959594;1089011243988.13
un492;2000-01-01;2000-12-31;35126;1295440964.69955
un496;2000-01-01;2000-12-31;2411369;4864971482.15619
un498;2000-01-01;2000-12-31;4106736;6948984073.95525
un499;2000-01-01;2000-12-31;632606;3913104624.76475
un500;2000-01-01;2000-12-31;4931;62844906.2135591
un504;2000-01-01;2000-12-31;28793236;88493896765.2162
un508;2000-01-01;2000-12-31;18200656;9879468753.5087
un512;2000-01-01;2000-12-31;2264163;43481633531.0878
un516;2000-01-01;2000-12-31;1895839;7626736347.90063
un520;2000-01-01;2000-12-31;10041;69159203.8379349
un524;2000-01-01;2000-12-31;24400606;25737532516.3152
un528;2000-01-01;2000-12-31;15862825;523475953541.954
un533;2000-01-01;2000-12-31;90271;2591810581.12638
un540;2000-01-01;2000-12-31;211965;7182328553.47091
un548;2000-01-01;2000-12-31;185074;696283481.430907
un554;2000-01-01;2000-12-31;3858032;84472212410.217
un558;2000-01-01;2000-12-31;5073704;12637562351.416
un562;2000-01-01;2000-12-31;10922421;6304321730.62958
un566;2000-01-01;2000-12-31;123688536;200266057879.226
un570;2000-01-01;2000-12-31;1900;
un574;2000-01-01;2000-12-31;;
un578;2000-01-01;2000-12-31;4490859;193890507315.446
un580;2000-01-01;2000-12-31;68432;523535533.696069
un583;2000-01-01;2000-12-31;107103;592296266.849038
un584;2000-01-01;2000-12-31;52145;297126274.480321
un585;2000-01-01;2000-12-31;19172;243935065.945936
un586;2000-01-01;2000-12-31;144522192;301539466150.091
un591;2000-01-01;2000-12-31;2956126;21892980241.9854
un598;2000-01-01;2000-12-31;5378824;9798486751.1802
un600;2000-01-01;2000-12-31;5343539;20878809341.1149
un604;2000-01-01;2000-12-31;25861887;149775811046.589
un608;2000-01-01;2000-12-31;77309965;200919812331.379
un612;2000-01-01;2000-12-31;58;
un616;2000-01-01;2000-12-31;38302444;447402843768.623
un620;2000-01-01;2000-12-31;10336209;202690305937.41
un624;2000-01-01;2000-12-31;1240655;784188126.932392
un626;2000-01-01;2000-12-31;830089;2277093187.86783
un630;2000-01-01;2000-12-31;3814353;70825742793.0108
un634;2000-01-01;2000-12-31;590957;35690512615.6785
un638;2000-01-01;2000-12-31;738984;4496003497.21323
un642;2000-01-01;2000-12-31;22191683;157335264571.883
un643;2000-01-01;2000-12-31;146757517;1263347006862.47
un646;2000-01-01;2000-12-31;8098344;5701530007.35046
un652;2000-01-01;2000-12-31;;
un654;2000-01-01;2000-12-31;5059;10661564.4371814
un659;2000-01-01;2000-12-31;46083;575614663.474112
un660;2000-01-01;2000-12-31;11068;172126499.405448
un662;2000-01-01;2000-12-31;157108;1363099953.93647
un663;2000-01-01;2000-12-31;;
un666;2000-01-01;2000-12-31;6270;
un670;2000-01-01;2000-12-31;107891;635873809.635827
un674;2000-01-01;2000-12-31;26967;1067934427.54334
un678;2000-01-01;2000-12-31;141010;186215400.377077
un682;2000-01-01;2000-12-31;20045276;400943070104.931
un686;2000-01-01;2000-12-31;9505862;14367984785.1799
un688;2000-01-01;2000-12-31;10133561;66955765862.9525
un690;2000-01-01;2000-12-31;78685;1198403875.93716
un694;2000-01-01;2000-12-31;4143115;2144786217.37401
un702;2000-01-01;2000-12-31;3919300;144366826453.054
un703;2000-01-01;2000-12-31;5404845;68586184479.7281
un704;2000-01-01;2000-12-31;78758010;124243263469.167
un705;2000-01-01;2000-12-31;1985406;38516259805.1557
un706;2000-01-01;2000-12-31;7399033;6522348386.77194
un710;2000-01-01;2000-12-31;44760380;333663822955.049
un716;2000-01-01;2000-12-31;12509477;9329179829.04956
un724;2000-01-01;2000-12-31;40288457;943159419136.279
un728;2000-01-01;2000-12-31;6994624;13176231277.2959
un729;2000-01-01;2000-12-31;27193105;50960359260.3605
un732;2000-01-01;2000-12-31;315340;
un740;2000-01-01;2000-12-31;466846;2650421002.257
un748;2000-01-01;2000-12-31;1063832;4277906318.43359
un752;2000-01-01;2000-12-31;8860153;253921393061.958
un756;2000-01-01;2000-12-31;7167908;246482153399.478
un760;2000-01-01;2000-12-31;15988534;62920814081.9927
un762;2000-01-01;2000-12-31;6172807;6182069092.00688
un764;2000-01-01;2000-12-31;63155029;352304196783.204
un768;2000-01-01;2000-12-31;4793504;4267943279.37038
un772;2000-01-01;2000-12-31;1552;
un776;2000-01-01;2000-12-31;97935;478536505.847993
un780;2000-01-01;2000-12-31;1292058;13562611205.894
un784;2000-01-01;2000-12-31;3033491;91042095796.9935
un788;2000-01-01;2000-12-31;9456117;51822505574.7173
un792;2000-01-01;2000-12-31;63627862;432878595035.403
un795;2000-01-01;2000-12-31;4501419;14808509066.2101
un796;2000-01-01;2000-12-31;18873;506168647.566831
un798;2000-01-01;2000-12-31;9419;35255970.0158157
un800;2000-01-01;2000-12-31;24213120;21336801513.0177
un804;2000-01-01;2000-12-31;48891792;180916787656.279
un807;2000-01-01;2000-12-31;2009091;14014648122.6887
un818;2000-01-01;2000-12-31;67648419;313175582387.171
un826;2000-01-01;2000-12-31;58874117;1686432151925
un830;2000-01-01;2000-12-31;145330;
un831;2000-01-01;2000-12-31;64080;2812183954.7214
un832;2000-01-01;2000-12-31;88915;
un833;2000-01-01;2000-12-31;76803;2187197259.44925
un834;2000-01-01;2000-12-31;34038161;28123512000.2479
un840;2000-01-01;2000-12-31;282496310;11231629328504.4
un850;2000-01-01;2000-12-31;108511;
un854;2000-01-01;2000-12-31;12294012;12312173565.287
un858;2000-01-01;2000-12-31;3319066;30178002693.5466
un860;2000-01-01;2000-12-31;24775610;40513458542.7811
un862;2000-01-01;2000-12-31;24348304;229707682068.691
un876;2000-01-01;2000-12-31;14499;41659749.9798634
un882;2000-01-01;2000-12-31;176549;722231232.369031
un887;2000-01-01;2000-12-31;17723186;39293611406.1803
un894;2000-01-01;2000-12-31;10201562;10567834581.6561
un004;2005-01-01;2005-12-31;27614718;24135263532
un008;2005-01-01;2005-12-31;3141800;16868324200
un012;2005-01-01;2005-12-31;32888449;197692466939
un016;2005-01-01;2005-12-31;62962;605557291.506282
un020;2005-01-01;2005-12-31;77888;3037819696.76942
un024;2005-01-01;2005-12-31;16489021;58255711193
un028;2005-01-01;2005-12-31;83916;1223411364
un031;2005-01-01;2005-12-31;8587902;39916568496
un032;2005-01-01;2005-12-31;38681174;427929827962
un036;2005-01-01;2005-12-31;20403520;669194648960
un040;2005-01-01;2005-12-31;8232196;280783741168
un044;2005-01-01;2005-12-31;319358;7351940518
un048;2005-01-01;2005-12-31;724807;19740843452
un050;2005-01-01;2005-12-31;140587922;178265485096
un051;2005-01-01;2005-12-31;3065954;11966418462
un052;2005-01-01;2005-12-31;270503;4283956011
un056;2005-01-01;2005-12-31;10414209;334056582093
un060;2005-01-01;2005-12-31;64130;4483763588.42997
un064;2005-01-01;2005-12-31;659293;2435428342
un068;2005-01-01;2005-12-31;9146655;33092597790
un070;2005-01-01;2005-12-31;3781001;24599192506
un072;2005-01-01;2005-12-31;1875673;22614989361
un076;2005-01-01;2005-12-31;185986964;1598743933948
un084;2005-01-01;2005-12-31;280947;2048103630
un090;2005-01-01;2005-12-31;469805;804306160
un092;2005-01-01;2005-12-31;21990;988697125.088535
un096;2005-01-01;2005-12-31;363123;17235633195
un100;2005-01-01;2005-12-31;7739115;72383942595
un104;2005-01-01;2005-12-31;46321162;54160769687.4828
un108;2005-01-01;2005-12-31;7251424;3046181634.85166
un112;2005-01-01;2005-12-31;9825102;83916196182
un116;2005-01-01;2005-12-31;13357574;19408555022
un120;2005-01-01;2005-12-31;17553589;35019410055
un124;2005-01-01;2005-12-31;32283413;1132437561214
un132;2005-01-01;2005-12-31;472883;1338731773
un136;2005-01-01;2005-12-31;52268;2541910416.94673
un140;2005-01-01;2005-12-31;4017880;2712069000
un144;2005-01-01;2005-12-31;19842536;69071867816
un148;2005-01-01;2005-12-31;9785902;17115542598
un152;2005-01-01;2005-12-31;16301726;199891764212
un156;2005-01-01;2005-12-31;1307593489;6419237931652.8
un170;2005-01-01;2005-12-31;43040558;271413758748
un174;2005-01-01;2005-12-31;642974;683481362
un175;2005-01-01;2005-12-31;174681;1680050716.9024
un178;2005-01-01;2005-12-31;3533177;12793633917
un180;2005-01-01;2005-12-31;57420522;18948772260
un184;2005-01-01;2005-12-31;19402;358590405.470339
un188;2005-01-01;2005-12-31;4309413;37323825993
un191;2005-01-01;2005-12-31;4441986;58776358752
un192;2005-01-01;2005-12-31;11254242;83362850626.9134
un196;2005-01-01;2005-12-31;1032562;25269889826
un203;2005-01-01;2005-12-31;10220638;207284759278
un204;2005-01-01;2005-12-31;7633757;10610922230
un208;2005-01-01;2005-12-31;5419444;182234223944
un212;2005-01-01;2005-12-31;68925;591100800
un214;2005-01-01;2005-12-31;9264267;47924053191
un218;2005-01-01;2005-12-31;13426402;87714684266
un222;2005-01-01;2005-12-31;6050513;32690921739
un226;2005-01-01;2005-12-31;607739;7292260261
un231;2005-01-01;2005-12-31;74263861;43889941851
un232;2005-01-01;2005-12-31;4486155;3073016175
un233;2005-01-01;2005-12-31;1345857;22413902478
un234;2005-01-01;2005-12-31;48258;1905985260.55677
un238;2005-01-01;2005-12-31;2958;77208476.0845274
un242;2005-01-01;2005-12-31;822553;3462125577
un246;2005-01-01;2005-12-31;5244342;159789856398
un248;2005-01-01;2005-12-31;26766;
un250;2005-01-01;2005-12-31;60996506;1808180423864
un254;2005-01-01;2005-12-31;201993;1656895709.84867
un258;2005-01-01;2005-12-31;254870;6630725820.90967
un262;2005-01-01;2005-12-31;808367;1587632788
un266;2005-01-01;2005-12-31;1370729;17465828918
un268;2005-01-01;2005-12-31;4477006;15691906030
un270;2005-01-01;2005-12-31;1503678;1091670228
un276;2005-01-01;2005-12-31;82540739;2517162376544
un288;2005-01-01;2005-12-31;21639806;26508762350
un292;2005-01-01;2005-12-31;29075;1184346383.76624
un296;2005-01-01;2005-12-31;91988;310643476
un300;2005-01-01;2005-12-31;11183114;285393069280
un304;2005-01-01;2005-12-31;57190;1944093692.01529
un308;2005-01-01;2005-12-31;102734;937755952
un312;2005-01-01;2005-12-31;445814;3472109021.28432
un316;2005-01-01;2005-12-31;168565;
un320;2005-01-01;2005-12-31;12717154;62275903138
un324;2005-01-01;2005-12-31;9041448;8553209808
un328;2005-01-01;2005-12-31;746235;2411831520
un332;2005-01-01;2005-12-31;9347262;10983032850
un336;2005-01-01;2005-12-31;492;
un340;2005-01-01;2005-12-31;6879243;22467607638
un344;2005-01-01;2005-12-31;6809859;242975769120
un348;2005-01-01;2005-12-31;10086936;171619129104
un352;2005-01-01;2005-12-31;296743;10572953090
un356;2005-01-01;2005-12-31;1140042863;2423731133116
un360;2005-01-01;2005-12-31;227303175;735098471184
un364;2005-01-01;2005-12-31;69732007;745574618844
un368;2005-01-01;2005-12-31;27359461;87550275200
un372;2005-01-01;2005-12-31;4158042;158246762436
un376;2005-01-01;2005-12-31;6604572;157492623912
un380;2005-01-01;2005-12-31;58671206;1628125966500
un384;2005-01-01;2005-12-31;18020946;28382989950
un388;2005-01-01;2005-12-31;2681653;19125549196
un392;2005-01-01;2005-12-31;126392944;3828442304050
un398;2005-01-01;2005-12-31;15171805;131979531695
un400;2005-01-01;2005-12-31;5342002;22938556588
un404;2005-01-01;2005-12-31;35614576;48400208784
un408;2005-01-01;2005-12-31;23745941;37914584722.761
un410;2005-01-01;2005-12-31;47044126;1004015737092
un414;2005-01-01;2005-12-31;2264014;101760637258
un417;2005-01-01;2005-12-31;5042381;8713234368
un418;2005-01-01;2005-12-31;5753341;10419300551
un422;2005-01-01;2005-12-31;4052420;41383313040
un426;2005-01-01;2005-12-31;2065752;2923039080
un428;2005-01-01;2005-12-31;2305528;30474469104
un430;2005-01-01;2005-12-31;3182539;1218912437
un434;2005-01-01;2005-12-31;5769709;62335936036
un438;2005-01-01;2005-12-31;34696;2839003009.50774
un440;2005-01-01;2005-12-31;3415748;48110810580
un442;2005-01-01;2005-12-31;457197;32010190758
un446;2005-01-01;2005-12-31;481390;17934665840
un450;2005-01-01;2005-12-31;17885967;17671335396
un454;2005-01-01;2005-12-31;12822587;8860407617
un458;2005-01-01;2005-12-31;26100241;299265363306
un462;2005-01-01;2005-12-31;295240;1185979080
un466;2005-01-01;2005-12-31;13176642;13532411334
un470;2005-01-01;2005-12-31;409295;8353710950
un474;2005-01-01;2005-12-31;397292;5811239786.3921
un478;2005-01-01;2005-12-31;3047249;5152898059
un480;2005-01-01;2005-12-31;1256742;12762215010
un484;2005-01-01;2005-12-31;106483757;1205076689286
un492;2005-01-01;2005-12-31;35260;1366718291.42883
un496;2005-01-01;2005-12-31;2547339;6732616977
un498;2005-01-01;2005-12-31;3766876;8897361112
un499;2005-01-01;2005-12-31;626739;4909246587
un500;2005-01-01;2005-12-31;5599;64834393.3163587
un504;2005-01-01;2005-12-31;30392473;107802101731
un508;2005-01-01;2005-12-31;20770013;15432119659
un512;2005-01-01;2005-12-31;2429510;49401656340
un516;2005-01-01;2005-12-31;2079951;9457537197
un520;2005-01-01;2005-12-31;10114;70129847.0299811
un524;2005-01-01;2005-12-31;27281945;29491782545
un528;2005-01-01;2005-12-31;16305457;566190688868
un533;2005-01-01;2005-12-31;100996;2702920870.52906
un540;2005-01-01;2005-12-31;231080;7381349218.05789
un548;2005-01-01;2005-12-31;211170;734238090
un554;2005-01-01;2005-12-31;4134117;101509108818
un558;2005-01-01;2005-12-31;5424336;14162941296
un562;2005-01-01;2005-12-31;12993884;7965250892
un566;2005-01-01;2005-12-31;139823340;264545759280
un570;2005-01-01;2005-12-31;1686;9493259.82893698
un574;2005-01-01;2005-12-31;1830;
un578;2005-01-01;2005-12-31;4623298;219842443198
un580;2005-01-01;2005-12-31;67381;648058445.713046
un583;2005-01-01;2005-12-31;109419;602679852
un584;2005-01-01;2005-12-31;52037;322941622
un585;2005-01-01;2005-12-31;19906;259016872
un586;2005-01-01;2005-12-31;158645463;380114529348
un591;2005-01-01;2005-12-31;3238321;27198658079
un598;2005-01-01;2005-12-31;6095437;10648728439
un600;2005-01-01;2005-12-31;5897816;23001482400
un604;2005-01-01;2005-12-31;27558769;178195000354
un608;2005-01-01;2005-12-31;85546427;250822123964
un612;2005-01-01;2005-12-31;50;
un616;2005-01-01;2005-12-31;38165040;518014087920
un620;2005-01-01;2005-12-31;10543663;210936521978
un624;2005-01-01;2005-12-31;1367695;778218455
un626;2005-01-01;2005-12-31;1010367;2225838501
un630;2005-01-01;2005-12-31;3781986;74601365875.3051
un634;2005-01-01;2005-12-31;820986;56398454256
un638;2005-01-01;2005-12-31;794833;5625220930.82232
un642;2005-01-01;2005-12-31;21771749;204088375126
un643;2005-01-01;2005-12-31;143843159;1706123708899
un646;2005-01-01;2005-12-31;9201727;7481004051
un652;2005-01-01;2005-12-31;;
un654;2005-01-01;2005-12-31;4598;11798610.7274092
un659;2005-01-01;2005-12-31;49173;672539121
un660;2005-01-01;2005-12-31;13574;264406601.70164
un662;2005-01-01;2005-12-31;165275;1533586725
un663;2005-01-01;2005-12-31;;
un666;2005-01-01;2005-12-31;6137;42096977.626795
un670;2005-01-01;2005-12-31;108755;734313760
un674;2005-01-01;2005-12-31;30301;1260218590
un678;2005-01-01;2005-12-31;152622;222828120
un682;2005-01-01;2005-12-31;24041116;510152481520
un686;2005-01-01;2005-12-31;10871908;18221317808
un688;2005-01-01;2005-12-31;9856152;84851612568
un690;2005-01-01;2005-12-31;83513;1186051626
un694;2005-01-01;2005-12-31;5153435;4071213650
un702;2005-01-01;2005-12-31;4265999;176949372521
un703;2005-01-01;2005-12-31;5415496;86003491976
un704;2005-01-01;2005-12-31;83161145;178131172590
un705;2005-01-01;2005-12-31;2002084;46055940336
un706;2005-01-01;2005-12-31;8359859;7799432565.18679
un710;2005-01-01;2005-12-31;47792787;405139455399
un716;2005-01-01;2005-12-31;12570686;6763029068
un724;2005-01-01;2005-12-31;43395441;1183393676070
un728;2005-01-01;2005-12-31;7858543;17765794875.1769
un729;2005-01-01;2005-12-31;30551777;68710946473
un732;2005-01-01;2005-12-31;440469;
un740;2005-01-01;2005-12-31;499294;3611892796
un748;2005-01-01;2005-12-31;1104909;4843921056
un752;2005-01-01;2005-12-31;9029345;288893893275
un756;2005-01-01;2005-12-31;7415007;263381048640
un760;2005-01-01;2005-12-31;18484122;75027051198
un762;2005-01-01;2005-12-31;6453240;9118428120
un764;2005-01-01;2005-12-31;66698483;458151879727
un768;2005-01-01;2005-12-31;5408044;4802343072
un772;2005-01-01;2005-12-31;1210;1076213.67269505
un776;2005-01-01;2005-12-31;100926;518255010
un780;2005-01-01;2005-12-31;1315386;20193805872
un784;2005-01-01;2005-12-31;4069349;136270289963
un788;2005-01-01;2005-12-31;9912114;64042168554
un792;2005-01-01;2005-12-31;68143186;530562846196
un795;2005-01-01;2005-12-31;4747839;20164072233
un796;2005-01-01;2005-12-31;30531;952844073.472448
un798;2005-01-01;2005-12-31;9694;48265588.3948533
un800;2005-01-01;2005-12-31;28431204;28175323164
un804;2005-01-01;2005-12-31;46923927;261976284441
un807;2005-01-01;2005-12-31;2038109;15067739837
un818;2005-01-01;2005-12-31;74203215;374652032535
un826;2005-01-01;2005-12-31;60202727;1901202118660
un830;2005-01-01;2005-12-31;148763;
un831;2005-01-01;2005-12-31;65228;3126183838.18269
un832;2005-01-01;2005-12-31;90812;5630786942.89547
un833;2005-01-01;2005-12-31;79994;2875693854.16702
un834;2005-01-01;2005-12-31;38831024;39529982432
un840;2005-01-01;2005-12-31;296820296;12369689015504
un850;2005-01-01;2005-12-31;109363;
un854;2005-01-01;2005-12-31;14198463;16186247820
un858;2005-01-01;2005-12-31;3322529;30786553714
un860;2005-01-01;2005-12-31;25947414;51246142650
un862;2005-01-01;2005-12-31;26664122;263334868872
un876;2005-01-01;2005-12-31;14247;51462612.0602652
un882;2005-01-01;2005-12-31;180237;878114664
un887;2005-01-01;2005-12-31;20648643;46996311468
un894;2005-01-01;2005-12-31;11462365;13468278875
un004;2010-01-01;2010-12-31;31411743;38153131914.1119
un008;2010-01-01;2010-12-31;3204284;21626799092.042
un012;2010-01-01;2010-12-31;35468208;225086364872.559
un016;2010-01-01;2010-12-31;68420;
un020;2010-01-01;2010-12-31;84864;
un024;2010-01-01;2010-12-31;19081912;104905064857.442
un028;2010-01-01;2010-12-31;88710;1236411116.66649
un031;2010-01-01;2010-12-31;9187783;86857488968.6242
un032;2010-01-01;2010-12-31;40412376;589809408586.771
un036;2010-01-01;2010-12-31;22268384;765494756868.44
un040;2010-01-01;2010-12-31;8393644;301175536800.206
un044;2010-01-01;2010-12-31;342877;7298095917.59138
un048;2010-01-01;2010-12-31;1261835;30196734108.1708
un050;2010-01-01;2010-12-31;148692131;237354470862.336
un051;2010-01-01;2010-12-31;3092072;14205813590.7662
un052;2010-01-01;2010-12-31;273331;4409762941.81464
un056;2010-01-01;2010-12-31;10712066;351017797815.413
un060;2010-01-01;2010-12-31;64941;4755218398.9287
un064;2010-01-01;2010-12-31;725940;3873755342.36939
un068;2010-01-01;2010-12-31;9929849;40181208332.9267
un070;2010-01-01;2010-12-31;3760149;28603997590.571
un072;2010-01-01;2010-12-31;2006945;26447405724.807
un076;2010-01-01;2010-12-31;194946470;1985583587226.61
un084;2010-01-01;2010-12-31;311627;2254900110.59652
un090;2010-01-01;2010-12-31;538148;1014062923.42558
un092;2010-01-01;2010-12-31;23245;
un096;2010-01-01;2010-12-31;398920;17475122432.6312
un100;2010-01-01;2010-12-31;7494332;82365987543.7283
un104;2010-01-01;2010-12-31;47963012;73773433060.9306
un108;2010-01-01;2010-12-31;8382849;3973175253.47489
un112;2010-01-01;2010-12-31;9595421;119848613940.513
un116;2010-01-01;2010-12-31;14138255;26242163836.7823
un120;2010-01-01;2010-12-31;19598889;39236631179.8371
un124;2010-01-01;2010-12-31;34016593;1197534121839.2
un132;2010-01-01;2010-12-31;495999;1813292654.99572
un136;2010-01-01;2010-12-31;56230;
un140;2010-01-01;2010-12-31;4401051;3038429316.08489
un144;2010-01-01;2010-12-31;20859949;95138463410.6619
un148;2010-01-01;2010-12-31;11227208;19767950048.6272
un152;2010-01-01;2010-12-31;17113688;239087888782.475
un156;2010-01-01;2010-12-31;1341335152;10919037643258.4
un170;2010-01-01;2010-12-31;46294841;343503055761.333
un174;2010-01-01;2010-12-31;734750;751373387.829686
un175;2010-01-01;2010-12-31;204114;
un178;2010-01-01;2010-12-31;4042899;16370359714.2684
un180;2010-01-01;2010-12-31;65965795;24608256267.381
un184;2010-01-01;2010-12-31;20288;
un188;2010-01-01;2010-12-31;4658887;47170833100.2033
un191;2010-01-01;2010-12-31;4403330;61319891850.8307
un192;2010-01-01;2010-12-31;11257979;106604730095.474
un196;2010-01-01;2010-12-31;1103647;28349915430.7337
un203;2010-01-01;2010-12-31;10492960;236473308156.833
un204;2010-01-01;2010-12-31;8849892;12863649574.6801
un208;2010-01-01;2010-12-31;5550142;181376759141.428
un212;2010-01-01;2010-12-31;67757;673830796.60162
un214;2010-01-01;2010-12-31;9927320;66151674401.7842
un218;2010-01-01;2010-12-31;14464739;104601905781.143
un222;2010-01-01;2010-12-31;6192993;34709643243.7715
un226;2010-01-01;2010-12-31;700401;10404181510.5594
un231;2010-01-01;2010-12-31;82949541;71117326079.9118
un232;2010-01-01;2010-12-31;5253676;2947574954.21063
un233;2010-01-01;2010-12-31;1341140;22449462572.8723
un234;2010-01-01;2010-12-31;48708;
un238;2010-01-01;2010-12-31;3017;
un242;2010-01-01;2010-12-31;860623;3497383882.49914
un246;2010-01-01;2010-12-31;5364546;167582199826.7
un248;2010-01-01;2010-12-31;26923;
un250;2010-01-01;2010-12-31;62787427;1874944667937.72
un254;2010-01-01;2010-12-31;231151;
un258;2010-01-01;2010-12-31;270764;
un262;2010-01-01;2010-12-31;888716;1954096269.4734
un266;2010-01-01;2010-12-31;1505463;20078892208.3431
un268;2010-01-01;2010-12-31;4352244;19100548868.1814
un270;2010-01-01;2010-12-31;1728394;1372877292.76403
un276;2010-01-01;2010-12-31;82302465;2694770119967.84
un288;2010-01-01;2010-12-31;24391823;36140321979.3847
un292;2010-01-01;2010-12-31;29244;
un296;2010-01-01;2010-12-31;99546;296768782.949626
un300;2010-01-01;2010-12-31;11359346;288181809701.665
un304;2010-01-01;2010-12-31;57296;
un308;2010-01-01;2010-12-31;104487;909022450.205793
un312;2010-01-01;2010-12-31;460666;
un316;2010-01-01;2010-12-31;179896;
un320;2010-01-01;2010-12-31;14388929;74482712238.0388
un324;2010-01-01;2010-12-31;9981590;9376424954.24617
un328;2010-01-01;2010-12-31;754493;2964693437.58413
un332;2010-01-01;2010-12-31;9993247;11479724775.9984
un336;2010-01-01;2010-12-31;458;
un340;2010-01-01;2010-12-31;7600524;26343834827.9679
un344;2010-01-01;2010-12-31;7053189;297066830403.983
un348;2010-01-01;2010-12-31;9983645;169652729546.378
un352;2010-01-01;2010-12-31;320136;10655024601.5593
un356;2010-01-01;2010-12-31;1224614327;3661199803424.55
un360;2010-01-01;2010-12-31;239870937;955128138954.862
un364;2010-01-01;2010-12-31;73973630;918556774749.174
un368;2010-01-01;2010-12-31;31671591;109519721063.177
un372;2010-01-01;2010-12-31;4469900;156556819859.571
un376;2010-01-01;2010-12-31;7418400;195195571797.729
un380;2010-01-01;2010-12-31;60550848;1608868370615.8
un384;2010-01-01;2010-12-31;19737800;29829310564.0813
un388;2010-01-01;2010-12-31;2741052;18892617140.8125
un392;2010-01-01;2010-12-31;126535920;3893714601620.81
un398;2010-01-01;2010-12-31;16026367;174308783932.038
un400;2010-01-01;2010-12-31;6187227;32185702953.7285
un404;2010-01-01;2010-12-31;40512682;59435738847.1163
un408;2010-01-01;2010-12-31;24346229;37702916760.1955
un410;2010-01-01;2010-12-31;48183584;1221664396592.52
un414;2010-01-01;2010-12-31;2736732;116292681259.634
un417;2010-01-01;2010-12-31;5334223;10765233810.8066
un418;2010-01-01;2010-12-31;6200894;15042506403.4317
un422;2010-01-01;2010-12-31;4227597;56913226398.5713
un426;2010-01-01;2010-12-31;2171318;3934892070.24307
un428;2010-01-01;2010-12-31;2252060;29337388055.7879
un430;2010-01-01;2010-12-31;3994122;1638397621.69574
un434;2010-01-01;2010-12-31;6355112;76931860102.907
un438;2010-01-01;2010-12-31;36032;
un440;2010-01-01;2010-12-31;3323611;51175087214.2556
un442;2010-01-01;2010-12-31;507448;35761808015.616
un446;2010-01-01;2010-12-31;543656;40576885036.8437
un450;2010-01-01;2010-12-31;20713819;20635649168.3868
un454;2010-01-01;2010-12-31;14900841;12579147125.6782
un458;2010-01-01;2010-12-31;28401017;380137202755.599
un462;2010-01-01;2010-12-31;315885;1739861936.61402
un466;2010-01-01;2010-12-31;15369809;17238241222.8756
un470;2010-01-01;2010-12-31;416515;9097086669.38668
un474;2010-01-01;2010-12-31;405814;
un478;2010-01-01;2010-12-31;3459773;6286135653.99742
un480;2010-01-01;2010-12-31;1299172;16034581781.985
un484;2010-01-01;2010-12-31;113423047;1290786694429.69
un492;2010-01-01;2010-12-31;35407;
un496;2010-01-01;2010-12-31;2756001;9221032189.81191
un498;2010-01-01;2010-12-31;3572885;9952145011.40206
un499;2010-01-01;2010-12-31;631490;5935700743.35452
un500;2010-01-01;2010-12-31;5934;
un504;2010-01-01;2010-12-31;31951412;136536997109.612
un508;2010-01-01;2010-12-31;23390765;22261060994.1856
un512;2010-01-01;2010-12-31;2782435;66387058861.8346
un516;2010-01-01;2010-12-31;2283289;11862085551.6855
un520;2010-01-01;2010-12-31;10255;
un524;2010-01-01;2010-12-31;29959364;38198762648.3121
un528;2010-01-01;2010-12-31;16612988;608018561224.855
un533;2010-01-01;2010-12-31;107488;
un540;2010-01-01;2010-12-31;250870;
un548;2010-01-01;2010-12-31;239651;955702764.891991
un554;2010-01-01;2010-12-31;4368136;104607915221.557
un558;2010-01-01;2010-12-31;5788163;16174214184.3863
un562;2010-01-01;2010-12-31;15511953;10444454356.3594
un566;2010-01-01;2010-12-31;158423182;363952129494.527
un570;2010-01-01;2010-12-31;1468;
un574;2010-01-01;2010-12-31;;
un578;2010-01-01;2010-12-31;4883111;228105684864.297
un580;2010-01-01;2010-12-31;60917;
un583;2010-01-01;2010-12-31;111064;
un584;2010-01-01;2010-12-31;54038;
un585;2010-01-01;2010-12-31;20472;
un586;2010-01-01;2010-12-31;173593383;456957718089.337
un591;2010-01-01;2010-12-31;3516820;40477641410.2168
un598;2010-01-01;2010-12-31;6858266;14223529668.7034
un600;2010-01-01;2010-12-31;6454548;29732244836.854
un604;2010-01-01;2010-12-31;29076512;244821487963.789
un608;2010-01-01;2010-12-31;93260798;315518162876.57
un612;2010-01-01;2010-12-31;50;
un616;2010-01-01;2010-12-31;38276660;653196968089.783
un620;2010-01-01;2010-12-31;10675572;216077103004.605
un624;2010-01-01;2010-12-31;1515224;894169816.00227
un626;2010-01-01;2010-12-31;1124355;3361372846.32194
un630;2010-01-01;2010-12-31;3749009;64047844571.9508
un634;2010-01-01;2010-12-31;1758793;144427441765.26
un638;2010-01-01;2010-12-31;846068;
un642;2010-01-01;2010-12-31;21486371;229574071501.621
un643;2010-01-01;2010-12-31;142958164;2013096182891.46
un646;2010-01-01;2010-12-31;10624005;11201527704.8664
un652;2010-01-01;2010-12-31;9141;
un654;2010-01-01;2010-12-31;4118;
un659;2010-01-01;2010-12-31;52402;673948541.339301
un660;2010-01-01;2010-12-31;15358;
un662;2010-01-01;2010-12-31;174267;1853945707.63049
un663;2010-01-01;2010-12-31;;
un666;2010-01-01;2010-12-31;6046;
un670;2010-01-01;2010-12-31;109333;760196053.406396
un674;2010-01-01;2010-12-31;31534;
un678;2010-01-01;2010-12-31;165397;303578933.375117
un682;2010-01-01;2010-12-31;27448086;561287331349.872
un686;2010-01-01;2010-12-31;12433728;21924739230.6749
un688;2010-01-01;2010-12-31;9856222;94308365251.01
un690;2010-01-01;2010-12-31;86518;1407369328.70655
un694;2010-01-01;2010-12-31;5867536;5283417004.43724
un702;2010-01-01;2010-12-31;5086418;245122662431.4
un703;2010-01-01;2010-12-31;5462119;107846198045.448
un704;2010-01-01;2010-12-31;87848445;248679163870.347
un705;2010-01-01;2010-12-31;2029680;50644296523.429
un706;2010-01-01;2010-12-31;9330872;8799343107.6979
un710;2010-01-01;2010-12-31;50132817;466385272390.908
un716;2010-01-01;2010-12-31;12571454;5879382322.20908
un724;2010-01-01;2010-12-31;46076989;1229010835942.82
un728;2010-01-01;2010-12-31;9415421;25506388234.7793
un729;2010-01-01;2010-12-31;34136520;91997349116.717
un732;2010-01-01;2010-12-31;530500;
un740;2010-01-01;2010-12-31;524636;4421370676.88247
un748;2010-01-01;2010-12-31;1186056;5570693181.77888
un752;2010-01-01;2010-12-31;9379687;311370685511.721
un756;2010-01-01;2010-12-31;7664318;287232248735.075
un760;2010-01-01;2010-12-31;20410606;94087405866.5382
un762;2010-01-01;2010-12-31;6878637;12049013004.2596
un764;2010-01-01;2010-12-31;69122234;553124990462.859
un768;2010-01-01;2010-12-31;6027798;5538571197.71343
un772;2010-01-01;2010-12-31;1135;
un776;2010-01-01;2010-12-31;104058;503108992.826675
un780;2010-01-01;2010-12-31;1341465;23835017711.4825
un784;2010-01-01;2010-12-31;7511690;235916056789.377
un788;2010-01-01;2010-12-31;10480934;80309058101.4063
un792;2010-01-01;2010-12-31;72752325;621607854151.568
un795;2010-01-01;2010-12-31;5041995;32408807518.7191
un796;2010-01-01;2010-12-31;38354;
un798;2010-01-01;2010-12-31;9827;52555980.8625023
un800;2010-01-01;2010-12-31;33424683;41473645658.4514
un804;2010-01-01;2010-12-31;45448329;274219137925.895
un807;2010-01-01;2010-12-31;2060563;17821559904.0224
un818;2010-01-01;2010-12-31;81121077;497278568579.554
un826;2010-01-01;2010-12-31;62035570;1944058021520
un830;2010-01-01;2010-12-31;153352;
un831;2010-01-01;2010-12-31;;
un832;2010-01-01;2010-12-31;;
un833;2010-01-01;2010-12-31;82869;
un834;2010-01-01;2010-12-31;44841226;57814921345.8054
un840;2010-01-01;2010-12-31;310383948;12821836635424.3
un850;2010-01-01;2010-12-31;109056;
un854;2010-01-01;2010-12-31;16468714;21438874803.0511
un858;2010-01-01;2010-12-31;3368786;40754813873.1622
un860;2010-01-01;2010-12-31;27444702;75582418872.2263
un862;2010-01-01;2010-12-31;28979857;310928246411.42
un876;2010-01-01;2010-12-31;13566;
un882;2010-01-01;2010-12-31;183081;899424277.012805
un887;2010-01-01;2010-12-31;24052514;58177284634.6524
un894;2010-01-01;2010-12-31;13088570;18588803511.3148
un004;2011-01-01;2011-12-31;32358260;40347231704.8588
un008;2011-01-01;2011-12-31;3215988;22029760466.3326
un012;2011-01-01;2011-12-31;35980193;230518498553.519
un016;2011-01-01;2011-12-31;69543;
un020;2011-01-01;2011-12-31;86165;
un024;2011-01-01;2011-12-31;19618432;108277719886.071
un028;2011-01-01;2011-12-31;89612;1242798676.49717
un031;2011-01-01;2011-12-31;9306023;87359262567.8406
un032;2011-01-01;2011-12-31;40764561;641676820603.742
un036;2011-01-01;2011-12-31;22605732;783116541957.9
un040;2011-01-01;2011-12-31;8413429;310212140973.05
un044;2011-01-01;2011-12-31;347176;7454147920.26277
un048;2011-01-01;2011-12-31;1323535;31607533993.9223
un050;2011-01-01;2011-12-31;150493658;251305487414.241
un051;2011-01-01;2011-12-31;3100236;14722799359.9358
un052;2011-01-01;2011-12-31;273925;4430367102.1973
un056;2011-01-01;2011-12-31;10754056;355399638569.46
un060;2011-01-01;2011-12-31;65077;
un064;2011-01-01;2011-12-31;738267;4164493691.7519
un068;2011-01-01;2011-12-31;10088108;42081213044.3724
un070;2011-01-01;2011-12-31;3752228;29080377057.618
un072;2011-01-01;2011-12-31;2030738;27669039547.9464
un076;2011-01-01;2011-12-31;196655014;2039982375741.14
un084;2011-01-01;2011-12-31;317928;2306569301.48754
un090;2011-01-01;2011-12-31;552267;1110885271.56333
un092;2011-01-01;2011-12-31;23478;
un096;2011-01-01;2011-12-31;405938;17684178929.1006
un100;2011-01-01;2011-12-31;7446135;84033852912.1588
un104;2011-01-01;2011-12-31;48336763;76862614955.4082
un108;2011-01-01;2011-12-31;8575172;4151657896.60153
un112;2011-01-01;2011-12-31;9559441;126414308613.577
un116;2011-01-01;2011-12-31;14305183;27889235776.9533
un120;2011-01-01;2011-12-31;20030362;40726390542.7129
un124;2011-01-01;2011-12-31;34349561;1225921102631.58
un132;2011-01-01;2011-12-31;500585;1896036590.4764
un136;2011-01-01;2011-12-31;56729;
un140;2011-01-01;2011-12-31;4486837;3117102890.79684
un144;2011-01-01;2011-12-31;21045394;103150598373.941
un148;2011-01-01;2011-12-31;11525496;20119764379.8847
un152;2011-01-01;2011-12-31;17269525;252495523373.477
un156;2011-01-01;2011-12-31;1347565324;11923382321993.4
un170;2011-01-01;2011-12-31;46927125;364512781632.838
un174;2011-01-01;2011-12-31;753943;771961186.497074
un175;2011-01-01;2011-12-31;210552;
un178;2011-01-01;2011-12-31;4139748;17016576076.6975
un180;2011-01-01;2011-12-31;67757577;26237281243.0012
un184;2011-01-01;2011-12-31;20414;
un188;2011-01-01;2011-12-31;4726575;49287492142.8794
un191;2011-01-01;2011-12-31;4395560;61187394755.1738
un192;2011-01-01;2011-12-31;11253665;107651266235.515
un196;2011-01-01;2011-12-31;1116564;28367230484.4006
un203;2011-01-01;2011-12-31;10534293;240813461291.034
un204;2011-01-01;2011-12-31;9099922;13260548738.4625
un208;2011-01-01;2011-12-31;5572594;183165376988.639
un212;2011-01-01;2011-12-31;67675;677165764.604145
un214;2011-01-01;2011-12-31;10056181;68772803122.3944
un218;2011-01-01;2011-12-31;14666055;112657875872.52
un222;2011-01-01;2011-12-31;6227491;35148976883.8884
un226;2011-01-01;2011-12-31;720213;11134488158.6842
un231;2011-01-01;2011-12-31;84734262;76290551296.282
un232;2011-01-01;2011-12-31;5415280;3202930647.99578
un233;2011-01-01;2011-12-31;1340537;24151549006.015
un234;2011-01-01;2011-12-31;48863;
un238;2011-01-01;2011-12-31;3027;
un242;2011-01-01;2011-12-31;868406;3579929036.74685
un246;2011-01-01;2011-12-31;5384770;172181280914.148
un248;2011-01-01;2011-12-31;;
un250;2011-01-01;2011-12-31;63125894;1908634126693.07
un254;2011-01-01;2011-12-31;237080;
un258;2011-01-01;2011-12-31;273777;
un262;2011-01-01;2011-12-31;905564;2029831358.30138
un266;2011-01-01;2011-12-31;1534262;21334937432.5289
un268;2011-01-01;2011-12-31;4329026;20170591210.7028
un270;2011-01-01;2011-12-31;1776103;1418310696.71524
un276;2011-01-01;2011-12-31;82162512;2771736646092.86
un288;2011-01-01;2011-12-31;24965816;40976421692.985
un292;2011-01-01;2011-12-31;29254;
un296;2011-01-01;2011-12-31;101093;301975729.000212
un300;2011-01-01;2011-12-31;11390031;268868728818.487
un304;2011-01-01;2011-12-31;57296;
un308;2011-01-01;2011-12-31;104890;919479018.709777
un312;2011-01-01;2011-12-31;463069;
un316;2011-01-01;2011-12-31;182111;
un320;2011-01-01;2011-12-31;14757316;77348110203.6474
un324;2011-01-01;2011-12-31;10221808;9700682214.07393
un328;2011-01-01;2011-12-31;756040;3086583935.99597
un332;2011-01-01;2011-12-31;10123787;12086439747.9815
un336;2011-01-01;2011-12-31;459;
un340;2011-01-01;2011-12-31;7754687;27275698394.4938
un344;2011-01-01;2011-12-31;7122187;312866465719.947
un348;2011-01-01;2011-12-31;9966116;172708758513.044
un352;2011-01-01;2011-12-31;324366;11011617415.5853
un356;2011-01-01;2011-12-31;1241491960;3926355603969.88
un360;2011-01-01;2011-12-31;242325638;1012762905460.15
un364;2011-01-01;2011-12-31;74798599;933112055644.047
un368;2011-01-01;2011-12-31;32664942;121112878353.928
un372;2011-01-01;2011-12-31;4525802;155780213789.974
un376;2011-01-01;2011-12-31;7562194;203859498270.484
un380;2011-01-01;2011-12-31;60788694;1614495166517.1
un384;2011-01-01;2011-12-31;20152894;28171273691.7414
un388;2011-01-01;2011-12-31;2751273;19175172184.3838
un392;2011-01-01;2011-12-31;126497241;3856640104966.91
un398;2011-01-01;2011-12-31;16206750;186761256609.692
un400;2011-01-01;2011-12-31;6330169;32981916596.8289
un404;2011-01-01;2011-12-31;41609728;62267596475.5994
un408;2011-01-01;2011-12-31;24451285;37865607977.1047
un410;2011-01-01;2011-12-31;48391343;1268155655765.14
un414;2011-01-01;2011-12-31;2818042;126050627050.472
un417;2011-01-01;2011-12-31;5392580;11387612041.2438
un418;2011-01-01;2011-12-31;6288037;16213712692.6693
un422;2011-01-01;2011-12-31;4259405;57454646718.246
un426;2011-01-01;2011-12-31;2193843;4113119983.44067
un428;2011-01-01;2011-12-31;2243142;31078336341.6013
un430;2011-01-01;2011-12-31;4128572;1756144656.83501
un434;2011-01-01;2011-12-31;6422772;30626410061.832
un438;2011-01-01;2011-12-31;36304;
un440;2011-01-01;2011-12-31;3307481;54243788266.2013
un442;2011-01-01;2011-12-31;515941;36147718897.1214
un446;2011-01-01;2011-12-31;555731;48951072765.478
un450;2011-01-01;2011-12-31;21315135;20810393162.3957
un454;2011-01-01;2011-12-31;15380888;13312855559.4352
un458;2011-01-01;2011-12-31;28859154;399322841813.252
un462;2011-01-01;2011-12-31;320081;1862526857.87424
un466;2011-01-01;2011-12-31;15839538;17688154634.3191
un470;2011-01-01;2011-12-31;417855;9241342979.13464
un474;2011-01-01;2011-12-31;407121;
un478;2011-01-01;2011-12-31;3541540;6512160875.44471
un480;2011-01-01;2011-12-31;1306593;16687486056.5552
un484;2011-01-01;2011-12-31;114793341;1341280230265.37
un492;2011-01-01;2011-12-31;35427;
un496;2011-01-01;2011-12-31;2800114;10823479112.7506
un498;2011-01-01;2011-12-31;3544864;10507455840.4786
un499;2011-01-01;2011-12-31;632261;6337041738.72914
un500;2011-01-01;2011-12-31;5990;
un504;2011-01-01;2011-12-31;32272974;142303790107.969
un508;2011-01-01;2011-12-31;23929708;23922800633.75
un512;2011-01-01;2011-12-31;2846145;69258106402.5313
un516;2011-01-01;2011-12-31;2324004;12406920710.8443
un520;2011-01-01;2011-12-31;10308;
un524;2011-01-01;2011-12-31;30485798;39835989314.7884
un528;2011-01-01;2011-12-31;16664746;614859744833.774
un533;2011-01-01;2011-12-31;108141;
un540;2011-01-01;2011-12-31;254816;
un548;2011-01-01;2011-12-31;245619;989410329.168291
un554;2011-01-01;2011-12-31;4414509;106085286131.621
un558;2011-01-01;2011-12-31;5869859;16951935553.2189
un562;2011-01-01;2011-12-31;16068994;10734525313.8618
un566;2011-01-01;2011-12-31;162470737;389380571411.893
un570;2011-01-01;2011-12-31;1426;
un574;2011-01-01;2011-12-31;;
un578;2011-01-01;2011-12-31;4924848;230886981507.027
un580;2011-01-01;2011-12-31;61174;
un583;2011-01-01;2011-12-31;111542;
un584;2011-01-01;2011-12-31;54816;
un585;2011-01-01;2011-12-31;20609;
un586;2011-01-01;2011-12-31;176745364;466653325874.663
un591;2011-01-01;2011-12-31;3571185;44647859307.017
un598;2011-01-01;2011-12-31;7013829;15455671792.3012
un600;2011-01-01;2011-12-31;6568290;30790118946.8611
un604;2011-01-01;2011-12-31;29399817;260617038265.501
un608;2011-01-01;2011-12-31;94852030;326426014084.904
un612;2011-01-01;2011-12-31;;
un616;2011-01-01;2011-12-31;38298949;686636356042.386
un620;2011-01-01;2011-12-31;10689663;212787948382.237
un624;2011-01-01;2011-12-31;1547061;940853974.747233
un626;2011-01-01;2011-12-31;1153834;3725050558.71019
un630;2011-01-01;2011-12-31;3745526;
un634;2011-01-01;2011-12-31;1870041;175443952812.37
un638;2011-01-01;2011-12-31;855849;
un642;2011-01-01;2011-12-31;21436495;235038660759.986
un643;2011-01-01;2011-12-31;142835555;2105058074281.65
un646;2011-01-01;2011-12-31;10942950;12294944132.1805
un652;2011-01-01;2011-12-31;;
un654;2011-01-01;2011-12-31;4055;
un659;2011-01-01;2011-12-31;53051;655515531.32672
un660;2011-01-01;2011-12-31;15645;
un662;2011-01-01;2011-12-31;176044;1865764401.30056
un663;2011-01-01;2011-12-31;;
un666;2011-01-01;2011-12-31;6041;
un670;2011-01-01;2011-12-31;109365;756700283.184874
un674;2011-01-01;2011-12-31;31735;
un678;2011-01-01;2011-12-31;168526;318586204.116757
un682;2011-01-01;2011-12-31;28082541;599965899787.039
un686;2011-01-01;2011-12-31;12767556;22560258571.6755
un688;2011-01-01;2011-12-31;9853969;95774996086.4124
un690;2011-01-01;2011-12-31;86879;1466094094.66357
un694;2011-01-01;2011-12-31;5997486;5544126019.66908
un702;2011-01-01;2011-12-31;5187933;257753460933.324
un703;2011-01-01;2011-12-31;5471502;111426634813.337
un704;2011-01-01;2011-12-31;88791996;262987206390.956
un705;2011-01-01;2011-12-31;2035012;50618342943.1053
un706;2011-01-01;2011-12-31;9556873;9012470063.21533
un710;2011-01-01;2011-12-31;50459978;478466086266.563
un716;2011-01-01;2011-12-31;12754378;6520782985.57014
un724;2011-01-01;2011-12-31;46454895;1243451752956.8
un728;2011-01-01;2011-12-31;9897118;31655703013.6059
un729;2011-01-01;2011-12-31;34735288;110525112224.718
un732;2011-01-01;2011-12-31;548377;
un740;2011-01-01;2011-12-31;529419;4609288036.45487
un748;2011-01-01;2011-12-31;1203330;5690058797.54136
un752;2011-01-01;2011-12-31;9440747;324717458715.038
un756;2011-01-01;2011-12-31;7701690;292221129709.689
un760;2011-01-01;2011-12-31;20766037;93862487240
un762;2011-01-01;2011-12-31;6976958;12855529625.9722
un764;2011-01-01;2011-12-31;69518555;554939595083.604
un768;2011-01-01;2011-12-31;6154813;5743549185.14761
un772;2011-01-01;2011-12-31;1134;
un776;2011-01-01;2011-12-31;104509;510600527.097731
un780;2011-01-01;2011-12-31;1346350;23507068714.7391
un784;2011-01-01;2011-12-31;7890924;252390029564.872
un788;2011-01-01;2011-12-31;10594057;79676054334.1855
un792;2011-01-01;2011-12-31;73639596;673679409835.475
un795;2011-01-01;2011-12-31;5105301;37046883446.1462
un796;2011-01-01;2011-12-31;39184;
un798;2011-01-01;2011-12-31;9847;
un800;2011-01-01;2011-12-31;34509205;44096055408.9422
un804;2011-01-01;2011-12-31;45190180;288294419307.572
un807;2011-01-01;2011-12-31;2063893;18360572242.3915
un818;2011-01-01;2011-12-31;82536770;504845540685.95
un826;2011-01-01;2011-12-31;62417431;1955567901434.95
un830;2011-01-01;2011-12-31;153876;
un831;2011-01-01;2011-12-31;;
un832;2011-01-01;2011-12-31;;
un833;2011-01-01;2011-12-31;83327;
un834;2011-01-01;2011-12-31;46218486;62319387912.0959
un840;2011-01-01;2011-12-31;313085380;13064470847601.3
un850;2011-01-01;2011-12-31;108846;
un854;2011-01-01;2011-12-31;16967845;22796053095.2931
un858;2011-01-01;2011-12-31;3380008;43067358977.4459
un860;2011-01-01;2011-12-31;27760267;81815170009.3894
un862;2011-01-01;2011-12-31;29436891;322570875077.062
un876;2011-01-01;2011-12-31;13450;
un882;2011-01-01;2011-12-31;183874;919086946.113101
un887;2011-01-01;2011-12-31;24799880;52134715976.6927
un894;2011-01-01;2011-12-31;13474959;19901636270.7462
un004;2012-01-01;2012-12-31;33397058;20496777409.458
un008;2012-01-01;2012-12-31;3227373;12648095824.4086
un012;2012-01-01;2012-12-31;36485828;205788796017.176
un016;2012-01-01;2012-12-31;70680;
un020;2012-01-01;2012-12-31;87518;
un024;2012-01-01;2012-12-31;20162517;114147030253.231
un028;2012-01-01;2012-12-31;90510;1134159259.25926
un031;2012-01-01;2012-12-31;9421233;66604589419.4634
un032;2012-01-01;2012-12-31;41118986;475501675472.598
un036;2012-01-01;2012-12-31;22918688;1532407884934.19
un040;2012-01-01;2012-12-31;8428915;394707863203.908
un044;2012-01-01;2012-12-31;351275;8149004000
un048;2012-01-01;2012-12-31;1359485;30362317939.1722
un050;2012-01-01;2012-12-31;152408774;116355057337.05
un051;2012-01-01;2012-12-31;3108972;9950522732.78837
un052;2012-01-01;2012-12-31;274530;4224850000
un056;2012-01-01;2012-12-31;10787788;483261763949.601
un060;2012-01-01;2012-12-31;65208;5473536000
un064;2012-01-01;2012-12-31;750443;1779561112.28857
un068;2012-01-01;2012-12-31;10248042;27035110130.246
un070;2012-01-01;2012-12-31;3744235;17465958605.6645
un072;2012-01-01;2012-12-31;2053237;14504339385.9436
un076;2012-01-01;2012-12-31;198360943;2252664120777.39
un084;2012-01-01;2012-12-31;324292;
un090;2012-01-01;2012-12-31;566481;1008424232.18251
un092;2012-01-01;2012-12-31;23705;
un096;2012-01-01;2012-12-31;412892;16953952625.403
un100;2012-01-01;2012-12-31;7397873;50972109856.598
un104;2012-01-01;2012-12-31;48724387;
un108;2012-01-01;2012-12-31;8749387;2472384864.13151
un112;2012-01-01;2012-12-31;9527498;63267017440.3121
un116;2012-01-01;2012-12-31;14478320;14038383450.1945
un120;2012-01-01;2012-12-31;20468943;25321590401.7168
un124;2012-01-01;2012-12-31;34674708;1779634707766.21
un132;2012-01-01;2012-12-31;505335;1827021561.6512
un136;2012-01-01;2012-12-31;57223;
un140;2012-01-01;2012-12-31;4575586;2184181390.99191
un144;2012-01-01;2012-12-31;21223550;59423009404.3887
un148;2012-01-01;2012-12-31;11830573;12887072081.6363
un152;2012-01-01;2012-12-31;17423214;269869337788.189
un156;2012-01-01;2012-12-31;1353600687;8227102629831.48
un170;2012-01-01;2012-12-31;47550708;369606330701.98
un174;2012-01-01;2012-12-31;773344;595900353.493894
un175;2012-01-01;2012-12-31;217172;
un178;2012-01-01;2012-12-31;4233063;13677928883.6386
un180;2012-01-01;2012-12-31;69575394;17203980742.5707
un184;2012-01-01;2012-12-31;20528;
un188;2012-01-01;2012-12-31;4793725;45103963693.4823
un191;2012-01-01;2012-12-31;4387376;59228247410.9818
un192;2012-01-01;2012-12-31;11249266;
un196;2012-01-01;2012-12-31;1129166;22766912960
un203;2012-01-01;2012-12-31;10565678;196446226535.564
un204;2012-01-01;2012-12-31;9351838;7557286829.00186
un208;2012-01-01;2012-12-31;5592738;315163055675.442
un212;2012-01-01;2012-12-31;67665;479688888.888889
un214;2012-01-01;2012-12-31;10183339;59047202157.8071
un218;2012-01-01;2012-12-31;14864987;84039856000
un222;2012-01-01;2012-12-31;6264129;23864400000
un226;2012-01-01;2012-12-31;740471;17697394251.2135
un231;2012-01-01;2012-12-31;86538534;41605361646.0594
un232;2012-01-01;2012-12-31;5580862;3091837398.37398
un233;2012-01-01;2012-12-31;1339762;22390242608.6397
un234;2012-01-01;2012-12-31;49075;
un238;2012-01-01;2012-12-31;3036;
un242;2012-01-01;2012-12-31;875822;3907563304.51103
un246;2012-01-01;2012-12-31;5402627;247545641553.098
un248;2012-01-01;2012-12-31;;
un250;2012-01-01;2012-12-31;63457777;2612878426330.68
un254;2012-01-01;2012-12-31;243172;
un258;2012-01-01;2012-12-31;276731;
un262;2012-01-01;2012-12-31;922708;
un266;2012-01-01;2012-12-31;1563873;18377083881.0055
un268;2012-01-01;2012-12-31;4304363;15747288816.1881
un270;2012-01-01;2012-12-31;1824777;907430835.283071
un276;2012-01-01;2012-12-31;81990837;3428130624839.29
un288;2012-01-01;2012-12-31;25545939;40710781538.5757
un292;2012-01-01;2012-12-31;29278;
un296;2012-01-01;2012-12-31;102660;174984468.834127
un300;2012-01-01;2012-12-31;11418878;249098684277.449
un304;2012-01-01;2012-12-31;57300;
un308;2012-01-01;2012-12-31;105303;766510727.203673
un312;2012-01-01;2012-12-31;465282;
un316;2012-01-01;2012-12-31;184334;
un320;2012-01-01;2012-12-31;15137569;50233749190.986
un324;2012-01-01;2012-12-31;10480710;5631621297.8898
un328;2012-01-01;2012-12-31;757623;2850572407.04501
un332;2012-01-01;2012-12-31;10255644;7843484458.14557
un336;2012-01-01;2012-12-31;460;
un340;2012-01-01;2012-12-31;7912032;18434022403.2587
un344;2012-01-01;2012-12-31;7196450;263259372904.956
un348;2012-01-01;2012-12-31;9949589;124600486886.062
un352;2012-01-01;2012-12-31;328290;13578943166.6464
un356;2012-01-01;2012-12-31;1258350971;1858740105864.19
un360;2012-01-01;2012-12-31;244769110;878043027881.581
un364;2012-01-01;2012-12-31;75611798;552397273212.599
un368;2012-01-01;2012-12-31;33703068;215837906603.774
un372;2012-01-01;2012-12-31;4579498;210771753571.612
un376;2012-01-01;2012-12-31;7694670;257621957026.894
un380;2012-01-01;2012-12-31;60964145;2014669579719.72
un384;2012-01-01;2012-12-31;20594615;24680372724.4372
un388;2012-01-01;2012-12-31;2761331;14755051129.3404
un392;2012-01-01;2012-12-31;126434653;5961065540383.88
un398;2012-01-01;2012-12-31;16381297;203520610287.707
un400;2012-01-01;2012-12-31;6457260;31015239496.4411
un404;2012-01-01;2012-12-31;42749418;40697163224.2519
un408;2012-01-01;2012-12-31;24553672;
un410;2012-01-01;2012-12-31;48588326;1129598273324.48
un414;2012-01-01;2012-12-31;2891553;183242586638.085
un417;2012-01-01;2012-12-31;5448085;6474843799.06064
un418;2012-01-01;2012-12-31;6373934;9417665585.95006
un422;2012-01-01;2012-12-31;4291719;42945273631.8408
un426;2012-01-01;2012-12-31;2216850;2447573299.47777
un428;2012-01-01;2012-12-31;2234572;28372577696.5265
un430;2012-01-01;2012-12-31;4244684;1733823552.70914
un434;2012-01-01;2012-12-31;6469497;
un438;2012-01-01;2012-12-31;36584;
un440;2012-01-01;2012-12-31;3292454;42343521965.7483
un442;2012-01-01;2012-12-31;523362;55178452044.2273
un446;2012-01-01;2012-12-31;567441;43582271461.8341
un450;2012-01-01;2012-12-31;21928518;9975124872.405
un454;2012-01-01;2012-12-31;15882815;4263794983.9006
un458;2012-01-01;2012-12-31;29321798;305032745224.598
un462;2012-01-01;2012-12-31;324313;2222429330.40067
un466;2012-01-01;2012-12-31;16318897;10387718375.334
un470;2012-01-01;2012-12-31;419212;8721923076.92308
un474;2012-01-01;2012-12-31;408302;
un478;2012-01-01;2012-12-31;3622961;4199051817.05876
un480;2012-01-01;2012-12-31;1313803;10486037633.994
un484;2012-01-01;2012-12-31;116146768;1178126184343.49
un492;2012-01-01;2012-12-31;35444;
un496;2012-01-01;2012-12-31;2844081;10271393281.3833
un498;2012-01-01;2012-12-31;3519266;7252769934.44626
un499;2012-01-01;2012-12-31;632796;4373170811.72835
un500;2012-01-01;2012-12-31;6046;
un504;2012-01-01;2012-12-31;32598536;95981572517.1671
un508;2012-01-01;2012-12-31;24475186;14243717484.4635
un512;2012-01-01;2012-12-31;2904037;78110793867.62
un516;2012-01-01;2012-12-31;2364433;13072278942.987
un520;2012-01-01;2012-12-31;10370;
un524;2012-01-01;2012-12-31;31011137;18962962962.963
un528;2012-01-01;2012-12-31;16714228;770555412702.494
un533;2012-01-01;2012-12-31;108587;
un540;2012-01-01;2012-12-31;258735;
un548;2012-01-01;2012-12-31;251674;787073459.020375
un554;2012-01-01;2012-12-31;4461257;171281095535.208
un558;2012-01-01;2012-12-31;5954898;10507356837.651
un562;2012-01-01;2012-12-31;16644339;6773185511.26727
un566;2012-01-01;2012-12-31;166629383;262597405487.822
un570;2012-01-01;2012-12-31;1385;
un574;2012-01-01;2012-12-31;;
un578;2012-01-01;2012-12-31;4960482;500029909755.049
un580;2012-01-01;2012-12-31;62152;
un583;2012-01-01;2012-12-31;112098;326160960.784002
un584;2012-01-01;2012-12-31;55717;182400000
un585;2012-01-01;2012-12-31;20758;228415735.257751
un586;2012-01-01;2012-12-31;179951140;225143266331.151
un591;2012-01-01;2012-12-31;3624991;36252500000
un598;2012-01-01;2012-12-31;7170112;15653921367.276
un600;2012-01-01;2012-12-31;6682943;25502060502.1181
un604;2012-01-01;2012-12-31;29733829;203790266509.653
un608;2012-01-01;2012-12-31;96471461;250182019476.324
un612;2012-01-01;2012-12-31;;
un616;2012-01-01;2012-12-31;38317090;489795486644.151
un620;2012-01-01;2012-12-31;10699333;212273977886.346
un624;2012-01-01;2012-12-31;1579632;822321032.405318
un626;2012-01-01;2012-12-31;1187194;1293000000
un630;2012-01-01;2012-12-31;3743380;101495811266
un634;2012-01-01;2012-12-31;1938754;192390104345.46
un638;2012-01-01;2012-12-31;865479;
un642;2012-01-01;2012-12-31;21387517;169396055590.796
un643;2012-01-01;2012-12-31;142703181;2014774938341.85
un646;2012-01-01;2012-12-31;11271786;7103000861.20669
un652;2012-01-01;2012-12-31;;
un654;2012-01-01;2012-12-31;4005;
un659;2012-01-01;2012-12-31;53697;767000000
un660;2012-01-01;2012-12-31;15911;
un662;2012-01-01;2012-12-31;177794;1238640740.74074
un663;2012-01-01;2012-12-31;;
un666;2012-01-01;2012-12-31;6039;
un670;2012-01-01;2012-12-31;109367;712588888.888889
un674;2012-01-01;2012-12-31;31945;
un678;2012-01-01;2012-12-31;171878;263398378.000848
un682;2012-01-01;2012-12-31;28705133;711049600000
un686;2012-01-01;2012-12-31;13107945;14045759802.382
un688;2012-01-01;2012-12-31;9846582;37488935009.7878
un690;2012-01-01;2012-12-31;87169;1128753720.62939
un694;2012-01-01;2012-12-31;6126450;3796030045.13767
un702;2012-01-01;2012-12-31;5256278;274701299733.694
un703;2012-01-01;2012-12-31;5480332;91148717948.7179
un704;2012-01-01;2012-12-31;89730274;155820001920.492
un705;2012-01-01;2012-12-31;2040057;45279487179.8345
un706;2012-01-01;2012-12-31;9797445;
un710;2012-01-01;2012-12-31;50738255;384312674445.534
un716;2012-01-01;2012-12-31;13013678;9802360203.02197
un724;2012-01-01;2012-12-31;46771596;1322964772435.07
un728;2012-01-01;2012-12-31;10386101;10220256856.5217
un729;2012-01-01;2012-12-31;35335982;58768800832.7859
un732;2012-01-01;2012-12-31;566613;
un740;2012-01-01;2012-12-31;534175;5012121214.24757
un748;2012-01-01;2012-12-31;1220408;3744472287.07088
un752;2012-01-01;2012-12-31;9495392;523942287822.878
un756;2012-01-01;2012-12-31;7733709;631173029581.956
un760;2012-01-01;2012-12-31;21117690;
un762;2012-01-01;2012-12-31;7078755;7632614221.01051
un764;2012-01-01;2012-12-31;69892142;365965815820.015
un768;2012-01-01;2012-12-31;6283092;3813834650.19521
un772;2012-01-01;2012-12-31;1136;
un776;2012-01-01;2012-12-31;104891;471575497.307237
un780;2012-01-01;2012-12-31;1350999;23320256742.6171
un784;2012-01-01;2012-12-31;8105873;
un788;2012-01-01;2012-12-31;10704948;45662043358.0705
un792;2012-01-01;2012-12-31;74508771;789257487307.029
un795;2012-01-01;2012-12-31;5169660;35164210526.3158
un796;2012-01-01;2012-12-31;39761;
un798;2012-01-01;2012-12-31;9867;39875708.119439
un800;2012-01-01;2012-12-31;35620977;20032237910.2417
un804;2012-01-01;2012-12-31;44940268;176308825694.203
un807;2012-01-01;2012-12-31;2066785;9612518136.34872
un818;2012-01-01;2012-12-31;83958369;262831912586.538
un826;2012-01-01;2012-12-31;62798099;2475781990521.33
un830;2012-01-01;2012-12-31;154218;
un831;2012-01-01;2012-12-31;;
un832;2012-01-01;2012-12-31;;
un833;2012-01-01;2012-12-31;83739;
un834;2012-01-01;2012-12-31;47656367;28242425168.1058
un840;2012-01-01;2012-12-31;315791284;16244600000000
un850;2012-01-01;2012-12-31;108590;
un854;2012-01-01;2012-12-31;17481984;10726304840.633
un858;2012-01-01;2012-12-31;3391428;49919727146.4227
un860;2012-01-01;2012-12-31;28077486;51112745668.7163
un862;2012-01-01;2012-12-31;29890694;381286237847.667
un876;2012-01-01;2012-12-31;13348;
un882;2012-01-01;2012-12-31;184772;683719606.266704
un887;2012-01-01;2012-12-31;25569263;35645823131.5726
un894;2012-01-01;2012-12-31;13883577;20590283021.5461
un004;2013-01-01;2013-12-31;34499915;20647000000
un008;2013-01-01;2013-12-31;3238316;13162000000
un012;2013-01-01;2013-12-31;36983924;215723000000
un016;2013-01-01;2013-12-31;71834;
un020;2013-01-01;2013-12-31;88909;
un024;2013-01-01;2013-12-31;20714494;123996000000
un028;2013-01-01;2013-12-31;91404;1220000000
un031;2013-01-01;2013-12-31;9533445;76009000000
un032;2013-01-01;2013-12-31;41473982;484596000000
un036;2013-01-01;2013-12-31;23213944;1487971000000
un040;2013-01-01;2013-12-31;8441263;417900000000
un044;2013-01-01;2013-12-31;355233;8373000000
un048;2013-01-01;2013-12-31;1377273;28362000000
un050;2013-01-01;2013-12-31;154393847;140175000000
un051;2013-01-01;2013-12-31;3117722;10442000000
un052;2013-01-01;2013-12-31;275141;4262000000
un056;2013-01-01;2013-12-31;10815599;507418000000
un060;2013-01-01;2013-12-31;65335;
un064;2013-01-01;2013-12-31;762313;2133000000
un068;2013-01-01;2013-12-31;10409761;29805000000
un070;2013-01-01;2013-12-31;3735880;18867000000
un072;2013-01-01;2013-12-31;2074616;15532000000
un076;2013-01-01;2013-12-31;200050487;2190218000000
un084;2013-01-01;2013-12-31;330721;1637000000
un090;2013-01-01;2013-12-31;580791;1099000000
un092;2013-01-01;2013-12-31;23928;
un096;2013-01-01;2013-12-31;419772;16564000000
un100;2013-01-01;2013-12-31;7349462;53698000000
un104;2013-01-01;2013-12-31;49119646;59427000000
un108;2013-01-01;2013-12-31;8911183;2676000000
un112;2013-01-01;2013-12-31;9498290;69242000000
un116;2013-01-01;2013-12-31;14656016;15642000000
un120;2013-01-01;2013-12-31;20913595;27883000000
un124;2013-01-01;2013-12-31;34993747;1825062000000
un132;2013-01-01;2013-12-31;510213;1955000000
un136;2013-01-01;2013-12-31;57708;
un140;2013-01-01;2013-12-31;4666833;2050000000
un144;2013-01-01;2013-12-31;21393876;65120000000
un148;2013-01-01;2013-12-31;12141876;13589000000
un152;2013-01-01;2013-12-31;17574464;281666000000
un156;2013-01-01;2013-12-31;1359368470;8939327000000
un170;2013-01-01;2013-12-31;48165221;369225000000
un174;2013-01-01;2013-12-31;792913;658000000
un175;2013-01-01;2013-12-31;223907;
un178;2013-01-01;2013-12-31;4324199;14253000000
un180;2013-01-01;2013-12-31;71419669;18556000000
un184;2013-01-01;2013-12-31;20635;
un188;2013-01-01;2013-12-31;4859957;48505000000
un191;2013-01-01;2013-12-31;4378806;58601000000
un192;2013-01-01;2013-12-31;11244424;
un196;2013-01-01;2013-12-31;1141453;21778000000
un203;2013-01-01;2013-12-31;10589806;198630000000
un204;2013-01-01;2013-12-31;9606534;8359000000
un208;2013-01-01;2013-12-31;5611187;324293000000
un212;2013-01-01;2013-12-31;67702;495000000
un214;2013-01-01;2013-12-31;10308609;59266000000
un218;2013-01-01;2013-12-31;15061398;91412000000
un222;2013-01-01;2013-12-31;6302723;24666000000
un226;2013-01-01;2013-12-31;761050;17080000000
un231;2013-01-01;2013-12-31;88356373;47335000000
un232;2013-01-01;2013-12-31;5748304;3438000000
un233;2013-01-01;2013-12-31;1338832;24284000000
un234;2013-01-01;2013-12-31;49326;
un238;2013-01-01;2013-12-31;3045;
un242;2013-01-01;2013-12-31;882863;4218000000
un246;2013-01-01;2013-12-31;5418763;259627000000
un248;2013-01-01;2013-12-31;;
un250;2013-01-01;2013-12-31;63782963;2738676000000
un254;2013-01-01;2013-12-31;249408;
un258;2013-01-01;2013-12-31;279632;
un262;2013-01-01;2013-12-31;940090;1459000000
un266;2013-01-01;2013-12-31;1594205;19965000000
un268;2013-01-01;2013-12-31;4278410;15953000000
un270;2013-01-01;2013-12-31;1874360;896000000
un276;2013-01-01;2013-12-31;81804228;3593238000000
un288;2013-01-01;2013-12-31;26131336;45546000000
un292;2013-01-01;2013-12-31;29309;
un296;2013-01-01;2013-12-31;104251;173000000
un300;2013-01-01;2013-12-31;11445691;243330000000
un304;2013-01-01;2013-12-31;57300;
un308;2013-01-01;2013-12-31;105719;811000000
un312;2013-01-01;2013-12-31;467335;
un316;2013-01-01;2013-12-31;186562;
un320;2013-01-01;2013-12-31;15527502;53904000000
un324;2013-01-01;2013-12-31;10753680;6544000000
un328;2013-01-01;2013-12-31;759262;3020000000
un332;2013-01-01;2013-12-31;10388424;8287000000
un336;2013-01-01;2013-12-31;460;
un340;2013-01-01;2013-12-31;8071522;18877000000
un344;2013-01-01;2013-12-31;7274125;279654000000
un348;2013-01-01;2013-12-31;9933795;130563000000
un352;2013-01-01;2013-12-31;331996;14585000000
un356;2013-01-01;2013-12-31;1275137828;1758216000000
un360;2013-01-01;2013-12-31;247188189;867468000000
un364;2013-01-01;2013-12-31;76407013;388512000000
un368;2013-01-01;2013-12-31;34776205;221774000000
un372;2013-01-01;2013-12-31;4631391;220893000000
un376;2013-01-01;2013-12-31;7818860;272737000000
un380;2013-01-01;2013-12-31;61087395;2068366000000
un384;2013-01-01;2013-12-31;21057316;28284000000
un388;2013-01-01;2013-12-31;2771179;14389000000
un392;2013-01-01;2013-12-31;126345235;5007203000000
un398;2013-01-01;2013-12-31;16550975;224858000000
un400;2013-01-01;2013-12-31;6572903;34076000000
un404;2013-01-01;2013-12-31;43923719;45311000000
un408;2013-01-01;2013-12-31;24654358;1197506000000
un410;2013-01-01;2013-12-31;48774767;
un414;2013-01-01;2013-12-31;2959015;186058000000
un417;2013-01-01;2013-12-31;5503253;7234000000
un418;2013-01-01;2013-12-31;6458911;10099000000
un422;2013-01-01;2013-12-31;4324060;43493000000
un426;2013-01-01;2013-12-31;2240126;2457000000
un428;2013-01-01;2013-12-31;2226260;30380000000
un430;2013-01-01;2013-12-31;4348740;1977000000
un434;2013-01-01;2013-12-31;6506095;70924000000
un438;2013-01-01;2013-12-31;36871;
un440;2013-01-01;2013-12-31;3278337;46714000000
un442;2013-01-01;2013-12-31;530018;60538000000
un446;2013-01-01;2013-12-31;578844;
un450;2013-01-01;2013-12-31;22555046;10528000000
un454;2013-01-01;2013-12-31;16406945;3683000000
un458;2013-01-01;2013-12-31;29787203;312413000000
un462;2013-01-01;2013-12-31;328551;2270000000
un466;2013-01-01;2013-12-31;16808242;11370000000
un470;2013-01-01;2013-12-31;420557;9315000000
un474;2013-01-01;2013-12-31;409366;
un478;2013-01-01;2013-12-31;3704414;4183000000
un480;2013-01-01;2013-12-31;1320785;11899000000
un484;2013-01-01;2013-12-31;117478371;1327021000000
un492;2013-01-01;2013-12-31;35456;
un496;2013-01-01;2013-12-31;2887863;11139000000
un498;2013-01-01;2013-12-31;3495657;7880000000
un499;2013-01-01;2013-12-31;633167;4518000000
un500;2013-01-01;2013-12-31;6100;
un504;2013-01-01;2013-12-31;32925553;104799000000
un508;2013-01-01;2013-12-31;25028313;14669000000
un512;2013-01-01;2013-12-31;2957333;81945000000
un516;2013-01-01;2013-12-31;2404477;12296000000
un520;2013-01-01;2013-12-31;10437;
un524;2013-01-01;2013-12-31;31535507;19341000000
un528;2013-01-01;2013-12-31;16761552;800535000000
un533;2013-01-01;2013-12-31;108883;
un540;2013-01-01;2013-12-31;262605;
un548;2013-01-01;2013-12-31;257812;828000000
un554;2013-01-01;2013-12-31;4508166;181113000000
un558;2013-01-01;2013-12-31;6041763;11284000000
un562;2013-01-01;2013-12-31;17239826;7304000000
un566;2013-01-01;2013-12-31;170901148;292028000000
un570;2013-01-01;2013-12-31;1346;
un574;2013-01-01;2013-12-31;;
un578;2013-01-01;2013-12-31;4991997;515832000000
un580;2013-01-01;2013-12-31;63597;
un583;2013-01-01;2013-12-31;112726;339000000
un584;2013-01-01;2013-12-31;56687;193000000
un585;2013-01-01;2013-12-31;20922;247000000
un586;2013-01-01;2013-12-31;183188847;236518000000
un591;2013-01-01;2013-12-31;3678264;40618000000
un598;2013-01-01;2013-12-31;7327281;16095000000
un600;2013-01-01;2013-12-31;6798236;30558000000
un604;2013-01-01;2013-12-31;30075185;210349000000
un608;2013-01-01;2013-12-31;98112780;272207000000
un612;2013-01-01;2013-12-31;;
un616;2013-01-01;2013-12-31;38331803;513934000000
un620;2013-01-01;2013-12-31;10704534;219289000000
un624;2013-01-01;2013-12-31;1612913;880000000
un626;2013-01-01;2013-12-31;1223665;6129000000
un630;2013-01-01;2013-12-31;3742334;
un634;2013-01-01;2013-12-31;1976840;199907000000
un638;2013-01-01;2013-12-31;874944;
un642;2013-01-01;2013-12-31;21338815;183785000000
un643;2013-01-01;2013-12-31;142557892;2117831000000
un646;2013-01-01;2013-12-31;11608439;7700000000
un652;2013-01-01;2013-12-31;;
un654;2013-01-01;2013-12-31;3970;
un659;2013-01-01;2013-12-31;54338;767000000
un660;2013-01-01;2013-12-31;16158;
un662;2013-01-01;2013-12-31;179515;1377000000
un663;2013-01-01;2013-12-31;;
un666;2013-01-01;2013-12-31;6042;
un670;2013-01-01;2013-12-31;109354;742000000
un674;2013-01-01;2013-12-31;32156;1866000000
un678;2013-01-01;2013-12-31;175383;311000000
un682;2013-01-01;2013-12-31;29319402;718472000000
un686;2013-01-01;2013-12-31;13454191;15355000000
un688;2013-01-01;2013-12-31;9835010;43677000000
un690;2013-01-01;2013-12-31;87417;1271000000
un694;2013-01-01;2013-12-31;6255163;4607000000
un702;2013-01-01;2013-12-31;5300914;287374000000
un703;2013-01-01;2013-12-31;5488775;96963000000
un704;2013-01-01;2013-12-31;90656550;170020000000
un705;2013-01-01;2013-12-31;2044766;46819000000
un706;2013-01-01;2013-12-31;10052842;
un710;2013-01-01;2013-12-31;50981076;353911000000
un716;2013-01-01;2013-12-31;13327925;10482000000
un724;2013-01-01;2013-12-31;47042602;1355660000000
un728;2013-01-01;2013-12-31;10881979;11772000000
un729;2013-01-01;2013-12-31;35940905;52498000000
un732;2013-01-01;2013-12-31;585270;
un740;2013-01-01;2013-12-31;538882;5009000000
un748;2013-01-01;2013-12-31;1237166;3807000000
un752;2013-01-01;2013-12-31;9545823;552042000000
un756;2013-01-01;2013-12-31;7761820;646199000000
un760;2013-01-01;2013-12-31;21468962;
un762;2013-01-01;2013-12-31;7183529;8537000000
un764;2013-01-01;2013-12-31;70243267;400916000000
un768;2013-01-01;2013-12-31;6412560;4299000000
un772;2013-01-01;2013-12-31;1141;
un776;2013-01-01;2013-12-31;105265;477000000
un780;2013-01-01;2013-12-31;1355342;27130000000
un784;2013-01-01;2013-12-31;8207940;389994000000
un788;2013-01-01;2013-12-31;10813680;48379000000
un792;2013-01-01;2013-12-31;75359032;821798000000
un795;2013-01-01;2013-12-31;5234640;40560000000
un796;2013-01-01;2013-12-31;40159;
un798;2013-01-01;2013-12-31;9888;38000000
un800;2013-01-01;2013-12-31;36759274;22602000000
un804;2013-01-01;2013-12-31;44696741;175527000000
un807;2013-01-01;2013-12-31;2069219;10507000000
un818;2013-01-01;2013-12-31;85378440;262030000000
un826;2013-01-01;2013-12-31;63177406;2489674000000
un830;2013-01-01;2013-12-31;154432;
un831;2013-01-01;2013-12-31;;
un832;2013-01-01;2013-12-31;;
un833;2013-01-01;2013-12-31;84111;
un834;2013-01-01;2013-12-31;49153002;31940000000
un840;2013-01-01;2013-12-31;318497630;16724272000000
un850;2013-01-01;2013-12-31;108300;
un854;2013-01-01;2013-12-31;18011507;12126000000
un858;2013-01-01;2013-12-31;3403117;57107000000
un860;2013-01-01;2013-12-31;28398155;55182000000
un862;2013-01-01;2013-12-31;30340637;367482000000
un876;2013-01-01;2013-12-31;13263;
un882;2013-01-01;2013-12-31;185727;705000000
un887;2013-01-01;2013-12-31;26358020;40470000000
un894;2013-01-01;2013-12-31;14314515;22239000000
