code|date_in|date_out|energy|primary_goods|manufactures|services|investments|troops|military_equipment|migrations|tourism|sports|culture|information|technology|science|education|cooperation|economic_presence|military_presence|soft_presence|iepe
AT|2005-01-01|2005-12-31|109.221399528404|139.236415934745|139.836584433046|290.371222147491|51.8245063928887|#@#@|#@#@|78.8831258945132|466.685370696928|662.147494186743|37.234488123018|10.9232|65.8629664161289|97.104744254205|147.428571428571|#@#@|145.987655629313|#@#@|140.362862020784|120.0422256687
AT|2010-01-01|2010-12-31|77.3830980868639|169.82532169276|134.542611818272|322.817903712221|108.68426990984|#@#@|#@#@|125.259512562897|487.287477772061|113.226895793569|34.1949380721594|80|72.5075135295619|120.087924402254|253.142857142857|#@#@|165.420799869718|#@#@|132.798023090776|123.94699457225
AT|2011-01-01|2011-12-31|90.7529103149949|209.01377679867|154.815020571019|334.436223991669|124.396218985014|#@#@|#@#@|129.738499849449|495.752909517002|108.081139167854|30.3955005085861|90|71.5070117594768|128.46013770513|297.714285714286|#@#@|183.733667408917|#@#@|140.55607400008|134.474587655425
AT|2012-01-01|2012-12-31|106.067665512378|227.230703045449|169.114225929499|358.963789026057|133.670295375203|#@#@|#@#@|139.165513497024|509.701935742552|57.39206420188|39.514150661162|110|71.5070117594768|137.845205641816|310.285714285714|#@#@|199.770964647582|#@#@|145.714259444903|142.941525910737
AT|2013-01-01|2013-12-31|109.686665160399|226.604876545561|171.606232641905|380.703391117572|154.149072518617|#@#@|#@#@|173.485975850217|555.247410046562|74.2438523370232|59.2712259917429|148.2|71.5070117594768|142.370726346073|310.285714285714|#@#@|211.164019020058|#@#@|162.55444269761|155.017370868522
BE|2005-01-01|2005-12-31|416.733222393469|476.95745274657|392.904203515272|357.54268729253|369.923261737503|#@#@|#@#@|241.82975027522|183.004508261185|131.643633679714|225.686591276252|23.507|65.3164884427939|144.159384529184|160.571428571429|#@#@|394.012155719966|#@#@|129.417877386931|209.256842771575
BE|2010-01-01|2010-12-31|377.894081111545|514.785738703594|367.464494384362|470.612483999045|371.380448040542|#@#@|#@#@|273.091777551403|182.404895340697|91.173999463322|246.963441632262|120|60.0505068919597|179.318370381545|177.142857142857|#@#@|413.235767318739|#@#@|150.603309966444|226.307114165685
BE|2011-01-01|2011-12-31|535.49890621494|586.284033595835|395.130328767904|517.639018463474|368.26696596998|#@#@|#@#@|282.577668049943|192.505135569188|111.060725774829|254.562316759409|180|57.9518404891998|191.698902022477|200.571428571429|#@#@|466.439178638523|#@#@|166.722229578736|253.939113488857
BE|2012-01-01|2012-12-31|717.81744464308|663.423008866724|418.662626054785|519.515740600117|415.877726140418|#@#@|#@#@|295.946269539014|197.676034355447|155.956696200761|250.762879195835|220|54.9229895774193|202.624802008469|196.571428571429|#@#@|526.801485533921|#@#@|176.600944278582|281.420998871038
BE|2013-01-01|2013-12-31|762.426872690092|671.472488615961|406.176446229258|576.207936473498|416.132881231942|#@#@|#@#@|308.056328945361|201.569701080932|180.506113215124|272.79961706456|327.2|54.9229895774193|210.856939670499|196.571428571429|#@#@|546.485924359352|#@#@|197.989106021205|298.739640026308
BG|2005-01-01|2005-12-31|5.08150637818832|21.5343061227622|10.3690341477079|26.632097372589|0.0516209722736383|#@#@|#@#@|1.58058660310601|51.3025697075974|86.1586623491715|2.56462035541195|0.2724|1.03392417194914|19.1795877466139|36.5714285714286|#@#@|11.9267416220612|#@#@|18.0352275862356|12.8283665060516
BG|2010-01-01|2010-12-31|13.3999599775534|40.0228244890814|10.8698968532692|38.2612657568723|0.765465274571952|#@#@|#@#@|1.39565797054261|43.5585836932629|180.921906851734|4.44838149943158|41.1472|0.672788608950953|25.3429159438404|42.2857142857143|#@#@|18.7880514456634|#@#@|30.9297066009888|21.3671245858069
BG|2011-01-01|2011-12-31|13.6708954183845|53.1731069681588|13.3378283450287|35.6143281768675|0.930652385847594|#@#@|#@#@|2.06385095700567|44.6462306129628|139.527153607208|4.62011607730509|46.52|0.504374428129682|22.9185298522741|44.5714285714286|#@#@|20.4740958511755|#@#@|28.8757891918986|21.0630194517201
BG|2012-01-01|2012-12-31|17.2208588092524|73.6548693012426|17.4043943657024|38.7060380551518|0.988172897809648|#@#@|#@#@|3.339779492363|50.4396778093962|104.709917534813|3.74168611260695|50.56|0.504374428129682|23.2202312325579|44.5714285714286|#@#@|25.3150801740829|#@#@|27.5044661536215|22.2717848968174
BG|2013-01-01|2013-12-31|21.4332727184897|66.449190715135|17.2117874707556|40.3549499902367|1.20793075120314|#@#@|#@#@|3.19080920502026|53.627008117119|92.1522426451014|9.32457966852151|68.571|0.504374428129682|24.3192862607346|44.5714285714286|#@#@|25.5344418695141|#@#@|30.2096319499443|23.5995186073897
CY|2005-01-01|2005-12-31|3.67936806664507|2.24809798246572|1.35177105392259|35.419062289818|2.65626774470922|#@#@|#@#@|21.6145217974747|45.2326508353438|38.9614730813594|2.55550170525938|0.09|0.728781983502355|3.29716508453026|3.42857142857143|#@#@|10.0619071407837|#@#@|10.0404039478652|8.44211052951581
CY|2010-01-01|2010-12-31|2.65524261418094|2.68869851902002|0.794679997989275|37.5669870473628|9.53218125155785|#@#@|#@#@|30.874783558422|42.1266488796301|51.918326473376|1.99090528331239|1|0.639366207086938|6.97145689441529|9.14285714285714|#@#@|12.1051846239215|#@#@|12.6498828564519|10.418916271058
CY|2011-01-01|2011-12-31|3.1494506571615|3.11770758237973|0.918435766115293|35.3431255559654|9.48203516420631|#@#@|#@#@|32.9856569668701|43.5013088562039|28.9404051262575|2.05929515945671|6.04|0.760902213865175|8.13516221836715|10.8571428571429|#@#@|11.7501382777872|#@#@|12.3817434536969|10.1606545342597
CY|2012-01-01|2012-12-31|4.75300089248003|3.95830890771231|1.09364766687679|37.6863162005598|9.49530912850525|#@#@|#@#@|41.6393686188755|44.0114158684712|47.1640098710984|2.05929515945671|6.9|0.760902213865175|8.72778992963893|10.8571428571429|#@#@|12.7254829515645|#@#@|14.6650547909729|11.581608725442
CY|2013-01-01|2013-12-31|5.28812985038747|4.18448753836537|0.85985781042849|33.1192640645679|4.02348606749958|#@#@|#@#@|42.8058415319678|42.7470890135938|44.4720874757632|0|9.6|0.760902213865175|9.94537050007004|10.8571428571429|#@#@|10.3313554275435|#@#@|14.656028763072|10.6676882934796
CZ|2005-01-01|2005-12-31|50.4744622342696|61.3659427853348|112.210987401153|69.0373391768458|2.89077444732375|#@#@|#@#@|49.9054414064692|151.462939251363|119.466971222947|22.3665290492431|9.5994|4.71342677716026|64.9196720074994|67.4285714285714|#@#@|56.1353626114713|#@#@|47.5832782955569|43.2197458083153
CZ|2010-01-01|2010-12-31|76.7090508257848|92.9180843109128|142.168849481602|108.784795296262|14.2370641530695|#@#@|#@#@|57.617913736325|135.949284585217|202.423653219419|29.1401663375815|70|7.62812065400262|93.5813031344618|132|#@#@|83.0428896033187|#@#@|73.1231405860911|65.192942718863
CZ|2011-01-01|2011-12-31|96.3762715136932|111.892668806154|174.61841842401|128.517497993101|15.5320131146767|#@#@|#@#@|54.1362765963332|135.586629133387|196.83054526718|39.9548854185365|100|7.95409758646853|100.77903606409|148|#@#@|100.414807450296|#@#@|80.7339495110896|75.2952436062136
CZ|2012-01-01|2012-12-31|112.578111349964|130.303901610814|200.61158480648|135.265019201146|14.1972422601727|#@#@|#@#@|53.5032516617892|139.350572984753|273.450836355305|94.843840124454|140|7.92718604211049|105.552382902152|160.571428571429|#@#@|112.128121617604|#@#@|101.890370344032|89.4782565729442
CZ|2013-01-01|2013-12-31|120.313516738326|149.229149153508|202.302846018085|135.905057386475|18.0245686330324|#@#@|#@#@|60.7024284922863|163.319820773523|270.110333150188|95.973032968348|160|7.92718604211049|111.920437035999|160.571428571429|#@#@|117.461342649949|#@#@|107.995238758054|94.3131200356856
DE|2005-01-01|2005-12-31|358.774266171698|787.493307320683|1025.23689224561|750.146449415287|581.22559987257|#@#@|#@#@|829.615135065077|465.281035135509|81.7837511769003|548.638784179979|113.2112|1039.77352633251|827.372935231179|694.857142857143|#@#@|695.653215644101|#@#@|537.116959321258|511.422023232537
DE|2010-01-01|2010-12-31|352.489172184008|938.615991545967|1000|1000|711.960874252786|#@#@|#@#@|1000|491.690293202445|888.846780580911|329.031293005445|800|1000|947.331559041883|645.142857142857|#@#@|800.577957199822|#@#@|670.923024921869|612.844215199992
DE|2011-01-01|2011-12-31|427.561240250862|1096.58582959348|1135.83020538804|1045.41016684385|766.176169104406|#@#@|#@#@|1006.14571585953|535.286634206028|913.400141240521|291.036917369712|1000|986.121890197427|981.930242330859|741.142857142857|#@#@|886.333364511148|#@#@|711.287076660704|663.998733778161
DE|2012-01-01|2012-12-31|582.858316643741|1269.91714047897|1232.06834349101|1102.50374259617|819.954898019082|#@#@|#@#@|1038.56631311579|558.653106659993|969.952596294157|224.166816250823|1020|966.086245422867|1029.02798280302|741.142857142857|#@#@|983.181528238423|#@#@|715.883164656513|702.915236472597
DE|2013-01-01|2013-12-31|689.294872522517|1283.18583036822|1209.67791592211|1139.37645093402|1103.64163836117|#@#@|#@#@|1200.69063731623|641.765986707127|953.334103921776|265.200741937414|1040.4|966.086245422867|1067.21475750752|741.142857142857|#@#@|1081.82622787507|#@#@|750.180720390256|756.177097972045
DK|2005-01-01|2005-12-31|172.295845377602|171.781544617417|72.3136744025308|190.069644833048|102.736059018995|#@#@|#@#@|26.956904515973|40.1163755690908|159.069975059647|83.5161969724167|37.691|51.2443550865423|98.904177486612|49.7142857142857|#@#@|138.234981505278|#@#@|59.0947347530517|79.7128709584096
DK|2010-01-01|2010-12-31|141.859883656601|181.477463543444|66.0822056441763|210.398993295871|128.863645414067|#@#@|#@#@|42.9394010999302|36.5036526204787|220.067349849167|135.216663674983|120|50.382751609918|120.378850733242|86.2857142857143|#@#@|144.239606713379|#@#@|89.7865943870901|96.1128839691455
DK|2011-01-01|2011-12-31|168.666265700774|194.546136603833|67.1113264639718|235.848647241327|137.460749625011|#@#@|#@#@|45.6485265376539|40.2208949594182|248.071322414536|142.744869263448|140|50.9296636404201|132.112879416423|100.571428571429|#@#@|159.05817464544|#@#@|99.247944125068|106.096160662798
DK|2012-01-01|2012-12-31|194.935321847037|205.620980324798|74.1256329486364|238.22438220043|149.385194220221|#@#@|#@#@|49.4518130513778|42.2668173040667|259.882181138966|99.4403996888649|160|50.9296636404201|146.185093796804|100.571428571429|#@#@|170.275970367774|#@#@|98.3941283224899|109.966167768099
DK|2013-01-01|2013-12-31|201.263716673986|206.644037362897|72.7245403713417|240.361458853138|162.10755155829|#@#@|#@#@|53.4989050486307|45.4170611166274|259.322956456964|113.518075749417|182|50.9296636404201|157.197194177163|100.571428571429|#@#@|175.06720087414|#@#@|105.295846272359|114.961625617458
EE|2005-01-01|2005-12-31|5.25662238209008|12.5899163576916|9.2069462361992|19.3530190275759|1.93652390272249|#@#@|#@#@|1.97573325388251|37.6826581759782|125.183847729156|0.632986298091306|0.96|0.276494415420489|8.45841369724267|4|#@#@|9.37896099356626|#@#@|14.0828264321159|10.0421053363285
EE|2010-01-01|2010-12-31|11.8765211306673|13.3005227929319|7.63817330888555|24.6794385020937|5.93641181146841|#@#@|#@#@|3.80605254027927|37.2566586070887|71.0019108335389|3.1839286782744|4.2|1.90768124925125|13.2425355846003|5.14285714285714|#@#@|12.6142143548417|#@#@|12.1436127530496|10.3794633212426
EE|2011-01-01|2011-12-31|16.349184738392|18.1914050711983|9.98177387362764|26.4585276952116|5.49247144991512|#@#@|#@#@|4.33396846571668|40.8079540533782|100.536942092554|5.80554059713995|4.6|2.23669658188662|15.3328951479953|12|#@#@|14.8175946337685|#@#@|16.139908036173|13.0550436574716
EE|2012-01-01|2012-12-31|24.0171451054184|22.7649577130734|13.1450530124266|30.7543772103014|4.3287872463751|#@#@|#@#@|4.98596043949791|45.4881675233722|86.0458316155028|7.33595404774726|5|2.23669658188662|16.1948990916633|12|#@#@|18.110532666587|#@#@|15.9904312835505|14.2376008037363
EE|2013-01-01|2013-12-31|24.1348664747849|25.5690206240118|13.5733276342028|30.8194658393179|5.44232536256359|#@#@|#@#@|5.68892633122931|45.2315966972384|78.0596595626109|6.87014300245318|5.4|2.23669658188662|16.6690012606808|12|#@#@|18.886395910733|#@#@|15.5105953992398|14.3117043297288
ES|2005-01-01|2005-12-31|97.6187316234894|351.56947272389|206.667611523867|623.766028074895|214.172464193481|#@#@|#@#@|276.676547967247|1131.76892423865|164.270341170082|93.6181415664452|24.0922|59.0691036372254|336.547889706595|70.2857142857143|#@#@|303.759952598638|#@#@|211.93273956732|212.91784218845
ES|2010-01-01|2010-12-31|82.790839097229|410.267567832544|201.843655854876|675.077563949578|356.535731299565|#@#@|#@#@|812.657416547003|1000|512.803856075066|66.4901573625321|200|65.6602617191095|472.690637559667|131.428571428571|#@#@|356.572995872997|#@#@|316.039100120937|280.87572448737
ES|2011-01-01|2011-12-31|126.662082707135|476.362151297325|229.313629311737|706.471979345208|366.025140888382|#@#@|#@#@|815.255505775859|1072.11719741349|512.363980855951|59.4232034942859|340|68.0532188811395|498.863232299288|157.714285714286|#@#@|388.244072298661|#@#@|346.478723087278|306.912960093639
ES|2012-01-01|2012-12-31|151.318617524587|540.965709114523|251.266957849142|772.22234275672|382.970093758434|#@#@|#@#@|815.404080916551|1165.19784766721|497.330266249919|54.4079459103692|402.4|68.0532188811395|544.021463898197|176.571428571429|#@#@|424.999648120381|#@#@|368.858549647491|331.17479912359
ES|2013-01-01|2013-12-31|267.775817367815|565.283677416316|236.310340083851|792.443210171183|363.056197540187|#@#@|#@#@|826.139820271497|1167.20186003627|482.652290056898|54.4079459103692|547.8|68.0532188811395|576.260411391382|176.571428571429|#@#@|445.605142906919|#@#@|391.748342668323|349.534191932058
FI|2005-01-01|2005-12-31|45.5067039166497|57.1895522232649|56.9093276590857|63.2444511943764|78.1924990302632|#@#@|#@#@|13.970804984854|44.7500153009743|94.9297221265892|3.19152755340154|4.5234|57.4435595465665|90.2841380499316|17.7142857142857|#@#@|61.8839875484135|#@#@|33.4241991003557|38.8910468545608
FI|2010-01-01|2010-12-31|51.9998253575852|43.3377007252206|45.7700913371652|81.0678874400642|104.436601334181|#@#@|#@#@|20.5171995482683|39.6438980928278|139.358301846778|0.91946389038473|80|56.6344769871571|106.619112782441|20.5714285714286|#@#@|69.9470183841789|#@#@|48.3328464713256|48.8129763627978
FI|2011-01-01|2011-12-31|85.9004210060762|64.0671161821145|46.8047969911679|82.7601917944935|118.324117760712|#@#@|#@#@|22.1736543083234|39.9785390259176|120.429672272018|0.91946389038473|100|56.1600525035549|110.239529345847|21.7142857142857|#@#@|82.9508750135208|#@#@|50.2969586753587|54.6579334958029
FI|2012-01-01|2012-12-31|118.276787615112|68.800222917341|50.1512177832274|95.3873858236966|119.909619051973|#@#@|#@#@|24.1928536937914|43.0028612502538|104.980411533644|0.91946389038473|114|56.1600525035549|115.422328057151|23.4285714285714|#@#@|93.3796939995832|#@#@|52.3170774996257|59.5501393696694
FI|2013-01-01|2013-12-31|126.783333877265|66.3981625393015|46.0288838401784|108.491896465687|135.643691400978|#@#@|#@#@|27.0865126174277|43.3441145041865|116.459333189821|16.0488242685335|156.8|56.1600525035549|119.473746592391|23.4285714285714|#@#@|100.879033947415|#@#@|61.7313183924904|66.7304393605633
FR|2005-01-01|2005-12-31|262.372343037426|593.012868846318|450.623544045447|582.597470221952|707.725004756504|#@#@|#@#@|487.876900754177|943.567227625727|297.484743469992|446.813857476216|40|363.461241299324|589.22279569429|245.142857142857|#@#@|532.449322893587|#@#@|369.249821927893|372.185660786394
FR|2010-01-01|2010-12-31|223.496960759491|613.479007390025|401.512112470561|743.247054739537|1000|#@#@|#@#@|523.84077802795|847.462925962834|864.148364430364|488.607670675522|600|371.78993022097|692.566293490793|256|#@#@|631.230968981617|#@#@|497.359515618246|468.653145397408
FR|2011-01-01|2011-12-31|248.200804774839|674.947425916292|432.428652165364|878.078149747239|1044.41763431408|#@#@|#@#@|520.646017356421|842.58571644145|845.687354851342|509.124633518818|700|373.514005288553|703.912420399323|264.571428571429|#@#@|692.411600025188|#@#@|514.032548473227|499.571380307256
FR|2012-01-01|2012-12-31|336.796948058069|797.358542861776|468.128263254085|1019.92796858389|1050.55020582019|#@#@|#@#@|529.450675029024|931.288371425625|730.68036727859|571.435409561419|789.6|373.514005288553|722.962707554387|278.857142857143|#@#@|765.632200160844|#@#@|539.752654061528|539.226456929424
FR|2013-01-01|2013-12-31|324.001143814662|793.7270732154|469.710339361709|995.129200928598|1068.36091613952|#@#@|#@#@|536.055551296753|935.37967307408|722.293452325484|802.441213426674|890.66|373.514005288553|739.276132188305|278.857142857143|#@#@|762.100347686835|#@#@|589.874507563125|560.940405600035
GB|2005-01-01|2005-12-31|543.12531839579|312.589355523784|338.116234139295|755.288451107592|730.19635142968|#@#@|#@#@|452.067920967509|395.199729782877|146.666913554306|690.855819658312|292.5994|244.541297066989|854.030407189113|608.571428571429|#@#@|569.589815483656|#@#@|435.489656375056|416.769371816315
GB|2010-01-01|2010-12-31|552.153504396718|285.327101977107|239.89458064611|724.110997808683|793.404019651367|#@#@|#@#@|708.348974554927|384.86978327815|1000|1000|1000|228.163886096454|1000|1000|#@#@|557.289644783007|#@#@|718.050993397516|542.0735219804
GB|2011-01-01|2011-12-31|784.802187335025|351.682902875525|270.375957252222|820.669978954677|924.741047079802|#@#@|#@#@|758.590685761207|408.96932892546|1004.87846073188|1570.8014719081|1400|221.320540800506|1037.35709590871|1065.14285714286|#@#@|670.245129944891|#@#@|874.1137790295|656.785487732629
GB|2012-01-01|2012-12-31|965.701205336884|396.385964054038|287.125261365566|877.427263457074|941.585707775151|#@#@|#@#@|814.565184576952|413.057532046757|1319.5187533329|1299.30568100553|1700|221.320540800506|1081.95502494424|1065.14285714286|#@#@|729.401999177443|#@#@|905.171625534783|693.551707433429
GB|2013-01-01|2013-12-31|1031.92163787172|393.04205299043|289.233591879165|920.439999132152|927.999067872729|#@#@|#@#@|926.274328191422|422.782339391838|1304.52535914413|1299.30568100553|2064.2|221.320540800506|1115.51930350081|1065.14285714286|#@#@|747.669037528802|#@#@|966.424856954718|728.669668460115
GR|2005-01-01|2005-12-31|4.80179872819748|52.2105709622682|12.1850979403301|159.369508146927|7.93930553568558|#@#@|#@#@|34.7729052683322|200.97663659413|75.3239652263429|24.1568240291988|1.3026|4.80674906807926|84.7134375639769|74.8571428571429|#@#@|48.8079238973078|#@#@|50.0563449672301|41.5729297659028
GR|2010-01-01|2010-12-31|17.4051790350762|58.6663586640252|11.4781221583356|160.99672387234|27.0803620547507|#@#@|#@#@|63.8600453786414|525.214504327013|186.095818672068|31.4821396517681|20.5544|4.05626422622365|113.795295613477|93.7142857142857|#@#@|57.1253239091774|#@#@|98.8662738370595|67.1861090505348
GR|2011-01-01|2011-12-31|19.6331677418648|66.3113917896276|12.0803352555407|157.069709921677|27.0552890110749|#@#@|#@#@|64.4326128756165|504.451082178179|184.373097037149|29.4380422425657|31.2678|3.88785004540238|114.33404807827|87.4285714285714|#@#@|57.7309266021605|#@#@|97.3031045305501|66.697180192874
GR|2012-01-01|2012-12-31|38.227629325242|79.7782645129596|13.6730624216547|162.222559718817|28.5537720919325|#@#@|#@#@|60.4724531415344|497.360278466233|156.969358108883|42.9336444683779|60|3.88785004540238|116.252006852931|87.4285714285714|#@#@|64.7219296287896|#@#@|100.37993748226|70.7691045007798
GR|2013-01-01|2013-12-31|45.0836881927748|78.4627480626007|12.6694310703823|155.084506736673|28.6260414531156|#@#@|#@#@|59.7279968514715|278.321272928622|157.344761132395|42.9336444683779|80|3.88785004540238|118.180740676889|87.4285714285714|#@#@|63.9613146641589|#@#@|83.4571521882902|62.6955895789939
HR|2005-01-01|2005-12-31|9.43545005872931|12.2467606409254|8.02226967109079|68.8203770801241|1.02062036609594|#@#@|#@#@|2.88457055066847|191.77369149837|200.510217193183|8.09204212289834|0.9542|1.44888282366341|19.9553912959152|51.4285714285714|#@#@|20.9889618517232|#@#@|41.6472414003856|27.1335365478322
HR|2010-01-01|2010-12-31|12.2047544362492|13.4955919548508|7.72561281401229|76.8262784491549|3.433532098658|#@#@|#@#@|3.08214387605672|190.126425019029|211.124924800152|8.36940106503919|11.02|0.998765541416867|36.2795909791287|54.2857142857143|#@#@|24.0591677044146|#@#@|45.8532022484896|30.2349567619828
HR|2011-01-01|2011-12-31|11.714414391402|16.23360849416|9.48047482503569|76.5225315137446|1.07666599313589|#@#@|#@#@|3.08214387605672|176.486037653302|217.42603064666|6.9233351283432|11.02|0.817763702750707|38.423825789003|56|#@#@|23.9951740660769|#@#@|45.2892271281979|29.9512106240803
HR|2012-01-01|2012-12-31|11.9892490932111|18.6995677531484|9.79299266772597|78.8114816341585|1.36426855294616|#@#@|#@#@|3.08214387605672|190.45767993275|233.524231540418|8.10951953569078|12.4|0.817763702750707|42.0765675002963|55.4285714285714|#@#@|25.028957777855|#@#@|48.4006342337972|31.7752957031316
HR|2013-01-01|2013-12-31|14.1210467810644|21.6698352297542|8.84184264311676|78.4751903842399|0.988172897809648|#@#@|#@#@|3.08214387605672|268.022439469793|220.659264836338|6.92941422844492|15.6|0.817763702750707|40.4279849580312|55.4285714285714|#@#@|25.4334542708887|#@#@|54.5220692216867|34.7448644649136
HU|2005-01-01|2005-12-31|13.3725592491641|51.4416750669945|77.5013748016755|73.517606474149|5.59128873969609|#@#@|#@#@|5.2854816007865|75.5492794231347|469.971967631336|394.942416083288|7|5.87626592772775|53.6274203454481|49.7142857142857|#@#@|42.9575379452691|#@#@|113.489447936612|68.529010470044
HU|2010-01-01|2010-12-31|24.7252040853361|79.0903643289694|95.4251577107912|98.5658805406695|8.90093050489736|#@#@|#@#@|43.3886828418631|76.0742401996142|252.82635110863|313.515909770837|12|7.79523266332269|60.8036031764845|60.5714285714286|#@#@|58.8017100959121|#@#@|92.6152781729441|64.9476777960009
HU|2011-01-01|2011-12-31|38.1137700452238|99.9373951754063|113.866258065717|105.118135861665|7.77116865456573|#@#@|#@#@|46.9730581110568|76.5295959175595|261.324019488843|363.271824328367|13|8.00835473235167|57.8189145215339|62.8571428571429|#@#@|68.8232666924566|#@#@|101.110906876696|72.6638585064139
HU|2012-01-01|2012-12-31|48.4317996165291|127.037907793959|122.325579631473|116.779848560457|8.11924149618226|#@#@|#@#@|50.2089140342655|82.1310941480769|415.712083277775|400.39840842458|14.4|7.93716935695299|63.6913163877725|63.4285714285714|#@#@|78.6681358283969|#@#@|119.228426383907|84.7389677513881
HU|2013-01-01|2013-12-31|69.4441958330591|140.212435112218|121.826672104797|115.586557028487|19.2988692057302|#@#@|#@#@|50.917016832457|101.746368238678|404.759509792012|384.680135224077|22|7.93716935695299|67.5380089863911|63.4285714285714|#@#@|86.6955203455403|#@#@|119.382712291654|87.8603453854661
IE|2005-01-01|2005-12-31|13.5697209032706|108.717988637443|110.117565567224|356.49042112343|88.8101955844895|#@#@|#@#@|134.015567197454|220.560925413149|255.570465806432|24.3164004068689|4.9174|12.0329327853796|45.4599329791934|23.4285714285714|#@#@|143.682849109257|#@#@|63.9194407934659|84.002425426512
IE|2010-01-01|2010-12-31|10.2218949812673|107.418992299507|99.7356522160184|464.765355492396|176.217775608058|#@#@|#@#@|165.362551003554|215.012229918637|137.808184123851|24.3164004068689|32|14.5235528099993|67.1285571131488|28|#@#@|188.464193960114|#@#@|64.9912519515749|101.512369602568
IE|2011-01-01|2011-12-31|15.4618507487748|121.932244931024|97.8622001217311|488.956629276865|214.668025527308|#@#@|#@#@|162.065842496126|191.405925073908|154.408665160479|24.3164004068689|40|15.1455567304036|74.466365683623|58.8571428571429|#@#@|206.480476370938|#@#@|69.4362691034113|110.403264808526
IE|2012-01-01|2012-12-31|28.6136295601794|133.506695242458|100.191799020725|514.514764270682|259.380636825812|#@#@|#@#@|158.300490060876|190.351786968528|162.213560511211|24.3164004068689|48|15.1455567304036|79.8431152822524|56|#@#@|228.322044863465|#@#@|70.8912104382842|119.372333849727
IE|2013-01-01|2013-12-31|39.7915392673632|134.617586132142|102.43503825088|557.33223405871|266.968919750036|#@#@|#@#@|154.096524843265|204.086056512791|151.668374273965|24.3164004068689|70.2|15.1455567304036|79.1104119301346|56|#@#@|242.748103883993|#@#@|73.8088503888216|126.196350654775
IT|2005-01-01|2005-12-31|128.728004129228|295.71586126071|370.023096427765|488.891540647849|276.110256497237|#@#@|#@#@|81.6566602363135|826.030892762978|336.344837862344|131.460539699635|23.9588|212.865541243244|442.498949432694|93.1428571428571|#@#@|319.852443030993|#@#@|220.019280525933|222.752797393707
IT|2010-01-01|2010-12-31|138.02846168158|353.676886313973|331.884938231871|421.535657720596|385.443475772803|#@#@|#@#@|447.21393950937|854.454353200664|651.983084903333|38.4047148925986|200|188.767555442122|553.686683116575|107.428571428571|#@#@|334.368610946541|#@#@|298.42328227392|264.334782005689
IT|2011-01-01|2011-12-31|191.557264029141|413.839490312465|378.191649258406|459.786075372632|405.823435626435|#@#@|#@#@|490.51450464811|879.864671666646|642.483871175555|40.6159875545982|400|178.722604481901|567.090844440613|96|#@#@|375.182661716126|#@#@|329.205234899327|294.003819505818
IT|2012-01-01|2012-12-31|209.127497669491|459.596533909454|410.282777583377|461.70618992862|430.331598377037|#@#@|#@#@|527.449652389491|928.00185630526|646.468823092657|20.4789684676599|420|167.769605928179|593.468165116855|96|#@#@|397.525693767025|#@#@|338.461527253849|306.75206616824
IT|2013-01-01|2013-12-31|239.847669642132|476.785011274989|407.67067279461|464.342279403788|406.308672765807|#@#@|#@#@|581.504528775765|965.391879354469|638.89365523568|18.1081194279902|539.2|167.769605928179|622.72242395509|96|#@#@|399.127745742236|#@#@|364.812190157691|319.482150854587
LT|2005-01-01|2005-12-31|42.5517847253572|19.1067854228247|8.15655462320879|14.276105964288|0.532433456879527|#@#@|#@#@|0.573357790276706|18.2680855919254|57.121481720976|1.22341889547059|0.9971|0.387613050189162|10.1069962395078|1.71428571428571|#@#@|15.1964513507482|#@#@|7.47631299016691|9.21375548876109
LT|2010-01-01|2010-12-31|47.5952018932848|27.5664636699143|9.70796264707202|17.6607146731466|1.78166098590158|#@#@|#@#@|0.992213240099798|16.0913223478939|150.167738940753|0.933141865613594|9.5514|0.336828361642542|20.9682459297251|2.28571428571429|#@#@|18.6175653784527|#@#@|16.2651761214805|14.556655859693
LT|2011-01-01|2011-12-31|66.6332419605562|33.7178006814956|11.7651235267763|19.1469050356903|1.82000799387628|#@#@|#@#@|0.957835481482243|17.0820205054778|136.324262921298|0.189971878178663|18.7574|0.347245733652105|20.8066201902874|1.71428571428571|#@#@|23.6073125834664|#@#@|16.3808938789676|16.5059899660423
LT|2012-01-01|2012-12-31|102.501468996886|39.794473755814|14.3640365073721|21.2514373738908|1.91440062889093|#@#@|#@#@|0.755125249633897|19.0798038766472|124.302135987611|0.389822294022617|29.214|0.347245733652105|23.4357322184749|1.71428571428571|#@#@|31.8819280686762|#@#@|17.4057305819075|20.1217687337744
LT|2013-01-01|2013-12-31|123.27052949274|45.3007631743031|15.5093700400403|25.5364387841444|2.34359214122318|#@#@|#@#@|1.17437584610777|21.4143684006962|128.524457341745|0.506085083467959|31.3728|0.347245733652105|22.2828019438189|1.71428571428571|#@#@|37.662383406432|#@#@|18.108868223002|22.6417850770251
LU|2005-01-01|2005-12-31|2.09994503907586|20.8048956289833|30.1329948112286|256.666160421774|28.0523112184172|#@#@|#@#@|61.2477308703579|25.2662848684928|455.422723286768|129.484832166577|1.89|4.42608093256314|1.9395088732531|5.71428571428571|#@#@|75.4360433148438|#@#@|60.8281227432947|56.6466329215562
LU|2010-01-01|2010-12-31|2.98299848992989|20.0271552196342|28.3278678759976|335.054565967325|91.4472898252114|#@#@|#@#@|73.2420123080279|23.5669822990407|20.392548614808|642.864835756596|36|3.10047034434623|4.94574762679539|5.71428571428571|#@#@|109.644889008979|#@#@|112.932278426857|93.6139058997663
LU|2011-01-01|2011-12-31|2.664833028923|27.3515331704075|25.0438069339275|370.864160031243|95.0961551224966|#@#@|#@#@|73.593692827219|22.3746562711187|28.8260161731893|1084.73942440017|106|2.5730908863621|5.88317691553439|13.1428571428571|#@#@|119.06788778318|#@#@|189.763512113233|132.537012929695
LU|2012-01-01|2012-12-31|2.56636073550807|30.5425907914168|25.0793508664776|403.668829055564|86.050685895233|#@#@|#@#@|75.3023069451766|23.1357120396243|20.0638923632589|1419.46987375097|212|2.5730908863621|7.26238322540326|13.1428571428571|#@#@|124.665360924112|#@#@|253.527505896124|163.99548986338
LU|2013-01-01|2013-12-31|2.58013532210056|24.878770692381|23.1668942384988|428.294027033477|91.582979238045|#@#@|#@#@|78.5081317229263|23.5486786283018|27.8414446263837|1618.71237958475|394|2.5730908863621|7.83346083808333|13.1428571428571|#@#@|130.651244215279|#@#@|308.01253096611|191.333237046217
LV|2005-01-01|2005-12-31|7.50634937482777|18.2139416162426|4.24126343675798|9.67650951378794|0.156337801743019|#@#@|#@#@|1.74141128997205|20.11803407971|254.60115731351|0|0.556|0.816895588416577|3.60964151410993|5.71428571428571|#@#@|6.83345300155654|#@#@|21.0867787891187|12.2966303835861
LV|2010-01-01|2010-12-31|5.86519898864481|19.0184547983621|5.50408571179765|15.0788657221583|0.482287369527993|#@#@|#@#@|3.71674939720378|17.4343901248853|130.202314640491|1.07676060551666|2|0.809950673743535|4.63327119721573|4|#@#@|8.22248591627636|#@#@|12.5805648039024|8.91160445798013
LV|2011-01-01|2011-12-31|7.63073263076949|26.6147082956987|6.81789489586932|14.4605237465015|0.494086448904824|#@#@|#@#@|3.83766427234139|18.8862896753625|108.881861839331|1.07144139292766|9.6|0.809950673743535|4.49319555636967|4|#@#@|9.6514058695638|#@#@|12.2000794473367|9.27957077620913
LV|2012-01-01|2012-12-31|13.7648365331172|31.3942496366597|8.84846437105596|16.3589420928164|0.489661794138512|#@#@|#@#@|3.87046144435584|22.1442152925668|75.4306327488949|1.07600071800395|14.4|0.809950673743535|6.33572898596011|5.14285714285714|#@#@|12.2184846507618|#@#@|11.137589229491|9.76631521285536
LV|2013-01-01|2013-12-31|15.4734502041539|36.9469945340944|9.63717066427996|18.4634744310169|0.668122869713091|#@#@|#@#@|2.66486901283673|21.2159029446741|67.6334395584919|1.08967869323281|18|0.809950673743535|6.1633281972265|5.14285714285714|#@#@|13.9360755242953|#@#@|10.849097877652|10.2862937229521
MT|2005-01-01|2005-12-31|0.0482669313797074|0.434533941406737|2.28004128201589|13.2036623201927|0.551606960866878|#@#@|#@#@|3.16117320621202|29.3456076748409|94.6820856451399|0|0.155|0.488314312948273|0.797353647892939|1.14285714285714|#@#@|3.7014458599041|#@#@|9.86981243002784|5.94666314457637
MT|2010-01-01|2010-12-31|1.90371219226472|0.360942826735372|1.69075744828438|23.3451216072552|1.09288972727903|#@#@|#@#@|3.97912677331938|27.2279081082898|14.1094390415969|0|13.2224|0.338564590310802|1.26068076761451|1.14285714285714|#@#@|6.38127155050137|#@#@|5.84764381825361|5.11479934558718
MT|2011-01-01|2011-12-31|3.99340277659011|0.501179415557388|2.18123041176172|27.3806166062789|1.07371622329168|#@#@|#@#@|4.95632444068967|31.0124875116578|16.0144534295496|0|24.8372|0.338564590310802|1.46540670423567|0|#@#@|7.796919943661|#@#@|7.80690301702843|6.55400496642426
MT|2012-01-01|2012-12-31|8.34517497862116|0.69297791076475|2.19855481257358|30.2445162830054|0.793488088091927|#@#@|#@#@|4.6465294664809|33.1190387691551|20.763795585233|0|27.2588|0.338564590310802|1.61625739437758|0|#@#@|9.19447523506108|#@#@|8.63397511623927|7.46552914279327
MT|2013-01-01|2013-12-31|8.19084788005789|0.707014301987496|2.20264710491097|31.3727191859582|0.781689008715095|#@#@|#@#@|4.81051532655314|32.6142024474148|22.6856215474237|0|37.4744|0.338564590310802|2.15500985917011|0|#@#@|9.4257584536873|#@#@|10.1305046878176|8.24182036879727
NL|2005-01-01|2005-12-31|883.29875849743|883.035078800702|418.121510789151|370.180729426569|466.075434464226|#@#@|#@#@|90.1491520548021|258.464217888941|75.2626571654016|186.783390175313|66.9156|151.676068344905|259.980389410282|105.714285714286|#@#@|563.733819660269|#@#@|136.961375722598|277.221084303297
NL|2010-01-01|2010-12-31|1000|1000|403.617698819113|421.958733809204|574.132878282172|#@#@|#@#@|114.75730487856|237.733697626426|438.38481547364|203.875539998803|435.263|146.061538888918|324.145807967071|181.142857142857|#@#@|637.048596893304|#@#@|229.199288177175|347.510139380956
NL|2011-01-01|2011-12-31|1309.06483496632|1196.45244961266|483.985256919606|446.887678722527|596.344645209058|#@#@|#@#@|122.862948125938|259.110340660381|452.54950605568|192.205947466044|465.2|141.050782952318|346.514810305257|205.714285714286|#@#@|745.801313988041|#@#@|239.967046840719|393.789340862186
NL|2012-01-01|2012-12-31|1728.81114284609|1307.9301977547|523.482128638267|468.030635048057|631.989664006466|#@#@|#@#@|132.195916870628|264.98795918735|495.808737506497|192.205187578532|500|140.578528754551|363.054510974388|205.714285714286|#@#@|857.877715850795|#@#@|250.811402948185|441.366777379467
NL|2013-01-01|2013-12-31|2125.71670312288|1294.97440962877|534.788673002526|474.680523312577|613.988693532187|#@#@|#@#@|143.180203468913|282.181303065472|491.412207819556|208.428026087477|537.4|140.578528754551|386.188541812579|205.714285714286|#@#@|926.746995094624|#@#@|263.111142089901|473.194983497312
PL|2005-01-01|2005-12-31|89.4637818956173|131.229441727453|108.801810297425|105.552060055108|3.61199317423258|#@#@|#@#@|8.96074059965875|98.7037104000243|21.1316464170085|15.4887871716628|4.276|5.55723390993487|150.656739254582|14.8571428571429|#@#@|80.1397622632404|#@#@|34.63232017661|46.383976941272
PL|2010-01-01|2010-12-31|68.9010928622792|202.694695774379|148.99884663491|164.717623831117|18.2546506808806|#@#@|#@#@|7.25568280155814|91.1557301861327|246.543241535419|15.9789146173637|100|12.355871317676|205.383214628207|31.4285714285714|#@#@|111.183539151047|#@#@|71.5355688670873|75.1561065562581
PL|2011-01-01|2011-12-31|115.217180625682|259.537573474324|177.772439076202|188.561758260832|36.7836299572726|#@#@|#@#@|5.83908205852438|93.8881839295943|241.534730608042|25.6841979297553|180|14.4380435480875|213.249000614178|30.8571428571429|#@#@|142.966413068408|#@#@|84.3051976487668|93.1076278844276
PL|2012-01-01|2012-12-31|150.118678186989|291.545764433143|194.44759776443|206.103143780781|44.9884147789369|#@#@|#@#@|6.13583719325753|97.9468392403613|246.854513920287|43.3371447376294|200|14.4380435480875|226.243710064974|30.8571428571429|#@#@|162.912541914956|#@#@|91.8768765759956|104.170129152641
PL|2013-01-01|2013-12-31|160.376102558538|338.117579965922|196.919826661126|225.28259313098|49.7980145099179|#@#@|#@#@|7.37225106353721|121.951416627451|235.16531005946|45.7596661281637|350.8|14.4380435480875|244.11951684679|30.8571428571429|#@#@|176.969429381036|#@#@|115.442796541299|120.352069573791
PT|2005-01-01|2005-12-31|18.2792733442976|54.0051607931179|49.1352069855515|103.805515176499|34.9709963880068|#@#@|#@#@|32.0068787128967|178.09899672885|30.624378205899|1.51977502542931|1.7492|5.37840235710404|58.3792170849182|16|#@#@|53.1057090536657|#@#@|31.1332958745982|34.5014855427081
PT|2010-01-01|2010-12-31|17.8164796256754|68.8779530688496|44.1128802927109|130.155561823349|45.0857571837957|#@#@|#@#@|33.4795902803407|168.621368797691|166.681544334368|3.34806438102076|120|4.00895199501355|94.1416056978461|16.5714285714286|#@#@|62.6417523772715|#@#@|59.7657319492464|51.2961026000165
PT|2011-01-01|2011-12-31|25.9226496201989|83.0014321168005|51.2940405974403|137.510576902215|43.9707441826852|#@#@|#@#@|37.2070086371155|171.950720257429|162.878921514729|5.12012206067133|160|3.79756615465283|102.696994838751|21.7142857142857|#@#@|68.7748974013156|#@#@|67.2167756821101|57.0541778262706
PT|2012-01-01|2012-12-31|35.7765606426969|93.3031296667136|58.4625594109548|148.543099520514|60.7092131636429|#@#@|#@#@|40.7909887596584|180.69569026177|151.682891019238|5.12012206067133|160|3.79756615465283|115.842554979689|21.7142857142857|#@#@|80.2110079668145|#@#@|69.1201262757577|62.2754411142381
PT|2013-01-01|2013-12-31|44.3869315100638|96.5355945837605|58.1727779785367|142.110173352715|63.023307606424|#@#@|#@#@|42.7003373762104|183.47874263429|152.515224441524|5.12012206067133|265.4|3.79756615465283|129.634618078378|21.7142857142857|#@#@|81.2452304122025|#@#@|84.9577532761769|69.9537540636783
RO|2005-01-01|2005-12-31|19.0702481831864|16.6327545154005|32.3075876415353|32.0127573712872|0.194684809717722|#@#@|#@#@|2.28987484124983|31.1912757230461|180.656823811487|26.4425656674445|2.6954|1.2448759551428|27.896602626957|10.8571428571429|#@#@|19.4699725342053|#@#@|24.788351399968|18.8012312069833
RO|2010-01-01|2010-12-31|16.9366546006882|39.6099999758221|43.8368824640248|58.5363736955154|0.557506500555294|#@#@|#@#@|2.38708091734085|29.465971080328|230.32563698058|18.2806138933764|74|1.28611138601398|69.8977447821824|17.7142857142857|#@#@|30.5735919578986|#@#@|42.0322994921952|30.9528227104113
RO|2011-01-01|2011-12-31|21.9343319440324|53.3484168516732|54.169043442809|50.7582825280424|0.803812282546654|#@#@|#@#@|2.38708091734085|30.2961208101045|212.490884183121|34.4532998264824|88|1.42023505063711|75.3499197258827|22.2857142857143|#@#@|33.600678804117|#@#@|46.3247516602353|34.0776437092727
RO|2012-01-01|2012-12-31|20.6889628587763|69.2469507118124|63.9784548542572|58.4061964374824|0.7462917705846|#@#@|#@#@|2.77155860854639|34.1226421326351|245.767466162487|17.208412612936|238|1.42023505063711|74.5094658808064|27.4285714285714|#@#@|39.1492689189397|#@#@|66.462657623729|45.4495446961124
RO|2013-01-01|2013-12-31|19.1501933467518|66.7804094052433|63.3792865271367|69.8075546202079|0.650424250647843|#@#@|#@#@|2.78617903462512|38.9321632102224|248.20929337565|13.1209776820439|250|1.42023505063711|77.5049295850529|27.4285714285714|#@#@|41.0291931983405|#@#@|68.3740986688561|47.0431788030432
SE|2005-01-01|2005-12-31|111.170632463617|128.214094876522|120.961961583142|193.117962291988|166.796210725658|#@#@|#@#@|82.5690538529564|90.7296028429274|290.716012977044|88.0048525100221|31.5272|104.901199907633|185.610999170321|107.428571428571|#@#@|148.655084609856|#@#@|102.048168347385|103.431089591542
SE|2010-01-01|2010-12-31|115.417858194907|140.430620034878|98.6590912733767|220.042958495151|233.068689815477|#@#@|#@#@|100.988024685602|84.9505302570219|172.103507450736|63.6155029019326|240|110.542640907978|210.997015311345|68|#@#@|169.970753140202|#@#@|117.374226057076|118.581030179532
SE|2011-01-01|2011-12-31|153.07197203266|191.429048758543|118.337958997305|266.104011629168|248.982698124979|#@#@|#@#@|105.037092416108|84.5765987218224|194.548240033018|79.3550529527912|400|109.664543259005|220.004956522676|73.1428571428571|#@#@|202.045747291154|#@#@|144.020995211178|143.02704176778
SE|2012-01-01|2012-12-31|192.448666163556|207.340382574431|129.051992899353|295.751882146189|258.243500550869|#@#@|#@#@|106.669838377117|81.7220566196104|247.363380755587|97.6181894333752|420|109.664543259005|231.588134515715|74.2857142857143|#@#@|222.571651260836|#@#@|154.474688097445|155.635584003943
SE|2013-01-01|2013-12-31|267.120376494879|209.125971437579|125.577866952232|312.186760972858|263.912958191437|#@#@|#@#@|109.961409978085|81.8276620916221|236.73447360523|113.580386525459|499.4|109.664543259005|247.082655403148|74.2857142857143|#@#@|240.803941599941|#@#@|168.612082603793|169.067055805722
SI|2005-01-01|2005-12-31|4.81873738861583|16.7540537403217|22.7263058767154|24.972337332668|1.11058834634428|#@#@|#@#@|0.488006113708981|39.9675504347585|432.102419164782|2.14592233590618|0.502|4.7129927199932|23.0478304438243|4.57142857142857|#@#@|13.6230514480989|#@#@|38.2023179167122|22.7498257919652
SI|2010-01-01|2010-12-31|7.90341634680955|22.2917885557852|26.9018568257381|32.1863270486646|1.44686210858398|#@#@|#@#@|1.65764020000743|41.0936893670942|177.17408710631|3.58210973493687|14|5.27770109434493|35.3529367396856|7.42857142857143|#@#@|17.4799581892501|#@#@|24.4270043411771|17.8788061088565
SI|2011-01-01|2011-12-31|12.6164009056393|31.6007292380321|31.4192813109836|35.1044672495715|1.28020011238623|#@#@|#@#@|1.8279484064921|40.5383502470325|181.851066242446|3.77664093819183|20|5.59369471196835|36.764468197442|8|#@#@|21.0697827227778|#@#@|25.8079541527661|19.878176344928
SI|2012-01-01|2012-12-31|21.5052574056721|35.5823426881336|34.9431555219427|37.7622529344124|1.26397637824309|#@#@|#@#@|2.11917148811438|43.7716473648656|141.879174149122|6.01982887572548|20|5.59369471196835|40.5680605988772|8|#@#@|24.4992340201249|#@#@|24.1200378029867|20.4049263170213
SI|2013-01-01|2013-12-31|34.8244499316446|41.0186190771513|35.46568724864|40.1271397886789|3.29194314613602|#@#@|#@#@|5.5494395635052|80.7482246717126|160.24397758839|7.07227308083528|27.4|5.59369471196835|41.7209908735333|8|#@#@|28.7791062868452|#@#@|30.3004083918621|24.8742482492577
SK|2005-01-01|2005-12-31|40.1970860979348|33.0793496117419|43.4587097299462|27.3589203966067|0.554556730711086|#@#@|#@#@|4.29761497384524|43.9133490810919|99.200850372169|2.85489738526895|2.84|1.35859893291386|22.4983029297359|4.57142857142857|#@#@|26.6642693343484|#@#@|15.505466540205|17.2649369555467
SK|2010-01-01|2010-12-31|48.0823085703722|48.3717141593948|69.9430121361037|37.2306957974442|2.82145485598486|#@#@|#@#@|12.9248518002486|34.9036306944061|194.046173788471|3.33514629330461|8.2|1.25268898414997|30.6981154438782|29.7142857142857|#@#@|38.2283791065773|#@#@|26.8664052406267|26.8853304711877
SK|2011-01-01|2011-12-31|61.8630132532034|64.1009387705474|82.7678154961508|36.6448981362956|3.19165097143295|#@#@|#@#@|15.2988928781139|34.9763023365195|185.27726100729|2.89517142344283|10|1.17195435107585|32.1096469016346|40.5714285714286|#@#@|45.2801833488985|#@#@|28.1025346757512|30.133635623427
SK|2012-01-01|2012-12-31|95.4462504464363|79.5702870836911|95.1882149137674|40.0945954741707|4.16360013509946|#@#@|#@#@|16.5495320278215|37.702974292191|142.345776297104|7.03807814276312|10|1.17195435107585|33.090176387557|44.5714285714286|#@#@|56.866398378177|#@#@|26.674388291731|33.8794499979035
SK|2013-01-01|2013-12-31|97.8306463858527|94.4404523417197|102.760405808576|49.7494087782864|4.27864115902357|#@#@|#@#@|21.5200817479391|49.1025515380897|136.756339117572|4.28120624663436|10|1.17195435107585|34.0922559720711|44.5714285714286|#@#@|62.9936670359443|#@#@|27.4631578818276|36.5706460992995
