code|date_in|date_out|population|pib
AD|1990-01-01|1990-12-31|52773|1504620674.3617
AD|1995-01-01|1995-12-31|64699|1621600794.10043
AD|2000-01-01|2000-12-31|64634|1956208834.0541
AD|2005-01-01|2005-12-31|77888|3037819696.76942
AD|2010-01-01|2010-12-31|84864|#@#@
AD|2011-01-01|2011-12-31|86165|#@#@
AD|2012-01-01|2012-12-31|87518|#@#@
AD|2013-01-01|2013-12-31|88909|#@#@
AE|1990-01-01|1990-12-31|1808642|58656482054.1835
AE|1995-01-01|1995-12-31|2348539|68910011037.2666
AE|2000-01-01|2000-12-31|3033491|91042095796.9935
AE|2005-01-01|2005-12-31|4069349|136270289963
AE|2010-01-01|2010-12-31|7511690|235916056789.377
AE|2011-01-01|2011-12-31|7890924|252390029564.872
AE|2012-01-01|2012-12-31|8105873|#@#@
AE|2013-01-01|2013-12-31|8207940|389994000000
AF|1990-01-01|1990-12-31|13032161|9246382633.1505
AF|1995-01-01|1995-12-31|19789880|11911018388.5049
AF|2000-01-01|2000-12-31|22856302|15174524666.205
AF|2005-01-01|2005-12-31|27614718|24135263532
AF|2010-01-01|2010-12-31|31411743|38153131914.1119
AF|2011-01-01|2011-12-31|32358260|40347231704.8588
AF|2012-01-01|2012-12-31|33397058|20496777409.458
AF|2013-01-01|2013-12-31|34499915|20647000000
AG|1990-01-01|1990-12-31|62202|719898668.483595
AG|1995-01-01|1995-12-31|68642|799703742.781984
AG|2000-01-01|2000-12-31|77656|989239953.030226
AG|2005-01-01|2005-12-31|83916|1223411364
AG|2010-01-01|2010-12-31|88710|1236411116.66649
AG|2011-01-01|2011-12-31|89612|1242798676.49717
AG|2012-01-01|2012-12-31|90510|1134159259.25926
AG|2013-01-01|2013-12-31|91404|1220000000
AI|1990-01-01|1990-12-31|8332|102775340.478192
AI|1995-01-01|1995-12-31|9805|126367759.413797
AI|2000-01-01|2000-12-31|11068|172126499.405448
AI|2005-01-01|2005-12-31|13574|264406601.70164
AI|2010-01-01|2010-12-31|15358|#@#@
AI|2011-01-01|2011-12-31|15645|#@#@
AI|2012-01-01|2012-12-31|15911|#@#@
AI|2013-01-01|2013-12-31|16158|#@#@
AL|1990-01-01|1990-12-31|3289483|12581772456.2995
AL|1995-01-01|1995-12-31|3141102|10320199726.7722
AL|2000-01-01|2000-12-31|3071856|12887082139.09
AL|2005-01-01|2005-12-31|3141800|16868324200
AL|2010-01-01|2010-12-31|3204284|21626799092.042
AL|2011-01-01|2011-12-31|3215988|22029760466.3326
AL|2012-01-01|2012-12-31|3227373|12648095824.4086
AL|2013-01-01|2013-12-31|3238316|13162000000
AM|1990-01-01|1990-12-31|3544695|9957305670.52134
AM|1995-01-01|1995-12-31|3223173|5261201405.69325
AM|2000-01-01|2000-12-31|3076098|6503046122.50116
AM|2005-01-01|2005-12-31|3065954|11966418462
AM|2010-01-01|2010-12-31|3092072|14205813590.7662
AM|2011-01-01|2011-12-31|3100236|14722799359.9358
AM|2012-01-01|2012-12-31|3108972|9950522732.78837
AM|2013-01-01|2013-12-31|3117722|10442000000
AO|1990-01-01|1990-12-31|10335052|28704755637.4299
AO|1995-01-01|1995-12-31|12105105|24077352617.0745
AO|2000-01-01|2000-12-31|13926373|34072903027.9384
AO|2005-01-01|2005-12-31|16489021|58255711193
AO|2010-01-01|2010-12-31|19081912|104905064857.442
AO|2011-01-01|2011-12-31|19618432|108277719886.071
AO|2012-01-01|2012-12-31|20162517|114147030253.231
AO|2013-01-01|2013-12-31|20714494|123996000000
AR|1990-01-01|1990-12-31|32642442|256132594036.129
AR|1995-01-01|1995-12-31|34855160|341852041152.894
AR|2000-01-01|2000-12-31|36930709|390407953737.304
AR|2005-01-01|2005-12-31|38681174|427929827962
AR|2010-01-01|2010-12-31|40412376|589809408586.771
AR|2011-01-01|2011-12-31|40764561|641676820603.742
AR|2012-01-01|2012-12-31|41118986|475501675472.598
AR|2013-01-01|2013-12-31|41473982|484596000000
AS|1990-01-01|1990-12-31|47052|305713063.967747
AS|1995-01-01|1995-12-31|52919|373098109.873163
AS|2000-01-01|2000-12-31|57625|440857130.132628
AS|2005-01-01|2005-12-31|62962|605557291.506282
AS|2010-01-01|2010-12-31|68420|#@#@
AS|2011-01-01|2011-12-31|69543|#@#@
AS|2012-01-01|2012-12-31|70680|#@#@
AS|2013-01-01|2013-12-31|71834|#@#@
AT|1990-01-01|1990-12-31|7670513|200468820538.696
AT|1995-01-01|1995-12-31|7935624|221553253909.013
AT|2000-01-01|2000-12-31|8004712|256218861353.477
AT|2005-01-01|2005-12-31|8232196|280783741168
AT|2010-01-01|2010-12-31|8393644|301175536800.206
AT|2011-01-01|2011-12-31|8413429|310212140973.05
AT|2012-01-01|2012-12-31|8428915|394707863203.908
AT|2013-01-01|2013-12-31|8441263|417900000000
AU|1990-01-01|1990-12-31|17096153|395808259494.998
AU|1995-01-01|1995-12-31|18118416|462358702175.468
AU|2000-01-01|2000-12-31|19164351|560394647615.596
AU|2005-01-01|2005-12-31|20403520|669194648960
AU|2010-01-01|2010-12-31|22268384|765494756868.44
AU|2011-01-01|2011-12-31|22605732|783116541957.9
AU|2012-01-01|2012-12-31|22918688|1532407884934.19
AU|2013-01-01|2013-12-31|23213944|1487971000000
AW|1990-01-01|1990-12-31|62147|1511226652.14693
AW|1995-01-01|1995-12-31|80323|2036981870.13019
AW|2000-01-01|2000-12-31|90271|2591810581.12638
AW|2005-01-01|2005-12-31|100996|2702920870.52906
AW|2010-01-01|2010-12-31|107488|#@#@
AW|2011-01-01|2011-12-31|108141|#@#@
AW|2012-01-01|2012-12-31|108587|#@#@
AW|2013-01-01|2013-12-31|108883|#@#@
AZ|1990-01-01|1990-12-31|7211692|33386488131.5312
AZ|1995-01-01|1995-12-31|7764798|14198616636.4938
AZ|2000-01-01|2000-12-31|8110723|20545841428.502
AZ|2005-01-01|2005-12-31|8587902|39916568496
AZ|2010-01-01|2010-12-31|9187783|86857488968.6242
AZ|2011-01-01|2011-12-31|9306023|87359262567.8406
AZ|2012-01-01|2012-12-31|9421233|66604589419.4634
AZ|2013-01-01|2013-12-31|9533445|76009000000
BA|1990-01-01|1990-12-31|4308197|16563347939.5448
BA|1995-01-01|1995-12-31|3332098|7332687105.63529
BA|2000-01-01|2000-12-31|3693698|21176517965.159
BA|2005-01-01|2005-12-31|3781001|24599192506
BA|2010-01-01|2010-12-31|3760149|28603997590.571
BA|2011-01-01|2011-12-31|3752228|29080377057.618
BA|2012-01-01|2012-12-31|3744235|17465958605.6645
BA|2013-01-01|2013-12-31|3735880|18867000000
BB|1990-01-01|1990-12-31|259501|3621278543.6775
BB|1995-01-01|1995-12-31|263416|3426872403.02398
BB|2000-01-01|2000-12-31|267511|4007882689.13279
BB|2005-01-01|2005-12-31|270503|4283956011
BB|2010-01-01|2010-12-31|273331|4409762941.81464
BB|2011-01-01|2011-12-31|273925|4430367102.1973
BB|2012-01-01|2012-12-31|274530|4224850000
BB|2013-01-01|2013-12-31|275141|4262000000
BD|1990-01-01|1990-12-31|105256026|84055852031.6502
BD|1995-01-01|1995-12-31|117486952|107245158312.233
BD|2000-01-01|2000-12-31|129592275|139368014205.049
BD|2005-01-01|2005-12-31|140587922|178265485096
BD|2010-01-01|2010-12-31|148692131|237354470862.336
BD|2011-01-01|2011-12-31|150493658|251305487414.241
BD|2012-01-01|2012-12-31|152408774|116355057337.05
BD|2013-01-01|2013-12-31|154393847|140175000000
BE|1990-01-01|1990-12-31|9949019|247988352195.562
BE|1995-01-01|1995-12-31|10079873|266924585863.193
BE|2000-01-01|2000-12-31|10175684|304662061912.46
BE|2005-01-01|2005-12-31|10414209|334056582093
BE|2010-01-01|2010-12-31|10712066|351017797815.413
BE|2011-01-01|2011-12-31|10754056|355399638569.46
BE|2012-01-01|2012-12-31|10787788|483261763949.601
BE|2013-01-01|2013-12-31|10815599|507418000000
BF|1990-01-01|1990-12-31|9323996|8206734987.39954
BF|1995-01-01|1995-12-31|10692138|9515007287.62382
BF|2000-01-01|2000-12-31|12294012|12312173565.287
BF|2005-01-01|2005-12-31|14198463|16186247820
BF|2010-01-01|2010-12-31|16468714|21438874803.0511
BF|2011-01-01|2011-12-31|16967845|22796053095.2931
BF|2012-01-01|2012-12-31|17481984|10726304840.633
BF|2013-01-01|2013-12-31|18011507|12126000000
BG|1990-01-01|1990-12-31|8818915|63724403514.0247
BG|1995-01-01|1995-12-31|8356624|56994746378.8856
BG|2000-01-01|2000-12-31|8006158|55298643162.8661
BG|2005-01-01|2005-12-31|7739115|72383942595
BG|2010-01-01|2010-12-31|7494332|82365987543.7283
BG|2011-01-01|2011-12-31|7446135|84033852912.1588
BG|2012-01-01|2012-12-31|7397873|50972109856.598
BG|2013-01-01|2013-12-31|7349462|53698000000
BH|1990-01-01|1990-12-31|492891|8803226264.77249
BH|1995-01-01|1995-12-31|559069|11046676346.8832
BH|2000-01-01|2000-12-31|638193|14050024943.2515
BH|2005-01-01|2005-12-31|724807|19740843452
BH|2010-01-01|2010-12-31|1261835|30196734108.1708
BH|2011-01-01|2011-12-31|1323535|31607533993.9223
BH|2012-01-01|2012-12-31|1359485|30362317939.1722
BH|2013-01-01|2013-12-31|1377273|28362000000
BI|1990-01-01|1990-12-31|5601720|3531556854.88638
BI|1995-01-01|1995-12-31|6086751|3087192646.66151
BI|2000-01-01|2000-12-31|6374347|2828710436.42342
BI|2005-01-01|2005-12-31|7251424|3046181634.85166
BI|2010-01-01|2010-12-31|8382849|3973175253.47489
BI|2011-01-01|2011-12-31|8575172|4151657896.60153
BI|2012-01-01|2012-12-31|8749387|2472384864.13151
BI|2013-01-01|2013-12-31|8911183|2676000000
BJ|1990-01-01|1990-12-31|4773137|5562944822.17401
BJ|1995-01-01|1995-12-31|5651141|6649508830.82652
BJ|2000-01-01|2000-12-31|6517810|8522481296.86316
BJ|2005-01-01|2005-12-31|7633757|10610922230
BJ|2010-01-01|2010-12-31|8849892|12863649574.6801
BJ|2011-01-01|2011-12-31|9099922|13260548738.4625
BJ|2012-01-01|2012-12-31|9351838|7557286829.00186
BJ|2013-01-01|2013-12-31|9606534|8359000000
BM|1990-01-01|1990-12-31|59795|2925448622.24693
BM|1995-01-01|1995-12-31|61405|3208914514.25076
BM|2000-01-01|2000-12-31|62834|3780578153.52888
BM|2005-01-01|2005-12-31|64130|4483763588.42997
BM|2010-01-01|2010-12-31|64941|4755218398.9287
BM|2011-01-01|2011-12-31|65077|#@#@
BM|2012-01-01|2012-12-31|65208|5473536000
BM|2013-01-01|2013-12-31|65335|#@#@
BN|1990-01-01|1990-12-31|252125|12748340385.3687
BN|1995-01-01|1995-12-31|289614|13839720819.3717
BN|2000-01-01|2000-12-31|327036|15704384675.9257
BN|2005-01-01|2005-12-31|363123|17235633195
BN|2010-01-01|2010-12-31|398920|17475122432.6312
BN|2011-01-01|2011-12-31|405938|17684178929.1006
BN|2012-01-01|2012-12-31|412892|16953952625.403
BN|2013-01-01|2013-12-31|419772|16564000000
BO|1990-01-01|1990-12-31|6658462|19291453317.754
BO|1995-01-01|1995-12-31|7470925|23641859763.7694
BO|2000-01-01|2000-12-31|8307248|28200681797.2387
BO|2005-01-01|2005-12-31|9146655|33092597790
BO|2010-01-01|2010-12-31|9929849|40181208332.9267
BO|2011-01-01|2011-12-31|10088108|42081213044.3724
BO|2012-01-01|2012-12-31|10248042|27035110130.246
BO|2013-01-01|2013-12-31|10409761|29805000000
BR|1990-01-01|1990-12-31|149650206|1068043412878.95
BR|1995-01-01|1995-12-31|161848162|1248392039670.72
BR|2000-01-01|2000-12-31|174425387|1405181550874.51
BR|2005-01-01|2005-12-31|185986964|1598743933948
BR|2010-01-01|2010-12-31|194946470|1985583587226.61
BR|2011-01-01|2011-12-31|196655014|2039982375741.14
BR|2012-01-01|2012-12-31|198360943|2252664120777.39
BR|2013-01-01|2013-12-31|200050487|2190218000000
BS|1990-01-01|1990-12-31|256128|5610842865.61493
BS|1995-01-01|1995-12-31|279774|5550968893.02587
BS|2000-01-01|2000-12-31|297651|6765133445.78696
BS|2005-01-01|2005-12-31|319358|7351940518
BS|2010-01-01|2010-12-31|342877|7298095917.59138
BS|2011-01-01|2011-12-31|347176|7454147920.26277
BS|2012-01-01|2012-12-31|351275|8149004000
BS|2013-01-01|2013-12-31|355233|8373000000
BT|1990-01-01|1990-12-31|558500|995269645.359662
BT|1995-01-01|1995-12-31|518584|1201597842.85393
BT|2000-01-01|2000-12-31|571262|1669292789.61194
BT|2005-01-01|2005-12-31|659293|2435428342
BT|2010-01-01|2010-12-31|725940|3873755342.36939
BT|2011-01-01|2011-12-31|738267|4164493691.7519
BT|2012-01-01|2012-12-31|750443|1779561112.28857
BT|2013-01-01|2013-12-31|762313|2133000000
BW|1990-01-01|1990-12-31|1382371|10822902147.8557
BW|1995-01-01|1995-12-31|1585637|12733420371.8048
BW|2000-01-01|2000-12-31|1757925|17769082844.9777
BW|2005-01-01|2005-12-31|1875673|22614989361
BW|2010-01-01|2010-12-31|2006945|26447405724.807
BW|2011-01-01|2011-12-31|2030738|27669039547.9464
BW|2012-01-01|2012-12-31|2053237|14504339385.9436
BW|2013-01-01|2013-12-31|2074616|15532000000
BY|1990-01-01|1990-12-31|10259700|69845791307.5158
BY|1995-01-01|1995-12-31|10274231|44749508081.0252
BY|2000-01-01|2000-12-31|10057810|59705552101.7344
BY|2005-01-01|2005-12-31|9825102|83916196182
BY|2010-01-01|2010-12-31|9595421|119848613940.513
BY|2011-01-01|2011-12-31|9559441|126414308613.577
BY|2012-01-01|2012-12-31|9527498|63267017440.3121
BY|2013-01-01|2013-12-31|9498290|69242000000
BZ|1990-01-01|1990-12-31|190241|926684589.731103
BZ|1995-01-01|1995-12-31|220311|1250727554.1151
BZ|2000-01-01|2000-12-31|250512|1639714556.84648
BZ|2005-01-01|2005-12-31|280947|2048103630
BZ|2010-01-01|2010-12-31|311627|2254900110.59652
BZ|2011-01-01|2011-12-31|317928|2306569301.48754
BZ|2012-01-01|2012-12-31|324292|#@#@
BZ|2013-01-01|2013-12-31|330721|1637000000
CA|1990-01-01|1990-12-31|27700854|758650876902.098
CA|1995-01-01|1995-12-31|29302092|819569928820.686
CA|2000-01-01|2000-12-31|30667365|995113294151.782
CA|2005-01-01|2005-12-31|32283413|1132437561214
CA|2010-01-01|2010-12-31|34016593|1197534121839.2
CA|2011-01-01|2011-12-31|34349561|1225921102631.58
CA|2012-01-01|2012-12-31|34674708|1779634707766.21
CA|2013-01-01|2013-12-31|34993747|1825062000000
CD|1990-01-01|1990-12-31|36406226|21683277671.2823
CD|1995-01-01|1995-12-31|44067369|16182278471.5173
CD|2000-01-01|2000-12-31|49626200|14513234188.7604
CD|2005-01-01|2005-12-31|57420522|18948772260
CD|2010-01-01|2010-12-31|65965795|24608256267.381
CD|2011-01-01|2011-12-31|67757577|26237281243.0012
CD|2012-01-01|2012-12-31|69575394|17203980742.5707
CD|2013-01-01|2013-12-31|71419669|18556000000
CF|1990-01-01|1990-12-31|2934777|2498107460.75843
CF|1995-01-01|1995-12-31|3327710|2582161212.48498
CF|2000-01-01|2000-12-31|3701607|2821293669.12968
CF|2005-01-01|2005-12-31|4017880|2712069000
CF|2010-01-01|2010-12-31|4401051|3038429316.08489
CF|2011-01-01|2011-12-31|4486837|3117102890.79684
CF|2012-01-01|2012-12-31|4575586|2184181390.99191
CF|2013-01-01|2013-12-31|4666833|2050000000
CG|1990-01-01|1990-12-31|2388902|9713654964.11208
CG|1995-01-01|1995-12-31|2732706|9713105069.06472
CG|2000-01-01|2000-12-31|3135773|10735388682.0937
CG|2005-01-01|2005-12-31|3533177|12793633917
CG|2010-01-01|2010-12-31|4042899|16370359714.2684
CG|2011-01-01|2011-12-31|4139748|17016576076.6975
CG|2012-01-01|2012-12-31|4233063|13677928883.6386
CG|2013-01-01|2013-12-31|4324199|14253000000
CH|1990-01-01|1990-12-31|6673738|219404339964.81
CH|1995-01-01|1995-12-31|7018702|221305073825.97
CH|2000-01-01|2000-12-31|7167908|246482153399.478
CH|2005-01-01|2005-12-31|7415007|263381048640
CH|2010-01-01|2010-12-31|7664318|287232248735.075
CH|2011-01-01|2011-12-31|7701690|292221129709.689
CH|2012-01-01|2012-12-31|7733709|631173029581.956
CH|2013-01-01|2013-12-31|7761820|646199000000
CI|1990-01-01|1990-12-31|12517730|22036435283.8378
CI|1995-01-01|1995-12-31|14677200|24079647582.8093
CI|2000-01-01|2000-12-31|16581653|28956750526.6652
CI|2005-01-01|2005-12-31|18020946|28382989950
CI|2010-01-01|2010-12-31|19737800|29829310564.0813
CI|2011-01-01|2011-12-31|20152894|28171273691.7414
CI|2012-01-01|2012-12-31|20594615|24680372724.4372
CI|2013-01-01|2013-12-31|21057316|28284000000
CK|1990-01-01|1990-12-31|17614|158923096.988991
CK|1995-01-01|1995-12-31|18307|190412413.292868
CK|2000-01-01|2000-12-31|17830|236933453.542193
CK|2005-01-01|2005-12-31|19402|358590405.470339
CK|2010-01-01|2010-12-31|20288|#@#@
CK|2011-01-01|2011-12-31|20414|#@#@
CK|2012-01-01|2012-12-31|20528|#@#@
CK|2013-01-01|2013-12-31|20635|#@#@
CL|1990-01-01|1990-12-31|13187821|85440551142.9114
CL|1995-01-01|1995-12-31|14409416|130872321137.582
CL|2000-01-01|2000-12-31|15419820|160908509154.591
CL|2005-01-01|2005-12-31|16301726|199891764212
CL|2010-01-01|2010-12-31|17113688|239087888782.475
CL|2011-01-01|2011-12-31|17269525|252495523373.477
CL|2012-01-01|2012-12-31|17423214|269869337788.189
CL|2013-01-01|2013-12-31|17574464|281666000000
CM|1990-01-01|1990-12-31|12180819|24801156986.2125
CM|1995-01-01|1995-12-31|13940337|22499218936.2646
CM|2000-01-01|2000-12-31|15678269|28274767319.2689
CM|2005-01-01|2005-12-31|17553589|35019410055
CM|2010-01-01|2010-12-31|19598889|39236631179.8371
CM|2011-01-01|2011-12-31|20030362|40726390542.7129
CM|2012-01-01|2012-12-31|20468943|25321590401.7168
CM|2013-01-01|2013-12-31|20913595|27883000000
CN|1990-01-01|1990-12-31|1145195229|1886574471410.78
CN|1995-01-01|1995-12-31|1213986610|3060875016243.46
CN|2000-01-01|2000-12-31|1269116737|3822736935284.87
CN|2005-01-01|2005-12-31|1307593489|6419237931652.8
CN|2010-01-01|2010-12-31|1341335152|10919037643258.4
CN|2011-01-01|2011-12-31|1347565324|11923382321993.4
CN|2012-01-01|2012-12-31|1353600687|8227102629831.48
CN|2013-01-01|2013-12-31|1359368470|8939327000000
CO|1990-01-01|1990-12-31|33203321|176055294715.416
CO|1995-01-01|1995-12-31|36453337|219208871186.33
CO|2000-01-01|2000-12-31|39764166|228626140633.422
CO|2005-01-01|2005-12-31|43040558|271413758748
CO|2010-01-01|2010-12-31|46294841|343503055761.333
CO|2011-01-01|2011-12-31|46927125|364512781632.838
CO|2012-01-01|2012-12-31|47550708|369606330701.98
CO|2013-01-01|2013-12-31|48165221|369225000000
CR|1990-01-01|1990-12-31|3070240|18113407225.5882
CR|1995-01-01|1995-12-31|3468918|22601062894.9314
CR|2000-01-01|2000-12-31|3919180|30071268312.3455
CR|2005-01-01|2005-12-31|4309413|37323825993
CR|2010-01-01|2010-12-31|4658887|47170833100.2033
CR|2011-01-01|2011-12-31|4726575|49287492142.8794
CR|2012-01-01|2012-12-31|4793725|45103963693.4823
CR|2013-01-01|2013-12-31|4859957|48505000000
CU|1990-01-01|1990-12-31|10570328|78893646436.7077
CU|1995-01-01|1995-12-31|10900795|53149794843.0976
CU|2000-01-01|2000-12-31|11104313|67909469313.785
CU|2005-01-01|2005-12-31|11254242|83362850626.9134
CU|2010-01-01|2010-12-31|11257979|106604730095.474
CU|2011-01-01|2011-12-31|11253665|107651266235.515
CU|2012-01-01|2012-12-31|11249266|#@#@
CU|2013-01-01|2013-12-31|11244424|#@#@
CV|1990-01-01|1990-12-31|348165|552848177.517024
CV|1995-01-01|1995-12-31|394946|671514776.190607
CV|2000-01-01|2000-12-31|437238|1001838865.72116
CV|2005-01-01|2005-12-31|472883|1338731773
CV|2010-01-01|2010-12-31|495999|1813292654.99572
CV|2011-01-01|2011-12-31|500585|1896036590.4764
CV|2012-01-01|2012-12-31|505335|1827021561.6512
CV|2013-01-01|2013-12-31|510213|1955000000
CY|1990-01-01|1990-12-31|766663|13472042228.2995
CY|1995-01-01|1995-12-31|855424|17262574621.8423
CY|2000-01-01|2000-12-31|943294|21527272236.5782
CY|2005-01-01|2005-12-31|1032562|25269889826
CY|2010-01-01|2010-12-31|1103647|28349915430.7337
CY|2011-01-01|2011-12-31|1116564|28367230484.4006
CY|2012-01-01|2012-12-31|1129166|22766912960
CY|2013-01-01|2013-12-31|1141453|21778000000
CZ|1990-01-01|1990-12-31|10302718|167627000199.802
CZ|1995-01-01|1995-12-31|10319337|159882370022.092
CZ|2000-01-01|2000-12-31|10242890|172318573725.571
CZ|2005-01-01|2005-12-31|10220638|207284759278
CZ|2010-01-01|2010-12-31|10492960|236473308156.833
CZ|2011-01-01|2011-12-31|10534293|240813461291.034
CZ|2012-01-01|2012-12-31|10565678|196446226535.564
CZ|2013-01-01|2013-12-31|10589806|198630000000
DE|1990-01-01|1990-12-31|79098094|1977147280738.96
DE|1995-01-01|1995-12-31|81929441|2224053157837.99
DE|2000-01-01|2000-12-31|82349027|2447979541960.73
DE|2005-01-01|2005-12-31|82540739|2517162376544
DE|2010-01-01|2010-12-31|82302465|2694770119967.84
DE|2011-01-01|2011-12-31|82162512|2771736646092.86
DE|2012-01-01|2012-12-31|81990837|3428130624839.29
DE|2013-01-01|2013-12-31|81804228|3593238000000
DJ|1990-01-01|1990-12-31|562290|1398439242.10272
DJ|1995-01-01|1995-12-31|626537|1285691223.26099
DJ|2000-01-01|2000-12-31|731930|1386302963.12328
DJ|2005-01-01|2005-12-31|808367|1587632788
DJ|2010-01-01|2010-12-31|888716|1954096269.4734
DJ|2011-01-01|2011-12-31|905564|2029831358.30138
DJ|2012-01-01|2012-12-31|922708|#@#@
DJ|2013-01-01|2013-12-31|940090|1459000000
DK|1990-01-01|1990-12-31|5141034|129598083158.609
DK|1995-01-01|1995-12-31|5233364|146458777902.223
DK|2000-01-01|2000-12-31|5339501|169825687593.59
DK|2005-01-01|2005-12-31|5419444|182234223944
DK|2010-01-01|2010-12-31|5550142|181376759141.428
DK|2011-01-01|2011-12-31|5572594|183165376988.639
DK|2012-01-01|2012-12-31|5592738|315163055675.442
DK|2013-01-01|2013-12-31|5611187|324293000000
DM|1990-01-01|1990-12-31|70926|485212667.352239
DM|1995-01-01|1995-12-31|71364|525165511.0886
DM|2000-01-01|2000-12-31|69672|570554993.930322
DM|2005-01-01|2005-12-31|68925|591100800
DM|2010-01-01|2010-12-31|67757|673830796.60162
DM|2011-01-01|2011-12-31|67675|677165764.604145
DM|2012-01-01|2012-12-31|67665|479688888.888889
DM|2013-01-01|2013-12-31|67702|495000000
DO|1990-01-01|1990-12-31|7194666|21210737361.3055
DO|1995-01-01|1995-12-31|7916309|25478560544.4629
DO|2000-01-01|2000-12-31|8591967|37375744849.1992
DO|2005-01-01|2005-12-31|9264267|47924053191
DO|2010-01-01|2010-12-31|9927320|66151674401.7842
DO|2011-01-01|2011-12-31|10056181|68772803122.3944
DO|2012-01-01|2012-12-31|10183339|59047202157.8071
DO|2013-01-01|2013-12-31|10308609|59266000000
DZ|1990-01-01|1990-12-31|25299182|132681803177.802
DZ|1995-01-01|1995-12-31|28291591|133888058878.189
DZ|2000-01-01|2000-12-31|30533827|155687512631.915
DZ|2005-01-01|2005-12-31|32888449|197692466939
DZ|2010-01-01|2010-12-31|35468208|225086364872.559
DZ|2011-01-01|2011-12-31|35980193|230518498553.519
DZ|2012-01-01|2012-12-31|36485828|205788796017.176
DZ|2013-01-01|2013-12-31|36983924|215723000000
EC|1990-01-01|1990-12-31|10260587|70206060640.3437
EC|1995-01-01|1995-12-31|11384506|83517546581.6268
EC|2000-01-01|2000-12-31|12345023|69334819309.274
EC|2005-01-01|2005-12-31|13426402|87714684266
EC|2010-01-01|2010-12-31|14464739|104601905781.143
EC|2011-01-01|2011-12-31|14666055|112657875872.52
EC|2012-01-01|2012-12-31|14864987|84039856000
EC|2013-01-01|2013-12-31|15061398|91412000000
EE|1990-01-01|1990-12-31|1567631|16287402930.0592
EE|1995-01-01|1995-12-31|1440710|11812549655.2615
EE|2000-01-01|2000-12-31|1370749|15413368263.983
EE|2005-01-01|2005-12-31|1345857|22413902478
EE|2010-01-01|2010-12-31|1341140|22449462572.8723
EE|2011-01-01|2011-12-31|1340537|24151549006.015
EE|2012-01-01|2012-12-31|1339762|22390242608.6397
EE|2013-01-01|2013-12-31|1338832|24284000000
EG|1990-01-01|1990-12-31|56843275|226021331470.196
EG|1995-01-01|1995-12-31|62063810|244228460642.441
EG|2000-01-01|2000-12-31|67648419|313175582387.171
EG|2005-01-01|2005-12-31|74203215|374652032535
EG|2010-01-01|2010-12-31|81121077|497278568579.554
EG|2011-01-01|2011-12-31|82536770|504845540685.95
EG|2012-01-01|2012-12-31|83958369|262831912586.538
EG|2013-01-01|2013-12-31|85378440|262030000000
ER|1990-01-01|1990-12-31|3158295|1505317531.83986
ER|1995-01-01|1995-12-31|3212503|2590920585.3978
ER|2000-01-01|2000-12-31|3667576|2719748729.07341
ER|2005-01-01|2005-12-31|4486155|3073016175
ER|2010-01-01|2010-12-31|5253676|2947574954.21063
ER|2011-01-01|2011-12-31|5415280|3202930647.99578
ER|2012-01-01|2012-12-31|5580862|3091837398.37398
ER|2013-01-01|2013-12-31|5748304|3438000000
ES|1990-01-01|1990-12-31|38889158|702529395911.327
ES|1995-01-01|1995-12-31|39426834|759839630792.874
ES|2000-01-01|2000-12-31|40288457|943159419136.279
ES|2005-01-01|2005-12-31|43395441|1183393676070
ES|2010-01-01|2010-12-31|46076989|1229010835942.82
ES|2011-01-01|2011-12-31|46454895|1243451752956.8
ES|2012-01-01|2012-12-31|46771596|1322964772435.07
ES|2013-01-01|2013-12-31|47042602|1355660000000
ET|1990-01-01|1990-12-31|48333261|25362270420.409
ET|1995-01-01|1995-12-31|57042197|26890470672.1376
ET|2000-01-01|2000-12-31|65577897|33599590124.5902
ET|2005-01-01|2005-12-31|74263861|43889941851
ET|2010-01-01|2010-12-31|82949541|71117326079.9118
ET|2011-01-01|2011-12-31|84734262|76290551296.282
ET|2012-01-01|2012-12-31|86538534|41605361646.0594
ET|2013-01-01|2013-12-31|88356373|47335000000
FI|1990-01-01|1990-12-31|4986441|115589604222.546
FI|1995-01-01|1995-12-31|5107802|110584656018.985
FI|2000-01-01|2000-12-31|5173370|140570634337.17
FI|2005-01-01|2005-12-31|5244342|159789856398
FI|2010-01-01|2010-12-31|5364546|167582199826.7
FI|2011-01-01|2011-12-31|5384770|172181280914.148
FI|2012-01-01|2012-12-31|5402627|247545641553.098
FI|2013-01-01|2013-12-31|5418763|259627000000
FJ|1990-01-01|1990-12-31|728390|2389565878.13547
FJ|1995-01-01|1995-12-31|775651|2812053756.61106
FJ|2000-01-01|2000-12-31|811718|3130241661.95025
FJ|2005-01-01|2005-12-31|822553|3462125577
FJ|2010-01-01|2010-12-31|860623|3497383882.49914
FJ|2011-01-01|2011-12-31|868406|3579929036.74685
FJ|2012-01-01|2012-12-31|875822|3907563304.51103
FJ|2013-01-01|2013-12-31|882863|4218000000
FR|1990-01-01|1990-12-31|56708260|1399374627882.42
FR|1995-01-01|1995-12-31|57844501|1478323239066.54
FR|2000-01-01|2000-12-31|59047795|1690901772472.58
FR|2005-01-01|2005-12-31|60996506|1808180423864
FR|2010-01-01|2010-12-31|62787427|1874944667937.72
FR|2011-01-01|2011-12-31|63125894|1908634126693.07
FR|2012-01-01|2012-12-31|63457777|2612878426330.68
FR|2013-01-01|2013-12-31|63782963|2738676000000
GA|1990-01-01|1990-12-31|929044|12955111343.8535
GA|1995-01-01|1995-12-31|1087327|15337659064.4288
GA|2000-01-01|2000-12-31|1235274|15767101570.6817
GA|2005-01-01|2005-12-31|1370729|17465828918
GA|2010-01-01|2010-12-31|1505463|20078892208.3431
GA|2011-01-01|2011-12-31|1534262|21334937432.5289
GA|2012-01-01|2012-12-31|1563873|18377083881.0055
GA|2013-01-01|2013-12-31|1594205|19965000000
GB|1990-01-01|1990-12-31|57214474|1323000431859.28
GB|1995-01-01|1995-12-31|57997210|1433459868603.31
GB|2000-01-01|2000-12-31|58874117|1686432151925
GB|2005-01-01|2005-12-31|60202727|1901202118660
GB|2010-01-01|2010-12-31|62035570|1944058021520
GB|2011-01-01|2011-12-31|62417431|1955567901434.95
GB|2012-01-01|2012-12-31|62798099|2475781990521.33
GB|2013-01-01|2013-12-31|63177406|2489674000000
GD|1990-01-01|1990-12-31|96200|561799971.567016
GD|1995-01-01|1995-12-31|100163|628975501.454266
GD|2000-01-01|2000-12-31|101522|878675574.947208
GD|2005-01-01|2005-12-31|102734|937755952
GD|2010-01-01|2010-12-31|104487|909022450.205793
GD|2011-01-01|2011-12-31|104890|919479018.709777
GD|2012-01-01|2012-12-31|105303|766510727.203673
GD|2013-01-01|2013-12-31|105719|811000000
GE|1990-01-01|1990-12-31|5459999|29349187781.0739
GE|1995-01-01|1995-12-31|5069269|8353250414.9491
GE|2000-01-01|2000-12-31|4745765|11068182068.9499
GE|2005-01-01|2005-12-31|4477006|15691906030
GE|2010-01-01|2010-12-31|4352244|19100548868.1814
GE|2011-01-01|2011-12-31|4329026|20170591210.7028
GE|2012-01-01|2012-12-31|4304363|15747288816.1881
GE|2013-01-01|2013-12-31|4278410|15953000000
GF|1990-01-01|1990-12-31|117038|843918110.241267
GF|1995-01-01|1995-12-31|138916|1079193606.56406
GF|2000-01-01|2000-12-31|164983|1380892814.55797
GF|2005-01-01|2005-12-31|201993|1656895709.84867
GF|2010-01-01|2010-12-31|231151|#@#@
GF|2011-01-01|2011-12-31|237080|#@#@
GF|2012-01-01|2012-12-31|243172|#@#@
GF|2013-01-01|2013-12-31|249408|#@#@
GG|1990-01-01|1990-12-31|62623|2087959642.11519
GG|1995-01-01|1995-12-31|62668|2327397495.89193
GG|2000-01-01|2000-12-31|64080|2812183954.7214
GG|2005-01-01|2005-12-31|65228|3126183838.18269
GG|2010-01-01|2010-12-31|#@#@|#@#@
GG|2011-01-01|2011-12-31|#@#@|#@#@
GG|2012-01-01|2012-12-31|#@#@|#@#@
GG|2013-01-01|2013-12-31|#@#@|#@#@
GH|1990-01-01|1990-12-31|14793415|13222378003.714
GH|1995-01-01|1995-12-31|16996901|16341090591.3827
GH|2000-01-01|2000-12-31|19165490|20461083824.3461
GH|2005-01-01|2005-12-31|21639806|26508762350
GH|2010-01-01|2010-12-31|24391823|36140321979.3847
GH|2011-01-01|2011-12-31|24965816|40976421692.985
GH|2012-01-01|2012-12-31|25545939|40710781538.5757
GH|2013-01-01|2013-12-31|26131336|45546000000
GI|1990-01-01|1990-12-31|26830|#@#@
GI|1995-01-01|1995-12-31|27283|#@#@
GI|2000-01-01|2000-12-31|27348|#@#@
GI|2005-01-01|2005-12-31|29075|1184346383.76624
GI|2010-01-01|2010-12-31|29244|#@#@
GI|2011-01-01|2011-12-31|29254|#@#@
GI|2012-01-01|2012-12-31|29278|#@#@
GI|2013-01-01|2013-12-31|29309|#@#@
GL|1990-01-01|1990-12-31|55552|1566804203.82354
GL|1995-01-01|1995-12-31|55617|1549641179.27736
GL|2000-01-01|2000-12-31|56196|1865932729.01879
GL|2005-01-01|2005-12-31|57190|1944093692.01529
GL|2010-01-01|2010-12-31|57296|#@#@
GL|2011-01-01|2011-12-31|57296|#@#@
GL|2012-01-01|2012-12-31|57300|#@#@
GL|2013-01-01|2013-12-31|57300|#@#@
GM|1990-01-01|1990-12-31|966151|651068221.718468
GM|1995-01-01|1995-12-31|1126183|710792381.42655
GM|2000-01-01|2000-12-31|1297084|891291228.997614
GM|2005-01-01|2005-12-31|1503678|1091670228
GM|2010-01-01|2010-12-31|1728394|1372877292.76403
GM|2011-01-01|2011-12-31|1776103|1418310696.71524
GM|2012-01-01|2012-12-31|1824777|907430835.283071
GM|2013-01-01|2013-12-31|1874360|896000000
GN|1990-01-01|1990-12-31|5759374|4806062370.31517
GN|1995-01-01|1995-12-31|7565235|6245086053.64393
GN|2000-01-01|2000-12-31|8344486|7565294164.22541
GN|2005-01-01|2005-12-31|9041448|8553209808
GN|2010-01-01|2010-12-31|9981590|9376424954.24617
GN|2011-01-01|2011-12-31|10221808|9700682214.07393
GN|2012-01-01|2012-12-31|10480710|5631621297.8898
GN|2013-01-01|2013-12-31|10753680|6544000000
GP|1990-01-01|1990-12-31|386465|1356809670.63223
GP|1995-01-01|1995-12-31|404700|1905701461.81209
GP|2000-01-01|2000-12-31|427214|2698236667.17442
GP|2005-01-01|2005-12-31|445814|3472109021.28432
GP|2010-01-01|2010-12-31|460666|#@#@
GP|2011-01-01|2011-12-31|463069|#@#@
GP|2012-01-01|2012-12-31|465282|#@#@
GP|2013-01-01|2013-12-31|467335|#@#@
GQ|1990-01-01|1990-12-31|373887|384246057.636523
GQ|1995-01-01|1995-12-31|442527|592093182.729095
GQ|2000-01-01|2000-12-31|520380|2727026876.68755
GQ|2005-01-01|2005-12-31|607739|7292260261
GQ|2010-01-01|2010-12-31|700401|10404181510.5594
GQ|2011-01-01|2011-12-31|720213|11134488158.6842
GQ|2012-01-01|2012-12-31|740471|17697394251.2135
GQ|2013-01-01|2013-12-31|761050|17080000000
GR|1990-01-01|1990-12-31|10160501|171220365970.236
GR|1995-01-01|1995-12-31|10671809|186680956676.805
GR|2000-01-01|2000-12-31|10986883|227156106066.637
GR|2005-01-01|2005-12-31|11183114|285393069280
GR|2010-01-01|2010-12-31|11359346|288181809701.665
GR|2011-01-01|2011-12-31|11390031|268868728818.487
GR|2012-01-01|2012-12-31|11418878|249098684277.449
GR|2013-01-01|2013-12-31|11445691|243330000000
GT|1990-01-01|1990-12-31|8923131|38627635229.9729
GT|1995-01-01|1995-12-31|10015675|46294129339.0191
GT|2000-01-01|2000-12-31|11237101|54890102387.4092
GT|2005-01-01|2005-12-31|12717154|62275903138
GT|2010-01-01|2010-12-31|14388929|74482712238.0388
GT|2011-01-01|2011-12-31|14757316|77348110203.6474
GT|2012-01-01|2012-12-31|15137569|50233749190.986
GT|2013-01-01|2013-12-31|15527502|53904000000
GU|1990-01-01|1990-12-31|133914|#@#@
GU|1995-01-01|1995-12-31|145559|#@#@
GU|2000-01-01|2000-12-31|155147|#@#@
GU|2005-01-01|2005-12-31|168565|#@#@
GU|2010-01-01|2010-12-31|179896|#@#@
GU|2011-01-01|2011-12-31|182111|#@#@
GU|2012-01-01|2012-12-31|184334|#@#@
GU|2013-01-01|2013-12-31|186562|#@#@
GW|1990-01-01|1990-12-31|1016695|752712921.823582
GW|1995-01-01|1995-12-31|1125392|848574239.551504
GW|2000-01-01|2000-12-31|1240655|784188126.932392
GW|2005-01-01|2005-12-31|1367695|778218455
GW|2010-01-01|2010-12-31|1515224|894169816.00227
GW|2011-01-01|2011-12-31|1547061|940853974.747233
GW|2012-01-01|2012-12-31|1579632|822321032.405318
GW|2013-01-01|2013-12-31|1612913|880000000
GY|1990-01-01|1990-12-31|724931|1420138112.8244
GY|1995-01-01|1995-12-31|727979|1986765525.70426
GY|2000-01-01|2000-12-31|733101|2302926216.49959
GY|2005-01-01|2005-12-31|746235|2411831520
GY|2010-01-01|2010-12-31|754493|2964693437.58413
GY|2011-01-01|2011-12-31|756040|3086583935.99597
GY|2012-01-01|2012-12-31|757623|2850572407.04501
GY|2013-01-01|2013-12-31|759262|3020000000
HK|1990-01-01|1990-12-31|5793857|130571324054.477
HK|1995-01-01|1995-12-31|6144316|166007440524.919
HK|2000-01-01|2000-12-31|6783317|203312140733.322
HK|2005-01-01|2005-12-31|6809859|242975769120
HK|2010-01-01|2010-12-31|7053189|297066830403.983
HK|2011-01-01|2011-12-31|7122187|312866465719.947
HK|2012-01-01|2012-12-31|7196450|263259372904.956
HK|2013-01-01|2013-12-31|7274125|279654000000
HN|1990-01-01|1990-12-31|4889311|14692256321.9971
HN|1995-01-01|1995-12-31|5575099|17137258483.2782
HN|2000-01-01|2000-12-31|6218151|19237185659.5175
HN|2005-01-01|2005-12-31|6879243|22467607638
HN|2010-01-01|2010-12-31|7600524|26343834827.9679
HN|2011-01-01|2011-12-31|7754687|27275698394.4938
HN|2012-01-01|2012-12-31|7912032|18434022403.2587
HN|2013-01-01|2013-12-31|8071522|18877000000
HR|1990-01-01|1990-12-31|4517200|55644139799.872
HR|1995-01-01|1995-12-31|4669001|40326069683.4049
HR|2000-01-01|2000-12-31|4505533|47680560655.6551
HR|2005-01-01|2005-12-31|4441986|58776358752
HR|2010-01-01|2010-12-31|4403330|61319891850.8307
HR|2011-01-01|2011-12-31|4395560|61187394755.1738
HR|2012-01-01|2012-12-31|4387376|59228247410.9818
HR|2013-01-01|2013-12-31|4378806|58601000000
HT|1990-01-01|1990-12-31|7124877|12418574078.4251
HT|1995-01-01|1995-12-31|7877569|10238887539.5448
HT|2000-01-01|2000-12-31|8645371|11623593438.1377
HT|2005-01-01|2005-12-31|9347262|10983032850
HT|2010-01-01|2010-12-31|9993247|11479724775.9984
HT|2011-01-01|2011-12-31|10123787|12086439747.9815
HT|2012-01-01|2012-12-31|10255644|7843484458.14557
HT|2013-01-01|2013-12-31|10388424|8287000000
HU|1990-01-01|1990-12-31|10376320|127721166501.064
HU|1995-01-01|1995-12-31|10331403|113649619152.704
HU|2000-01-01|2000-12-31|10210545|138785310182.646
HU|2005-01-01|2005-12-31|10086936|171619129104
HU|2010-01-01|2010-12-31|9983645|169652729546.378
HU|2011-01-01|2011-12-31|9966116|172708758513.044
HU|2012-01-01|2012-12-31|9949589|124600486886.062
HU|2013-01-01|2013-12-31|9933795|130563000000
ID|1990-01-01|1990-12-31|184345939|386701568556.137
ID|1995-01-01|1995-12-31|199400339|568633167151.282
ID|2000-01-01|2000-12-31|213395411|579356567527.147
ID|2005-01-01|2005-12-31|227303175|735098471184
ID|2010-01-01|2010-12-31|239870937|955128138954.862
ID|2011-01-01|2011-12-31|242325638|1012762905460.15
ID|2012-01-01|2012-12-31|244769110|878043027881.581
ID|2013-01-01|2013-12-31|247188189|867468000000
IE|1990-01-01|1990-12-31|3531219|59693889650.7064
IE|1995-01-01|1995-12-31|3610958|74320678030.6381
IE|2000-01-01|2000-12-31|3803780|117262841739.877
IE|2005-01-01|2005-12-31|4158042|158246762436
IE|2010-01-01|2010-12-31|4469900|156556819859.571
IE|2011-01-01|2011-12-31|4525802|155780213789.974
IE|2012-01-01|2012-12-31|4579498|210771753571.612
IE|2013-01-01|2013-12-31|4631391|220893000000
IL|1990-01-01|1990-12-31|4499949|78727276815.238
IL|1995-01-01|1995-12-31|5332079|107414903616.191
IL|2000-01-01|2000-12-31|6014953|137351020740.576
IL|2005-01-01|2005-12-31|6604572|157492623912
IL|2010-01-01|2010-12-31|7418400|195195571797.729
IL|2011-01-01|2011-12-31|7562194|203859498270.484
IL|2012-01-01|2012-12-31|7694670|257621957026.894
IL|2013-01-01|2013-12-31|7818860|272737000000
IM|1990-01-01|1990-12-31|70313|1220744521.63726
IM|1995-01-01|1995-12-31|72183|1353714832.41001
IM|2000-01-01|2000-12-31|76803|2187197259.44925
IM|2005-01-01|2005-12-31|79994|2875693854.16702
IM|2010-01-01|2010-12-31|82869|#@#@
IM|2011-01-01|2011-12-31|83327|#@#@
IM|2012-01-01|2012-12-31|83739|#@#@
IM|2013-01-01|2013-12-31|84111|#@#@
IN|1990-01-01|1990-12-31|873785449|1013893272091.94
IN|1995-01-01|1995-12-31|964486155|1305943118058.9
IN|2000-01-01|2000-12-31|1053898107|1737044112790.14
IN|2005-01-01|2005-12-31|1140042863|2423731133116
IN|2010-01-01|2010-12-31|1224614327|3661199803424.55
IN|2011-01-01|2011-12-31|1241491960|3926355603969.88
IN|2012-01-01|2012-12-31|1258350971|1858740105864.19
IN|2013-01-01|2013-12-31|1275137828|1758216000000
IQ|1990-01-01|1990-12-31|17373767|130739911737.046
IQ|1995-01-01|1995-12-31|20288226|60317758089.8323
IQ|2000-01-01|2000-12-31|23857458|94278536108.8335
IQ|2005-01-01|2005-12-31|27359461|87550275200
IQ|2010-01-01|2010-12-31|31671591|109519721063.177
IQ|2011-01-01|2011-12-31|32664942|121112878353.928
IQ|2012-01-01|2012-12-31|33703068|215837906603.774
IQ|2013-01-01|2013-12-31|34776205|221774000000
IR|1990-01-01|1990-12-31|54870583|347444170214.49
IR|1995-01-01|1995-12-31|59757114|447928628445.685
IR|2000-01-01|2000-12-31|65342319|561991888002.551
IR|2005-01-01|2005-12-31|69732007|745574618844
IR|2010-01-01|2010-12-31|73973630|918556774749.174
IR|2011-01-01|2011-12-31|74798599|933112055644.047
IR|2012-01-01|2012-12-31|75611798|552397273212.599
IR|2013-01-01|2013-12-31|76407013|388512000000
IS|1990-01-01|1990-12-31|254793|6719624811.80846
IS|1995-01-01|1995-12-31|267478|6911762186.12313
IS|2000-01-01|2000-12-31|281210|8743388474.02197
IS|2005-01-01|2005-12-31|296743|10572953090
IS|2010-01-01|2010-12-31|320136|10655024601.5593
IS|2011-01-01|2011-12-31|324366|11011617415.5853
IS|2012-01-01|2012-12-31|328290|13578943166.6464
IS|2013-01-01|2013-12-31|331996|14585000000
IT|1990-01-01|1990-12-31|56832330|1225385761971.19
IT|1995-01-01|1995-12-31|56968039|1349020773211.15
IT|2000-01-01|2000-12-31|56986329|1547775389845.53
IT|2005-01-01|2005-12-31|58671206|1628125966500
IT|2010-01-01|2010-12-31|60550848|1608868370615.8
IT|2011-01-01|2011-12-31|60788694|1614495166517.1
IT|2012-01-01|2012-12-31|60964145|2014669579719.72
IT|2013-01-01|2013-12-31|61087395|2068366000000
JE|1990-01-01|1990-12-31|83609|#@#@
JE|1995-01-01|1995-12-31|86297|#@#@
JE|2000-01-01|2000-12-31|88915|#@#@
JE|2005-01-01|2005-12-31|90812|5630786942.89547
JE|2010-01-01|2010-12-31|#@#@|#@#@
JE|2011-01-01|2011-12-31|#@#@|#@#@
JE|2012-01-01|2012-12-31|#@#@|#@#@
JE|2013-01-01|2013-12-31|#@#@|#@#@
JM|1990-01-01|1990-12-31|2364909|17255661876.8143
JM|1995-01-01|1995-12-31|2461516|18521637213.2199
JM|2000-01-01|2000-12-31|2581648|17901220752.9859
JM|2005-01-01|2005-12-31|2681653|19125549196
JM|2010-01-01|2010-12-31|2741052|18892617140.8125
JM|2011-01-01|2011-12-31|2751273|19175172184.3838
JM|2012-01-01|2012-12-31|2761331|14755051129.3404
JM|2013-01-01|2013-12-31|2771179|14389000000
JO|1990-01-01|1990-12-31|3415567|11609837099.1197
JO|1995-01-01|1995-12-31|4382005|16354250925.9005
JO|2000-01-01|2000-12-31|4827096|17689171000.5474
JO|2005-01-01|2005-12-31|5342002|22938556588
JO|2010-01-01|2010-12-31|6187227|32185702953.7285
JO|2011-01-01|2011-12-31|6330169|32981916596.8289
JO|2012-01-01|2012-12-31|6457260|31015239496.4411
JO|2013-01-01|2013-12-31|6572903|34076000000
JP|1990-01-01|1990-12-31|122251184|3162654648639.02
JP|1995-01-01|1995-12-31|124486744|3424515789369.04
JP|2000-01-01|2000-12-31|125720310|3590521813654
JP|2005-01-01|2005-12-31|126392944|3828442304050
JP|2010-01-01|2010-12-31|126535920|3893714601620.81
JP|2011-01-01|2011-12-31|126497241|3856640104966.91
JP|2012-01-01|2012-12-31|126434653|5961065540383.88
JP|2013-01-01|2013-12-31|126345235|5007203000000
KE|1990-01-01|1990-12-31|23447177|33505912158.9166
KE|1995-01-01|1995-12-31|27425720|36631787377.2638
KE|2000-01-01|2000-12-31|31253701|41207688200.1346
KE|2005-01-01|2005-12-31|35614576|48400208784
KE|2010-01-01|2010-12-31|40512682|59435738847.1163
KE|2011-01-01|2011-12-31|41609728|62267596475.5994
KE|2012-01-01|2012-12-31|42749418|40697163224.2519
KE|2013-01-01|2013-12-31|43923719|45311000000
KG|1990-01-01|1990-12-31|4394502|11158460796.8355
KG|1995-01-01|1995-12-31|4592135|5717156230.57081
KG|2000-01-01|2000-12-31|4954850|7570130366.16583
KG|2005-01-01|2005-12-31|5042381|8713234368
KG|2010-01-01|2010-12-31|5334223|10765233810.8066
KG|2011-01-01|2011-12-31|5392580|11387612041.2438
KG|2012-01-01|2012-12-31|5448085|6474843799.06064
KG|2013-01-01|2013-12-31|5503253|7234000000
KH|1990-01-01|1990-12-31|9531928|6128099868.67102
KH|1995-01-01|1995-12-31|11169233|7909954461.1803
KH|2000-01-01|2000-12-31|12446949|10372797735.5927
KH|2005-01-01|2005-12-31|13357574|19408555022
KH|2010-01-01|2010-12-31|14138255|26242163836.7823
KH|2011-01-01|2011-12-31|14305183|27889235776.9533
KH|2012-01-01|2012-12-31|14478320|14038383450.1945
KH|2013-01-01|2013-12-31|14656016|15642000000
KI|1990-01-01|1990-12-31|71835|167295975.536225
KI|1995-01-01|1995-12-31|77248|191497771.77508
KI|2000-01-01|2000-12-31|84010|294173344.706364
KI|2005-01-01|2005-12-31|91988|310643476
KI|2010-01-01|2010-12-31|99546|296768782.949626
KI|2011-01-01|2011-12-31|101093|301975729.000212
KI|2012-01-01|2012-12-31|102660|174984468.834127
KI|2013-01-01|2013-12-31|104251|173000000
KM|1990-01-01|1990-12-31|437876|563459989.330884
KM|1995-01-01|1995-12-31|494486|597945722.516864
KM|2000-01-01|2000-12-31|562469|613538203.586102
KM|2005-01-01|2005-12-31|642974|683481362
KM|2010-01-01|2010-12-31|734750|751373387.829686
KM|2011-01-01|2011-12-31|753943|771961186.497074
KM|2012-01-01|2012-12-31|773344|595900353.493894
KM|2013-01-01|2013-12-31|792913|658000000
KN|1990-01-01|1990-12-31|40731|383754089.572106
KN|1995-01-01|1995-12-31|43121|462514902.078488
KN|2000-01-01|2000-12-31|46083|575614663.474112
KN|2005-01-01|2005-12-31|49173|672539121
KN|2010-01-01|2010-12-31|52402|673948541.339301
KN|2011-01-01|2011-12-31|53051|655515531.32672
KN|2012-01-01|2012-12-31|53697|767000000
KN|2013-01-01|2013-12-31|54338|767000000
KP|1990-01-01|1990-12-31|20143212|67938252552.0048
KP|1995-01-01|1995-12-31|21770898|43541796000
KP|2000-01-01|2000-12-31|22894095|38689699425.6519
KP|2005-01-01|2005-12-31|23745941|37914584722.761
KP|2010-01-01|2010-12-31|24346229|37702916760.1955
KP|2011-01-01|2011-12-31|24451285|37865607977.1047
KP|2012-01-01|2012-12-31|24553672|#@#@
KP|2013-01-01|2013-12-31|24654358|1197506000000
KR|1990-01-01|1990-12-31|42980365|419677175759.26
KR|1995-01-01|1995-12-31|44662143|610711408259.375
KR|2000-01-01|2000-12-31|45987624|781601867339.22
KR|2005-01-01|2005-12-31|47044126|1004015737092
KR|2010-01-01|2010-12-31|48183584|1221664396592.52
KR|2011-01-01|2011-12-31|48391343|1268155655765.14
KR|2012-01-01|2012-12-31|48588326|1129598273324.48
KR|2013-01-01|2013-12-31|48774767|#@#@
KW|1990-01-01|1990-12-31|2087687|46129449612.1747
KW|1995-01-01|1995-12-31|1627911|73189388809.5964
KW|2000-01-01|2000-12-31|1940786|70640651042.0741
KW|2005-01-01|2005-12-31|2264014|101760637258
KW|2010-01-01|2010-12-31|2736732|116292681259.634
KW|2011-01-01|2011-12-31|2818042|126050627050.472
KW|2012-01-01|2012-12-31|2891553|183242586638.085
KW|2013-01-01|2013-12-31|2959015|186058000000
KY|1990-01-01|1990-12-31|26048|1324835887.40775
KY|1995-01-01|1995-12-31|32792|1612349185.60421
KY|2000-01-01|2000-12-31|40195|1975863857.44404
KY|2005-01-01|2005-12-31|52268|2541910416.94673
KY|2010-01-01|2010-12-31|56230|#@#@
KY|2011-01-01|2011-12-31|56729|#@#@
KY|2012-01-01|2012-12-31|57223|#@#@
KY|2013-01-01|2013-12-31|57708|#@#@
KZ|1990-01-01|1990-12-31|16530000|117123277101.272
KZ|1995-01-01|1995-12-31|15925853|71554708854.9796
KZ|2000-01-01|2000-12-31|14956694|80257987196.4318
KZ|2005-01-01|2005-12-31|15171805|131979531695
KZ|2010-01-01|2010-12-31|16026367|174308783932.038
KZ|2011-01-01|2011-12-31|16206750|186761256609.692
KZ|2012-01-01|2012-12-31|16381297|203520610287.707
KZ|2013-01-01|2013-12-31|16550975|224858000000
LA|1990-01-01|1990-12-31|4192414|4915102310.07522
LA|1995-01-01|1995-12-31|4795112|6529875682.40348
LA|2000-01-01|2000-12-31|5317060|8072648440.4847
LA|2005-01-01|2005-12-31|5753341|10419300551
LA|2010-01-01|2010-12-31|6200894|15042506403.4317
LA|2011-01-01|2011-12-31|6288037|16213712692.6693
LA|2012-01-01|2012-12-31|6373934|9417665585.95006
LA|2013-01-01|2013-12-31|6458911|10099000000
LB|1990-01-01|1990-12-31|2948372|14297248478.4435
LB|1995-01-01|1995-12-31|3462974|28644762598.8446
LB|2000-01-01|2000-12-31|3742329|32969886066.6859
LB|2005-01-01|2005-12-31|4052420|41383313040
LB|2010-01-01|2010-12-31|4227597|56913226398.5713
LB|2011-01-01|2011-12-31|4259405|57454646718.246
LB|2012-01-01|2012-12-31|4291719|42945273631.8408
LB|2013-01-01|2013-12-31|4324060|43493000000
LC|1990-01-01|1990-12-31|138042|1032071225.54452
LC|1995-01-01|1995-12-31|147067|1154735409.78895
LC|2000-01-01|2000-12-31|157108|1363099953.93647
LC|2005-01-01|2005-12-31|165275|1533586725
LC|2010-01-01|2010-12-31|174267|1853945707.63049
LC|2011-01-01|2011-12-31|176044|1865764401.30056
LC|2012-01-01|2012-12-31|177794|1238640740.74074
LC|2013-01-01|2013-12-31|179515|1377000000
LI|1990-01-01|1990-12-31|28986|1550827713.68111
LI|1995-01-01|1995-12-31|30941|1931123983.37781
LI|2000-01-01|2000-12-31|32853|2718581900.81866
LI|2005-01-01|2005-12-31|34696|2839003009.50774
LI|2010-01-01|2010-12-31|36032|#@#@
LI|2011-01-01|2011-12-31|36304|#@#@
LI|2012-01-01|2012-12-31|36584|#@#@
LI|2013-01-01|2013-12-31|36871|#@#@
LK|1990-01-01|1990-12-31|17337048|35010504810.9057
LK|1995-01-01|1995-12-31|18229498|44926794734.3278
LK|2000-01-01|2000-12-31|18745084|56191937639.1376
LK|2005-01-01|2005-12-31|19842536|69071867816
LK|2010-01-01|2010-12-31|20859949|95138463410.6619
LK|2011-01-01|2011-12-31|21045394|103150598373.941
LK|2012-01-01|2012-12-31|21223550|59423009404.3887
LK|2013-01-01|2013-12-31|21393876|65120000000
LR|1990-01-01|1990-12-31|2127098|1183771029.73884
LR|1995-01-01|1995-12-31|2094591|1387033576.26106
LR|2000-01-01|2000-12-31|2847290|1479138328.23738
LR|2005-01-01|2005-12-31|3182539|1218912437
LR|2010-01-01|2010-12-31|3994122|1638397621.69574
LR|2011-01-01|2011-12-31|4128572|1756144656.83501
LR|2012-01-01|2012-12-31|4244684|1733823552.70914
LR|2013-01-01|2013-12-31|4348740|1977000000
LS|1990-01-01|1990-12-31|1639177|1541252801.1887
LS|1995-01-01|1995-12-31|1794531|1916430123.65204
LS|2000-01-01|2000-12-31|1963878|2330424795.46322
LS|2005-01-01|2005-12-31|2065752|2923039080
LS|2010-01-01|2010-12-31|2171318|3934892070.24307
LS|2011-01-01|2011-12-31|2193843|4113119983.44067
LS|2012-01-01|2012-12-31|2216850|2447573299.47777
LS|2013-01-01|2013-12-31|2240126|2457000000
LT|1990-01-01|1990-12-31|3695890|48594516694.6253
LT|1995-01-01|1995-12-31|3629104|28322160819.7829
LT|2000-01-01|2000-12-31|3500028|33711055133.5517
LT|2005-01-01|2005-12-31|3415748|48110810580
LT|2010-01-01|2010-12-31|3323611|51175087214.2556
LT|2011-01-01|2011-12-31|3307481|54243788266.2013
LT|2012-01-01|2012-12-31|3292454|42343521965.7483
LT|2013-01-01|2013-12-31|3278337|46714000000
LU|1990-01-01|1990-12-31|381225|16189725437.729
LU|1995-01-01|1995-12-31|407522|19628402514.3232
LU|2000-01-01|2000-12-31|435491|27838397538.287
LU|2005-01-01|2005-12-31|457197|32010190758
LU|2010-01-01|2010-12-31|507448|35761808015.616
LU|2011-01-01|2011-12-31|515941|36147718897.1214
LU|2012-01-01|2012-12-31|523362|55178452044.2273
LU|2013-01-01|2013-12-31|530018|60538000000
LV|1990-01-01|1990-12-31|2663905|27219206066.3438
LV|1995-01-01|1995-12-31|2492095|15430552666.1646
LV|2000-01-01|2000-12-31|2384972|20628158030.908
LV|2005-01-01|2005-12-31|2305528|30474469104
LV|2010-01-01|2010-12-31|2252060|29337388055.7879
LV|2011-01-01|2011-12-31|2243142|31078336341.6013
LV|2012-01-01|2012-12-31|2234572|28372577696.5265
LV|2013-01-01|2013-12-31|2226260|30380000000
LY|1990-01-01|1990-12-31|4334459|47980763807.9366
LY|1995-01-01|1995-12-31|4775009|41723318157.7971
LY|2000-01-01|2000-12-31|5231189|47811378800.7876
LY|2005-01-01|2005-12-31|5769709|62335936036
LY|2010-01-01|2010-12-31|6355112|76931860102.907
LY|2011-01-01|2011-12-31|6422772|30626410061.832
LY|2012-01-01|2012-12-31|6469497|#@#@
LY|2013-01-01|2013-12-31|6506095|70924000000
MA|1990-01-01|1990-12-31|24781105|74395421845.8683
MA|1995-01-01|1995-12-31|26928600|76172244807.0124
MA|2000-01-01|2000-12-31|28793236|88493896765.2162
MA|2005-01-01|2005-12-31|30392473|107802101731
MA|2010-01-01|2010-12-31|31951412|136536997109.612
MA|2011-01-01|2011-12-31|32272974|142303790107.969
MA|2012-01-01|2012-12-31|32598536|95981572517.1671
MA|2013-01-01|2013-12-31|32925553|104799000000
MC|1990-01-01|1990-12-31|30896|979934688.831121
MC|1995-01-01|1995-12-31|33014|1079641578.86524
MC|2000-01-01|2000-12-31|35126|1295440964.69955
MC|2005-01-01|2005-12-31|35260|1366718291.42883
MC|2010-01-01|2010-12-31|35407|#@#@
MC|2011-01-01|2011-12-31|35427|#@#@
MC|2012-01-01|2012-12-31|35444|#@#@
MC|2013-01-01|2013-12-31|35456|#@#@
MD|1990-01-01|1990-12-31|4363950|21400052608.9974
MD|1995-01-01|1995-12-31|4338750|8273014079.01644
MD|2000-01-01|2000-12-31|4106736|6948984073.95525
MD|2005-01-01|2005-12-31|3766876|8897361112
MD|2010-01-01|2010-12-31|3572885|9952145011.40206
MD|2011-01-01|2011-12-31|3544864|10507455840.4786
MD|2012-01-01|2012-12-31|3519266|7252769934.44626
MD|2013-01-01|2013-12-31|3495657|7880000000
ME|1990-01-01|1990-12-31|608816|6365578447.66475
ME|1995-01-01|1995-12-31|643227|3182232621.06644
ME|2000-01-01|2000-12-31|632606|3913104624.76475
ME|2005-01-01|2005-12-31|626739|4909246587
ME|2010-01-01|2010-12-31|631490|5935700743.35452
ME|2011-01-01|2011-12-31|632261|6337041738.72914
ME|2012-01-01|2012-12-31|632796|4373170811.72835
ME|2013-01-01|2013-12-31|633167|4518000000
MG|1990-01-01|1990-12-31|11280625|13119787119.5713
MG|1995-01-01|1995-12-31|13129227|12986635175.736
MG|2000-01-01|2000-12-31|15364272|15780473483.8029
MG|2005-01-01|2005-12-31|17885967|17671335396
MG|2010-01-01|2010-12-31|20713819|20635649168.3868
MG|2011-01-01|2011-12-31|21315135|20810393162.3957
MG|2012-01-01|2012-12-31|21928518|9975124872.405
MG|2013-01-01|2013-12-31|22555046|10528000000
MH|1990-01-01|1990-12-31|47288|352876508.536406
MH|1995-01-01|1995-12-31|51008|362781353.847082
MH|2000-01-01|2000-12-31|52145|297126274.480321
MH|2005-01-01|2005-12-31|52037|322941622
MH|2010-01-01|2010-12-31|54038|#@#@
MH|2011-01-01|2011-12-31|54816|#@#@
MH|2012-01-01|2012-12-31|55717|182400000
MH|2013-01-01|2013-12-31|56687|193000000
MK|1990-01-01|1990-12-31|1909353|14371294411.0702
MK|1995-01-01|1995-12-31|1963484|12108088481.3274
MK|2000-01-01|2000-12-31|2009091|14014648122.6887
MK|2005-01-01|2005-12-31|2038109|15067739837
MK|2010-01-01|2010-12-31|2060563|17821559904.0224
MK|2011-01-01|2011-12-31|2063893|18360572242.3915
MK|2012-01-01|2012-12-31|2066785|9612518136.34872
MK|2013-01-01|2013-12-31|2069219|10507000000
ML|1990-01-01|1990-12-31|8672868|6211737399.12809
ML|1995-01-01|1995-12-31|9824510|7301245169.81856
ML|2000-01-01|2000-12-31|11295324|9654415635.97273
ML|2005-01-01|2005-12-31|13176642|13532411334
ML|2010-01-01|2010-12-31|15369809|17238241222.8756
ML|2011-01-01|2011-12-31|15839538|17688154634.3191
ML|2012-01-01|2012-12-31|16318897|10387718375.334
ML|2013-01-01|2013-12-31|16808242|11370000000
MM|1990-01-01|1990-12-31|39268304|34838119762.3768
MM|1995-01-01|1995-12-31|42133199|39344085391.8317
MM|2000-01-01|2000-12-31|44957660|46506437419.8317
MM|2005-01-01|2005-12-31|46321162|54160769687.4828
MM|2010-01-01|2010-12-31|47963012|73773433060.9306
MM|2011-01-01|2011-12-31|48336763|76862614955.4082
MM|2012-01-01|2012-12-31|48724387|#@#@
MM|2013-01-01|2013-12-31|49119646|59427000000
MN|1990-01-01|1990-12-31|2192553|4974024100.97854
MN|1995-01-01|1995-12-31|2306131|4183576166.80736
MN|2000-01-01|2000-12-31|2411369|4864971482.15619
MN|2005-01-01|2005-12-31|2547339|6732616977
MN|2010-01-01|2010-12-31|2756001|9221032189.81191
MN|2011-01-01|2011-12-31|2800114|10823479112.7506
MN|2012-01-01|2012-12-31|2844081|10271393281.3833
MN|2013-01-01|2013-12-31|2887863|11139000000
MP|1990-01-01|1990-12-31|43973|285707739.561629
MP|1995-01-01|1995-12-31|57517|405515674.626783
MP|2000-01-01|2000-12-31|68432|523535533.696069
MP|2005-01-01|2005-12-31|67381|648058445.713046
MP|2010-01-01|2010-12-31|60917|#@#@
MP|2011-01-01|2011-12-31|61174|#@#@
MP|2012-01-01|2012-12-31|62152|#@#@
MP|2013-01-01|2013-12-31|63597|#@#@
MQ|1990-01-01|1990-12-31|359377|3977709747.0863
MQ|1995-01-01|1995-12-31|369709|4408760557.3596
MQ|2000-01-01|2000-12-31|385349|4950902858.88299
MQ|2005-01-01|2005-12-31|397292|5811239786.3921
MQ|2010-01-01|2010-12-31|405814|#@#@
MQ|2011-01-01|2011-12-31|407121|#@#@
MQ|2012-01-01|2012-12-31|408302|#@#@
MQ|2013-01-01|2013-12-31|409366|#@#@
MR|1990-01-01|1990-12-31|1995548|2780713716.05429
MR|1995-01-01|1995-12-31|2292053|3259741595.04893
MR|2000-01-01|2000-12-31|2642743|4072049286.84649
MR|2005-01-01|2005-12-31|3047249|5152898059
MR|2010-01-01|2010-12-31|3459773|6286135653.99742
MR|2011-01-01|2011-12-31|3541540|6512160875.44471
MR|2012-01-01|2012-12-31|3622961|4199051817.05876
MR|2013-01-01|2013-12-31|3704414|4183000000
MS|1990-01-01|1990-12-31|10714|163984377.333491
MS|1995-01-01|1995-12-31|10210|127028094.666258
MS|2000-01-01|2000-12-31|4931|62844906.2135591
MS|2005-01-01|2005-12-31|5599|64834393.3163587
MS|2010-01-01|2010-12-31|5934|#@#@
MS|2011-01-01|2011-12-31|5990|#@#@
MS|2012-01-01|2012-12-31|6046|#@#@
MS|2013-01-01|2013-12-31|6100|#@#@
MT|1990-01-01|1990-12-31|367524|4959531350.80152
MT|1995-01-01|1995-12-31|386576|6486677024.05652
MT|2000-01-01|2000-12-31|397420|8058165742.24312
MT|2005-01-01|2005-12-31|409295|8353710950
MT|2010-01-01|2010-12-31|416515|9097086669.38668
MT|2011-01-01|2011-12-31|417855|9241342979.13464
MT|2012-01-01|2012-12-31|419212|8721923076.92308
MT|2013-01-01|2013-12-31|420557|9315000000
MU|1990-01-01|1990-12-31|1059548|5878288562.29279
MU|1995-01-01|1995-12-31|1137098|7713964351.06646
MU|2000-01-01|2000-12-31|1196027|9916197971.76844
MU|2005-01-01|2005-12-31|1256742|12762215010
MU|2010-01-01|2010-12-31|1299172|16034581781.985
MU|2011-01-01|2011-12-31|1306593|16687486056.5552
MU|2012-01-01|2012-12-31|1313803|10486037633.994
MU|2013-01-01|2013-12-31|1320785|11899000000
MV|1990-01-01|1990-12-31|219474|460844894.16815
MV|1995-01-01|1995-12-31|248712|630161266.941029
MV|2000-01-01|2000-12-31|273236|938156194.453129
MV|2005-01-01|2005-12-31|295240|1185979080
MV|2010-01-01|2010-12-31|315885|1739861936.61402
MV|2011-01-01|2011-12-31|320081|1862526857.87424
MV|2012-01-01|2012-12-31|324313|2222429330.40067
MV|2013-01-01|2013-12-31|328551|2270000000
MW|1990-01-01|1990-12-31|9380892|5654010218.86415
MW|1995-01-01|1995-12-31|9883350|6457116515.46475
MW|2000-01-01|2000-12-31|11228756|8014805401.24134
MW|2005-01-01|2005-12-31|12822587|8860407617
MW|2010-01-01|2010-12-31|14900841|12579147125.6782
MW|2011-01-01|2011-12-31|15380888|13312855559.4352
MW|2012-01-01|2012-12-31|15882815|4263794983.9006
MW|2013-01-01|2013-12-31|16406945|3683000000
MX|1990-01-01|1990-12-31|84306602|767476075844.622
MX|1995-01-01|1995-12-31|92272749|826258568312.883
MX|2000-01-01|2000-12-31|99959594|1089011243988.13
MX|2005-01-01|2005-12-31|106483757|1205076689286
MX|2010-01-01|2010-12-31|113423047|1290786694429.69
MX|2011-01-01|2011-12-31|114793341|1341280230265.37
MX|2012-01-01|2012-12-31|116146768|1178126184343.49
MX|2013-01-01|2013-12-31|117478371|1327021000000
MY|1990-01-01|1990-12-31|18208562|116280172737.306
MY|1995-01-01|1995-12-31|20720810|185690862640.954
MY|2000-01-01|2000-12-31|23414909|237930470592.251
MY|2005-01-01|2005-12-31|26100241|299265363306
MY|2010-01-01|2010-12-31|28401017|380137202755.599
MY|2011-01-01|2011-12-31|28859154|399322841813.252
MY|2012-01-01|2012-12-31|29321798|305032745224.598
MY|2013-01-01|2013-12-31|29787203|312413000000
MZ|1990-01-01|1990-12-31|13547076|6004544874.3628
MZ|1995-01-01|1995-12-31|15933452|6689957889.52727
MZ|2000-01-01|2000-12-31|18200656|9879468753.5087
MZ|2005-01-01|2005-12-31|20770013|15432119659
MZ|2010-01-01|2010-12-31|23390765|22261060994.1856
MZ|2011-01-01|2011-12-31|23929708|23922800633.75
MZ|2012-01-01|2012-12-31|24475186|14243717484.4635
MZ|2013-01-01|2013-12-31|25028313|14669000000
NA|1990-01-01|1990-12-31|1414830|4912849119.26359
NA|1995-01-01|1995-12-31|1651352|6313307433.66336
NA|2000-01-01|2000-12-31|1895839|7626736347.90063
NA|2005-01-01|2005-12-31|2079951|9457537197
NA|2010-01-01|2010-12-31|2283289|11862085551.6855
NA|2011-01-01|2011-12-31|2324004|12406920710.8443
NA|2012-01-01|2012-12-31|2364433|13072278942.987
NA|2013-01-01|2013-12-31|2404477|12296000000
NC|1990-01-01|1990-12-31|169689|6139197428.22973
NC|1995-01-01|1995-12-31|190756|7044263281.79726
NC|2000-01-01|2000-12-31|211965|7182328553.47091
NC|2005-01-01|2005-12-31|231080|7381349218.05789
NC|2010-01-01|2010-12-31|250870|#@#@
NC|2011-01-01|2011-12-31|254816|#@#@
NC|2012-01-01|2012-12-31|258735|#@#@
NC|2013-01-01|2013-12-31|262605|#@#@
NE|1990-01-01|1990-12-31|7788198|4989081745.91908
NE|1995-01-01|1995-12-31|9178575|5300461082.29212
NE|2000-01-01|2000-12-31|10922421|6304321730.62958
NE|2005-01-01|2005-12-31|12993884|7965250892
NE|2010-01-01|2010-12-31|15511953|10444454356.3594
NE|2011-01-01|2011-12-31|16068994|10734525313.8618
NE|2012-01-01|2012-12-31|16644339|6773185511.26727
NE|2013-01-01|2013-12-31|17239826|7304000000
NF|1990-01-01|1990-12-31|#@#@|#@#@
NF|1995-01-01|1995-12-31|#@#@|#@#@
NF|2000-01-01|2000-12-31|#@#@|#@#@
NF|2005-01-01|2005-12-31|1830|#@#@
NF|2010-01-01|2010-12-31|#@#@|#@#@
NF|2011-01-01|2011-12-31|#@#@|#@#@
NF|2012-01-01|2012-12-31|#@#@|#@#@
NF|2013-01-01|2013-12-31|#@#@|#@#@
NG|1990-01-01|1990-12-31|97552057|153265368912.059
NG|1995-01-01|1995-12-31|110014688|171767275088.032
NG|2000-01-01|2000-12-31|123688536|200266057879.226
NG|2005-01-01|2005-12-31|139823340|264545759280
NG|2010-01-01|2010-12-31|158423182|363952129494.527
NG|2011-01-01|2011-12-31|162470737|389380571411.893
NG|2012-01-01|2012-12-31|166629383|262597405487.822
NG|2013-01-01|2013-12-31|170901148|292028000000
NI|1990-01-01|1990-12-31|4120797|9706406769.68922
NI|1995-01-01|1995-12-31|4637040|9986738823.33621
NI|2000-01-01|2000-12-31|5073704|12637562351.416
NI|2005-01-01|2005-12-31|5424336|14162941296
NI|2010-01-01|2010-12-31|5788163|16174214184.3863
NI|2011-01-01|2011-12-31|5869859|16951935553.2189
NI|2012-01-01|2012-12-31|5954898|10507356837.651
NI|2013-01-01|2013-12-31|6041763|11284000000
NL|1990-01-01|1990-12-31|14891719|370835421992.42
NL|1995-01-01|1995-12-31|15422165|422936766959.738
NL|2000-01-01|2000-12-31|15862825|523475953541.954
NL|2005-01-01|2005-12-31|16305457|566190688868
NL|2010-01-01|2010-12-31|16612988|608018561224.855
NL|2011-01-01|2011-12-31|16664746|614859744833.774
NL|2012-01-01|2012-12-31|16714228|770555412702.494
NL|2013-01-01|2013-12-31|16761552|800535000000
NO|1990-01-01|1990-12-31|4241485|132172113838.607
NO|1995-01-01|1995-12-31|4359096|161177694738.37
NO|2000-01-01|2000-12-31|4490859|193890507315.446
NO|2005-01-01|2005-12-31|4623298|219842443198
NO|2010-01-01|2010-12-31|4883111|228105684864.297
NO|2011-01-01|2011-12-31|4924848|230886981507.027
NO|2012-01-01|2012-12-31|4960482|500029909755.049
NO|2013-01-01|2013-12-31|4991997|515832000000
NP|1990-01-01|1990-12-31|19081064|16270139169.8266
NP|1995-01-01|1995-12-31|21594872|20915798925.4338
NP|2000-01-01|2000-12-31|24400606|25737532516.3152
NP|2005-01-01|2005-12-31|27281945|29491782545
NP|2010-01-01|2010-12-31|29959364|38198762648.3121
NP|2011-01-01|2011-12-31|30485798|39835989314.7884
NP|2012-01-01|2012-12-31|31011137|18962962962.963
NP|2013-01-01|2013-12-31|31535507|19341000000
NR|1990-01-01|1990-12-31|9157|117930791.299108
NR|1995-01-01|1995-12-31|9970|83700861.152468
NR|2000-01-01|2000-12-31|10041|69159203.8379349
NR|2005-01-01|2005-12-31|10114|70129847.0299811
NR|2010-01-01|2010-12-31|10255|#@#@
NR|2011-01-01|2011-12-31|10308|#@#@
NR|2012-01-01|2012-12-31|10370|#@#@
NR|2013-01-01|2013-12-31|10437|#@#@
NU|1990-01-01|1990-12-31|2333|#@#@
NU|1995-01-01|1995-12-31|2168|#@#@
NU|2000-01-01|2000-12-31|1900|#@#@
NU|2005-01-01|2005-12-31|1686|9493259.82893698
NU|2010-01-01|2010-12-31|1468|#@#@
NU|2011-01-01|2011-12-31|1426|#@#@
NU|2012-01-01|2012-12-31|1385|#@#@
NU|2013-01-01|2013-12-31|1346|#@#@
NZ|1990-01-01|1990-12-31|3397983|63996241641.2684
NZ|1995-01-01|1995-12-31|3675060|75932162691.8564
NZ|2000-01-01|2000-12-31|3858032|84472212410.217
NZ|2005-01-01|2005-12-31|4134117|101509108818
NZ|2010-01-01|2010-12-31|4368136|104607915221.557
NZ|2011-01-01|2011-12-31|4414509|106085286131.621
NZ|2012-01-01|2012-12-31|4461257|171281095535.208
NZ|2013-01-01|2013-12-31|4508166|181113000000
OM|1990-01-01|1990-12-31|1868055|32664085001.3409
OM|1995-01-01|1995-12-31|2232018|43135054488.7122
OM|2000-01-01|2000-12-31|2264163|43481633531.0878
OM|2005-01-01|2005-12-31|2429510|49401656340
OM|2010-01-01|2010-12-31|2782435|66387058861.8346
OM|2011-01-01|2011-12-31|2846145|69258106402.5313
OM|2012-01-01|2012-12-31|2904037|78110793867.62
OM|2013-01-01|2013-12-31|2957333|81945000000
PA|1990-01-01|1990-12-31|2415926|14094983793.9598
PA|1995-01-01|1995-12-31|2676926|18525621543.3467
PA|2000-01-01|2000-12-31|2956126|21892980241.9854
PA|2005-01-01|2005-12-31|3238321|27198658079
PA|2010-01-01|2010-12-31|3516820|40477641410.2168
PA|2011-01-01|2011-12-31|3571185|44647859307.017
PA|2012-01-01|2012-12-31|3624991|36252500000
PA|2013-01-01|2013-12-31|3678264|40618000000
PE|1990-01-01|1990-12-31|21685537|98980134163.863
PE|1995-01-01|1995-12-31|23827163|129949888286.798
PE|2000-01-01|2000-12-31|25861887|149775811046.589
PE|2005-01-01|2005-12-31|27558769|178195000354
PE|2010-01-01|2010-12-31|29076512|244821487963.789
PE|2011-01-01|2011-12-31|29399817|260617038265.501
PE|2012-01-01|2012-12-31|29733829|203790266509.653
PE|2013-01-01|2013-12-31|30075185|210349000000
PF|1990-01-01|1990-12-31|195383|4620728558.17335
PF|1995-01-01|1995-12-31|215798|4959627544.00122
PF|2000-01-01|2000-12-31|237638|5859916774.07414
PF|2005-01-01|2005-12-31|254870|6630725820.90967
PF|2010-01-01|2010-12-31|270764|#@#@
PF|2011-01-01|2011-12-31|273777|#@#@
PF|2012-01-01|2012-12-31|276731|#@#@
PF|2013-01-01|2013-12-31|279632|#@#@
PG|1990-01-01|1990-12-31|4157654|6603442199.42684
PG|1995-01-01|1995-12-31|4715617|9922532087.35529
PG|2000-01-01|2000-12-31|5378824|9798486751.1802
PG|2005-01-01|2005-12-31|6095437|10648728439
PG|2010-01-01|2010-12-31|6858266|14223529668.7034
PG|2011-01-01|2011-12-31|7013829|15455671792.3012
PG|2012-01-01|2012-12-31|7170112|15653921367.276
PG|2013-01-01|2013-12-31|7327281|16095000000
PH|1990-01-01|1990-12-31|61628668|147101859507.856
PH|1995-01-01|1995-12-31|69255386|165083314227.379
PH|2000-01-01|2000-12-31|77309965|200919812331.379
PH|2005-01-01|2005-12-31|85546427|250822123964
PH|2010-01-01|2010-12-31|93260798|315518162876.57
PH|2011-01-01|2011-12-31|94852030|326426014084.904
PH|2012-01-01|2012-12-31|96471461|250182019476.324
PH|2013-01-01|2013-12-31|98112780|272207000000
PK|1990-01-01|1990-12-31|111844679|204228006666.217
PK|1995-01-01|1995-12-31|127346713|259577905928.464
PK|2000-01-01|2000-12-31|144522192|301539466150.091
PK|2005-01-01|2005-12-31|158645463|380114529348
PK|2010-01-01|2010-12-31|173593383|456957718089.337
PK|2011-01-01|2011-12-31|176745364|466653325874.663
PK|2012-01-01|2012-12-31|179951140|225143266331.151
PK|2013-01-01|2013-12-31|183188847|236518000000
PL|1990-01-01|1990-12-31|38056174|310999243340.03
PL|1995-01-01|1995-12-31|38391778|345022777523.995
PL|2000-01-01|2000-12-31|38302444|447402843768.623
PL|2005-01-01|2005-12-31|38165040|518014087920
PL|2010-01-01|2010-12-31|38276660|653196968089.783
PL|2011-01-01|2011-12-31|38298949|686636356042.386
PL|2012-01-01|2012-12-31|38317090|489795486644.151
PL|2013-01-01|2013-12-31|38331803|513934000000
PM|1990-01-01|1990-12-31|6279|#@#@
PM|1995-01-01|1995-12-31|6301|#@#@
PM|2000-01-01|2000-12-31|6270|#@#@
PM|2005-01-01|2005-12-31|6137|42096977.626795
PM|2010-01-01|2010-12-31|6046|#@#@
PM|2011-01-01|2011-12-31|6041|#@#@
PM|2012-01-01|2012-12-31|6039|#@#@
PM|2013-01-01|2013-12-31|6042|#@#@
PR|1990-01-01|1990-12-31|3528815|48957811217.6203
PR|1995-01-01|1995-12-31|3701618|60133494810.744
PR|2000-01-01|2000-12-31|3814353|70825742793.0108
PR|2005-01-01|2005-12-31|3781986|74601365875.3051
PR|2010-01-01|2010-12-31|3749009|64047844571.9508
PR|2011-01-01|2011-12-31|3745526|#@#@
PR|2012-01-01|2012-12-31|3743380|101495811266
PR|2013-01-01|2013-12-31|3742334|#@#@
PT|1990-01-01|1990-12-31|9925477|152547733348.966
PT|1995-01-01|1995-12-31|10124943|166928278449.536
PT|2000-01-01|2000-12-31|10336209|202690305937.41
PT|2005-01-01|2005-12-31|10543663|210936521978
PT|2010-01-01|2010-12-31|10675572|216077103004.605
PT|2011-01-01|2011-12-31|10689663|212787948382.237
PT|2012-01-01|2012-12-31|10699333|212273977886.346
PT|2013-01-01|2013-12-31|10704534|219289000000
PW|1990-01-01|1990-12-31|15089|241343097.557935
PW|1995-01-01|1995-12-31|17254|226993108.883444
PW|2000-01-01|2000-12-31|19172|243935065.945936
PW|2005-01-01|2005-12-31|19906|259016872
PW|2010-01-01|2010-12-31|20472|#@#@
PW|2011-01-01|2011-12-31|20609|#@#@
PW|2012-01-01|2012-12-31|20758|228415735.257751
PW|2013-01-01|2013-12-31|20922|247000000
PY|1990-01-01|1990-12-31|4243860|18083536285.3237
PY|1995-01-01|1995-12-31|4795365|20706590706.7683
PY|2000-01-01|2000-12-31|5343539|20878809341.1149
PY|2005-01-01|2005-12-31|5897816|23001482400
PY|2010-01-01|2010-12-31|6454548|29732244836.854
PY|2011-01-01|2011-12-31|6568290|30790118946.8611
PY|2012-01-01|2012-12-31|6682943|25502060502.1181
PY|2013-01-01|2013-12-31|6798236|30558000000
QA|1990-01-01|1990-12-31|473722|19190880664.038
QA|1995-01-01|1995-12-31|501371|20585425681.2363
QA|2000-01-01|2000-12-31|590957|35690512615.6785
QA|2005-01-01|2005-12-31|820986|56398454256
QA|2010-01-01|2010-12-31|1758793|144427441765.26
QA|2011-01-01|2011-12-31|1870041|175443952812.37
QA|2012-01-01|2012-12-31|1938754|192390104345.46
QA|2013-01-01|2013-12-31|1976840|199907000000
RO|1990-01-01|1990-12-31|23206719|192189253709.001
RO|1995-01-01|1995-12-31|22680954|169810004018.824
RO|2000-01-01|2000-12-31|22191683|157335264571.883
RO|2005-01-01|2005-12-31|21771749|204088375126
RO|2010-01-01|2010-12-31|21486371|229574071501.621
RO|2011-01-01|2011-12-31|21436495|235038660759.986
RO|2012-01-01|2012-12-31|21387517|169396055590.796
RO|2013-01-01|2013-12-31|21338815|183785000000
RS|1990-01-01|1990-12-31|9568744|135337073310.728
RS|1995-01-01|1995-12-31|10203932|71551923221.1933
RS|2000-01-01|2000-12-31|10133561|66955765862.9525
RS|2005-01-01|2005-12-31|9856152|84851612568
RS|2010-01-01|2010-12-31|9856222|94308365251.01
RS|2011-01-01|2011-12-31|9853969|95774996086.4124
RS|2012-01-01|2012-12-31|9846582|37488935009.7878
RS|2013-01-01|2013-12-31|9835010|43677000000
RU|1990-01-01|1990-12-31|148243501|1881237616435.35
RU|1995-01-01|1995-12-31|148698582|1167460359123.6
RU|2000-01-01|2000-12-31|146757517|1263347006862.47
RU|2005-01-01|2005-12-31|143843159|1706123708899
RU|2010-01-01|2010-12-31|142958164|2013096182891.46
RU|2011-01-01|2011-12-31|142835555|2105058074281.65
RU|2012-01-01|2012-12-31|142703181|2014774938341.85
RU|2013-01-01|2013-12-31|142557892|2117831000000
RW|1990-01-01|1990-12-31|7109538|5408528726.43307
RW|1995-01-01|1995-12-31|5570206|3238440153.33305
RW|2000-01-01|2000-12-31|8098344|5701530007.35046
RW|2005-01-01|2005-12-31|9201727|7481004051
RW|2010-01-01|2010-12-31|10624005|11201527704.8664
RW|2011-01-01|2011-12-31|10942950|12294944132.1805
RW|2012-01-01|2012-12-31|11271786|7103000861.20669
RW|2013-01-01|2013-12-31|11608439|7700000000
SA|1990-01-01|1990-12-31|16139053|379605891274.276
SA|1995-01-01|1995-12-31|18491845|391337635079.498
SA|2000-01-01|2000-12-31|20045276|400943070104.931
SA|2005-01-01|2005-12-31|24041116|510152481520
SA|2010-01-01|2010-12-31|27448086|561287331349.872
SA|2011-01-01|2011-12-31|28082541|599965899787.039
SA|2012-01-01|2012-12-31|28705133|711049600000
SA|2013-01-01|2013-12-31|29319402|718472000000
SB|1990-01-01|1990-12-31|309527|578855290.503996
SB|1995-01-01|1995-12-31|356404|847953867.625065
SB|2000-01-01|2000-12-31|408732|736544716.238653
SB|2005-01-01|2005-12-31|469805|804306160
SB|2010-01-01|2010-12-31|538148|1014062923.42558
SB|2011-01-01|2011-12-31|552267|1110885271.56333
SB|2012-01-01|2012-12-31|566481|1008424232.18251
SB|2013-01-01|2013-12-31|580791|1099000000
SC|1990-01-01|1990-12-31|71031|848591221.354646
SC|1995-01-01|1995-12-31|74755|978060904.604453
SC|2000-01-01|2000-12-31|78685|1198403875.93716
SC|2005-01-01|2005-12-31|83513|1186051626
SC|2010-01-01|2010-12-31|86518|1407369328.70655
SC|2011-01-01|2011-12-31|86879|1466094094.66357
SC|2012-01-01|2012-12-31|87169|1128753720.62939
SC|2013-01-01|2013-12-31|87417|1271000000
SD|1990-01-01|1990-12-31|21073606|29614954910.4617
SD|1995-01-01|1995-12-31|23974432|35680422784.1371
SD|2000-01-01|2000-12-31|27193105|50960359260.3605
SD|2005-01-01|2005-12-31|30551777|68710946473
SD|2010-01-01|2010-12-31|34136520|91997349116.717
SD|2011-01-01|2011-12-31|34735288|110525112224.718
SD|2012-01-01|2012-12-31|35335982|58768800832.7859
SD|2013-01-01|2013-12-31|35940905|52498000000
SE|1990-01-01|1990-12-31|8558829|216494739944.263
SE|1995-01-01|1995-12-31|8826949|218236864932.08
SE|2000-01-01|2000-12-31|8860153|253921393061.958
SE|2005-01-01|2005-12-31|9029345|288893893275
SE|2010-01-01|2010-12-31|9379687|311370685511.721
SE|2011-01-01|2011-12-31|9440747|324717458715.038
SE|2012-01-01|2012-12-31|9495392|523942287822.878
SE|2013-01-01|2013-12-31|9545823|552042000000
SG|1990-01-01|1990-12-31|3016624|69813119109.6685
SG|1995-01-01|1995-12-31|3481674|107212838179.691
SG|2000-01-01|2000-12-31|3919300|144366826453.054
SG|2005-01-01|2005-12-31|4265999|176949372521
SG|2010-01-01|2010-12-31|5086418|245122662431.4
SG|2011-01-01|2011-12-31|5187933|257753460933.324
SG|2012-01-01|2012-12-31|5256278|274701299733.694
SG|2013-01-01|2013-12-31|5300914|287374000000
SH|1990-01-01|1990-12-31|5537|12077448.4894785
SH|1995-01-01|1995-12-31|5261|11893900.698034
SH|2000-01-01|2000-12-31|5059|10661564.4371814
SH|2005-01-01|2005-12-31|4598|11798610.7274092
SH|2010-01-01|2010-12-31|4118|#@#@
SH|2011-01-01|2011-12-31|4055|#@#@
SH|2012-01-01|2012-12-31|4005|#@#@
SH|2013-01-01|2013-12-31|3970|#@#@
SI|1990-01-01|1990-12-31|1926701|32071406706.932
SI|1995-01-01|1995-12-31|1966205|31178672624.8776
SI|2000-01-01|2000-12-31|1985406|38516259805.1557
SI|2005-01-01|2005-12-31|2002084|46055940336
SI|2010-01-01|2010-12-31|2029680|50644296523.429
SI|2011-01-01|2011-12-31|2035012|50618342943.1053
SI|2012-01-01|2012-12-31|2040057|45279487179.8345
SI|2013-01-01|2013-12-31|2044766|46819000000
SK|1990-01-01|1990-12-31|5270072|63280639015.1482
SK|1995-01-01|1995-12-31|5368894|57768416851.3867
SK|2000-01-01|2000-12-31|5404845|68586184479.7281
SK|2005-01-01|2005-12-31|5415496|86003491976
SK|2010-01-01|2010-12-31|5462119|107846198045.448
SK|2011-01-01|2011-12-31|5471502|111426634813.337
SK|2012-01-01|2012-12-31|5480332|91148717948.7179
SK|2013-01-01|2013-12-31|5488775|96963000000
SL|1990-01-01|1990-12-31|3981567|5164740007.82132
SL|1995-01-01|1995-12-31|3898363|3777510024.06319
SL|2000-01-01|2000-12-31|4143115|2144786217.37401
SL|2005-01-01|2005-12-31|5153435|4071213650
SL|2010-01-01|2010-12-31|5867536|5283417004.43724
SL|2011-01-01|2011-12-31|5997486|5544126019.66908
SL|2012-01-01|2012-12-31|6126450|3796030045.13767
SL|2013-01-01|2013-12-31|6255163|4607000000
SM|1990-01-01|1990-12-31|24134|636817823.573023
SM|1995-01-01|1995-12-31|25678|828692474.300474
SM|2000-01-01|2000-12-31|26967|1067934427.54334
SM|2005-01-01|2005-12-31|30301|1260218590
SM|2010-01-01|2010-12-31|31534|#@#@
SM|2011-01-01|2011-12-31|31735|#@#@
SM|2012-01-01|2012-12-31|31945|#@#@
SM|2013-01-01|2013-12-31|32156|1866000000
SN|1990-01-01|1990-12-31|7241573|10306721261.3319
SN|1995-01-01|1995-12-31|8369125|11156304648.974
SN|2000-01-01|2000-12-31|9505862|14367984785.1799
SN|2005-01-01|2005-12-31|10871908|18221317808
SN|2010-01-01|2010-12-31|12433728|21924739230.6749
SN|2011-01-01|2011-12-31|12767556|22560258571.6755
SN|2012-01-01|2012-12-31|13107945|14045759802.382
SN|2013-01-01|2013-12-31|13454191|15355000000
SO|1990-01-01|1990-12-31|6599249|7301596399.59787
SO|1995-01-01|1995-12-31|6524697|6214804268.21275
SO|2000-01-01|2000-12-31|7399033|6522348386.77194
SO|2005-01-01|2005-12-31|8359859|7799432565.18679
SO|2010-01-01|2010-12-31|9330872|8799343107.6979
SO|2011-01-01|2011-12-31|9556873|9012470063.21533
SO|2012-01-01|2012-12-31|9797445|#@#@
SO|2013-01-01|2013-12-31|10052842|#@#@
SR|1990-01-01|1990-12-31|406890|2385755582.19317
SR|1995-01-01|1995-12-31|435920|2401556970.18186
SR|2000-01-01|2000-12-31|466846|2650421002.257
SR|2005-01-01|2005-12-31|499294|3611892796
SR|2010-01-01|2010-12-31|524636|4421370676.88247
SR|2011-01-01|2011-12-31|529419|4609288036.45487
SR|2012-01-01|2012-12-31|534175|5012121214.24757
SR|2013-01-01|2013-12-31|538882|5009000000
ST|1990-01-01|1990-12-31|116117|173827599.773838
ST|1995-01-01|1995-12-31|127935|176932724.350174
ST|2000-01-01|2000-12-31|141010|186215400.377077
ST|2005-01-01|2005-12-31|152622|222828120
ST|2010-01-01|2010-12-31|165397|303578933.375117
ST|2011-01-01|2011-12-31|168526|318586204.116757
ST|2012-01-01|2012-12-31|171878|263398378.000848
ST|2013-01-01|2013-12-31|175383|311000000
SV|1990-01-01|1990-12-31|5332842|22223377658.06
SV|1995-01-01|1995-12-31|5733401|28909594549.7177
SV|2000-01-01|2000-12-31|5940305|31728792097.1243
SV|2005-01-01|2005-12-31|6050513|32690921739
SV|2010-01-01|2010-12-31|6192993|34709643243.7715
SV|2011-01-01|2011-12-31|6227491|35148976883.8884
SV|2012-01-01|2012-12-31|6264129|23864400000
SV|2013-01-01|2013-12-31|6302723|24666000000
SY|1990-01-01|1990-12-31|12324116|39196942878.1465
SY|1995-01-01|1995-12-31|14171130|55517646075.4385
SY|2000-01-01|2000-12-31|15988534|62920814081.9927
SY|2005-01-01|2005-12-31|18484122|75027051198
SY|2010-01-01|2010-12-31|20410606|94087405866.5382
SY|2011-01-01|2011-12-31|20766037|93862487240
SY|2012-01-01|2012-12-31|21117690|#@#@
SY|2013-01-01|2013-12-31|21468962|#@#@
SZ|1990-01-01|1990-12-31|862947|3212360749.52963
SZ|1995-01-01|1995-12-31|963591|3634274575.30844
SZ|2000-01-01|2000-12-31|1063832|4277906318.43359
SZ|2005-01-01|2005-12-31|1104909|4843921056
SZ|2010-01-01|2010-12-31|1186056|5570693181.77888
SZ|2011-01-01|2011-12-31|1203330|5690058797.54136
SZ|2012-01-01|2012-12-31|1220408|3744472287.07088
SZ|2013-01-01|2013-12-31|1237166|3807000000
TC|1990-01-01|1990-12-31|11549|206846757.004042
TC|1995-01-01|1995-12-31|15333|340162113.074464
TC|2000-01-01|2000-12-31|18873|506168647.566831
TC|2005-01-01|2005-12-31|30531|952844073.472448
TC|2010-01-01|2010-12-31|38354|#@#@
TC|2011-01-01|2011-12-31|39184|#@#@
TC|2012-01-01|2012-12-31|39761|#@#@
TC|2013-01-01|2013-12-31|40159|#@#@
TD|1990-01-01|1990-12-31|6011224|6005857966.26738
TD|1995-01-01|1995-12-31|6998108|6969991557.10216
TD|2000-01-01|2000-12-31|8222327|8362394310.85642
TD|2005-01-01|2005-12-31|9785902|17115542598
TD|2010-01-01|2010-12-31|11227208|19767950048.6272
TD|2011-01-01|2011-12-31|11525496|20119764379.8847
TD|2012-01-01|2012-12-31|11830573|12887072081.6363
TD|2013-01-01|2013-12-31|12141876|13589000000
TG|1990-01-01|1990-12-31|3665509|4252485149.16154
TG|1995-01-01|1995-12-31|4085492|4191997359.66758
TG|2000-01-01|2000-12-31|4793504|4267943279.37038
TG|2005-01-01|2005-12-31|5408044|4802343072
TG|2010-01-01|2010-12-31|6027798|5538571197.71343
TG|2011-01-01|2011-12-31|6154813|5743549185.14761
TG|2012-01-01|2012-12-31|6283092|3813834650.19521
TG|2013-01-01|2013-12-31|6412560|4299000000
TH|1990-01-01|1990-12-31|57072058|230552457893.948
TH|1995-01-01|1995-12-31|59650157|342071253428.44
TH|2000-01-01|2000-12-31|63155029|352304196783.204
TH|2005-01-01|2005-12-31|66698483|458151879727
TH|2010-01-01|2010-12-31|69122234|553124990462.859
TH|2011-01-01|2011-12-31|69518555|554939595083.604
TH|2012-01-01|2012-12-31|69892142|365965815820.015
TH|2013-01-01|2013-12-31|70243267|400916000000
TJ|1990-01-01|1990-12-31|5303152|17913328002.5307
TJ|1995-01-01|1995-12-31|5775404|6340714869.22016
TJ|2000-01-01|2000-12-31|6172807|6182069092.00688
TJ|2005-01-01|2005-12-31|6453240|9118428120
TJ|2010-01-01|2010-12-31|6878637|12049013004.2596
TJ|2011-01-01|2011-12-31|6976958|12855529625.9722
TJ|2012-01-01|2012-12-31|7078755|7632614221.01051
TJ|2013-01-01|2013-12-31|7183529|8537000000
TK|1990-01-01|1990-12-31|1609|#@#@
TK|1995-01-01|1995-12-31|1520|#@#@
TK|2000-01-01|2000-12-31|1552|#@#@
TK|2005-01-01|2005-12-31|1210|1076213.67269505
TK|2010-01-01|2010-12-31|1135|#@#@
TK|2011-01-01|2011-12-31|1134|#@#@
TK|2012-01-01|2012-12-31|1136|#@#@
TK|2013-01-01|2013-12-31|1141|#@#@
TL|1990-01-01|1990-12-31|743145|1677818487.37646
TL|1995-01-01|1995-12-31|852817|2718818884.60294
TL|2000-01-01|2000-12-31|830089|2277093187.86783
TL|2005-01-01|2005-12-31|1010367|2225838501
TL|2010-01-01|2010-12-31|1124355|3361372846.32194
TL|2011-01-01|2011-12-31|1153834|3725050558.71019
TL|2012-01-01|2012-12-31|1187194|1293000000
TL|2013-01-01|2013-12-31|1223665|6129000000
TM|1990-01-01|1990-12-31|3668000|18824454129.4654
TM|1995-01-01|1995-12-31|4188010|12125990609.8659
TM|2000-01-01|2000-12-31|4501419|14808509066.2101
TM|2005-01-01|2005-12-31|4747839|20164072233
TM|2010-01-01|2010-12-31|5041995|32408807518.7191
TM|2011-01-01|2011-12-31|5105301|37046883446.1462
TM|2012-01-01|2012-12-31|5169660|35164210526.3158
TM|2013-01-01|2013-12-31|5234640|40560000000
TN|1990-01-01|1990-12-31|8215111|33001907772.2259
TN|1995-01-01|1995-12-31|8935523|39717928041.0278
TN|2000-01-01|2000-12-31|9456117|51822505574.7173
TN|2005-01-01|2005-12-31|9912114|64042168554
TN|2010-01-01|2010-12-31|10480934|80309058101.4063
TN|2011-01-01|2011-12-31|10594057|79676054334.1855
TN|2012-01-01|2012-12-31|10704948|45662043358.0705
TN|2013-01-01|2013-12-31|10813680|48379000000
TO|1990-01-01|1990-12-31|95150|367946459.122617
TO|1995-01-01|1995-12-31|95907|430659085.713543
TO|2000-01-01|2000-12-31|97935|478536505.847993
TO|2005-01-01|2005-12-31|100926|518255010
TO|2010-01-01|2010-12-31|104058|503108992.826675
TO|2011-01-01|2011-12-31|104509|510600527.097731
TO|2012-01-01|2012-12-31|104891|471575497.307237
TO|2013-01-01|2013-12-31|105265|477000000
TR|1990-01-01|1990-12-31|54130268|314371605492.218
TR|1995-01-01|1995-12-31|58864649|360546189282.718
TR|2000-01-01|2000-12-31|63627862|432878595035.403
TR|2005-01-01|2005-12-31|68143186|530562846196
TR|2010-01-01|2010-12-31|72752325|621607854151.568
TR|2011-01-01|2011-12-31|73639596|673679409835.475
TR|2012-01-01|2012-12-31|74508771|789257487307.029
TR|2013-01-01|2013-12-31|75359032|821798000000
TT|1990-01-01|1990-12-31|1215494|8646489682.73168
TT|1995-01-01|1995-12-31|1261443|10181305525.1732
TT|2000-01-01|2000-12-31|1292058|13562611205.894
TT|2005-01-01|2005-12-31|1315386|20193805872
TT|2010-01-01|2010-12-31|1341465|23835017711.4825
TT|2011-01-01|2011-12-31|1346350|23507068714.7391
TT|2012-01-01|2012-12-31|1350999|23320256742.6171
TT|2013-01-01|2013-12-31|1355342|27130000000
TV|1990-01-01|1990-12-31|9004|28535282.9355156
TV|1995-01-01|1995-12-31|9227|32627880.2823331
TV|2000-01-01|2000-12-31|9419|35255970.0158157
TV|2005-01-01|2005-12-31|9694|48265588.3948533
TV|2010-01-01|2010-12-31|9827|52555980.8625023
TV|2011-01-01|2011-12-31|9847|#@#@
TV|2012-01-01|2012-12-31|9867|39875708.119439
TV|2013-01-01|2013-12-31|9888|38000000
TZ|1990-01-01|1990-12-31|25478979|21677717447.3908
TZ|1995-01-01|1995-12-31|29943732|23775968795.647
TZ|2000-01-01|2000-12-31|34038161|28123512000.2479
TZ|2005-01-01|2005-12-31|38831024|39529982432
TZ|2010-01-01|2010-12-31|44841226|57814921345.8054
TZ|2011-01-01|2011-12-31|46218486|62319387912.0959
TZ|2012-01-01|2012-12-31|47656367|28242425168.1058
TZ|2013-01-01|2013-12-31|49153002|31940000000
UA|1990-01-01|1990-12-31|51644914|419522153674.966
UA|1995-01-01|1995-12-31|51121722|199862384184.192
UA|2000-01-01|2000-12-31|48891792|180916787656.279
UA|2005-01-01|2005-12-31|46923927|261976284441
UA|2010-01-01|2010-12-31|45448329|274219137925.895
UA|2011-01-01|2011-12-31|45190180|288294419307.572
UA|2012-01-01|2012-12-31|44940268|176308825694.203
UA|2013-01-01|2013-12-31|44696741|175527000000
UG|1990-01-01|1990-12-31|17699717|11704858153.0156
UG|1995-01-01|1995-12-31|20831075|15730826839.8855
UG|2000-01-01|2000-12-31|24213120|21336801513.0177
UG|2005-01-01|2005-12-31|28431204|28175323164
UG|2010-01-01|2010-12-31|33424683|41473645658.4514
UG|2011-01-01|2011-12-31|34509205|44096055408.9422
UG|2012-01-01|2012-12-31|35620977|20032237910.2417
UG|2013-01-01|2013-12-31|36759274|22602000000
US|1990-01-01|1990-12-31|253339097|8540159683553.53
US|1995-01-01|1995-12-31|266323717|9335521489590.53
US|2000-01-01|2000-12-31|282496310|11231629328504.4
US|2005-01-01|2005-12-31|296820296|12369689015504
US|2010-01-01|2010-12-31|310383948|12821836635424.3
US|2011-01-01|2011-12-31|313085380|13064470847601.3
US|2012-01-01|2012-12-31|315791284|16244600000000
US|2013-01-01|2013-12-31|318497630|16724272000000
UY|1990-01-01|1990-12-31|3109122|23213980848.955
UY|1995-01-01|1995-12-31|3223401|27383019687.0159
UY|2000-01-01|2000-12-31|3319066|30178002693.5466
UY|2005-01-01|2005-12-31|3322529|30786553714
UY|2010-01-01|2010-12-31|3368786|40754813873.1622
UY|2011-01-01|2011-12-31|3380008|43067358977.4459
UY|2012-01-01|2012-12-31|3391428|49919727146.4227
UY|2013-01-01|2013-12-31|3403117|57107000000
UZ|1990-01-01|1990-12-31|20515248|40895630356.4569
UZ|1995-01-01|1995-12-31|22919357|33484791710.6646
UZ|2000-01-01|2000-12-31|24775610|40513458542.7811
UZ|2005-01-01|2005-12-31|25947414|51246142650
UZ|2010-01-01|2010-12-31|27444702|75582418872.2263
UZ|2011-01-01|2011-12-31|27760267|81815170009.3894
UZ|2012-01-01|2012-12-31|28077486|51112745668.7163
UZ|2013-01-01|2013-12-31|28398155|55182000000
VC|1990-01-01|1990-12-31|107449|492883695.237041
VC|1995-01-01|1995-12-31|108087|509466595.388637
VC|2000-01-01|2000-12-31|107891|635873809.635827
VC|2005-01-01|2005-12-31|108755|734313760
VC|2010-01-01|2010-12-31|109333|760196053.406396
VC|2011-01-01|2011-12-31|109365|756700283.184874
VC|2012-01-01|2012-12-31|109367|712588888.888889
VC|2013-01-01|2013-12-31|109354|742000000
VE|1990-01-01|1990-12-31|19685177|190968735563.126
VE|1995-01-01|1995-12-31|22034909|218925845956.372
VE|2000-01-01|2000-12-31|24348304|229707682068.691
VE|2005-01-01|2005-12-31|26664122|263334868872
VE|2010-01-01|2010-12-31|28979857|310928246411.42
VE|2011-01-01|2011-12-31|29436891|322570875077.062
VE|2012-01-01|2012-12-31|29890694|381286237847.667
VE|2013-01-01|2013-12-31|30340637|367482000000
VG|1990-01-01|1990-12-31|16491|112904406.777888
VG|1995-01-01|1995-12-31|18440|521876498.042388
VG|2000-01-01|2000-12-31|20499|881065771.457235
VG|2005-01-01|2005-12-31|21990|988697125.088535
VG|2010-01-01|2010-12-31|23245|#@#@
VG|2011-01-01|2011-12-31|23478|#@#@
VG|2012-01-01|2012-12-31|23705|#@#@
VG|2013-01-01|2013-12-31|23928|#@#@
VI|1990-01-01|1990-12-31|103253|#@#@
VI|1995-01-01|1995-12-31|107018|#@#@
VI|2000-01-01|2000-12-31|108511|#@#@
VI|2005-01-01|2005-12-31|109363|#@#@
VI|2010-01-01|2010-12-31|109056|#@#@
VI|2011-01-01|2011-12-31|108846|#@#@
VI|2012-01-01|2012-12-31|108590|#@#@
VI|2013-01-01|2013-12-31|108300|#@#@
VN|1990-01-01|1990-12-31|67101583|59981082293.5921
VN|1995-01-01|1995-12-31|74008073|89412340343.7413
VN|2000-01-01|2000-12-31|78758010|124243263469.167
VN|2005-01-01|2005-12-31|83161145|178131172590
VN|2010-01-01|2010-12-31|87848445|248679163870.347
VN|2011-01-01|2011-12-31|88791996|262987206390.956
VN|2012-01-01|2012-12-31|89730274|155820001920.492
VN|2013-01-01|2013-12-31|90656550|170020000000
VU|1990-01-01|1990-12-31|146636|481195512.671323
VU|1995-01-01|1995-12-31|168263|598279034.983126
VU|2000-01-01|2000-12-31|185074|696283481.430907
VU|2005-01-01|2005-12-31|211170|734238090
VU|2010-01-01|2010-12-31|239651|955702764.891991
VU|2011-01-01|2011-12-31|245619|989410329.168291
VU|2012-01-01|2012-12-31|251674|787073459.020375
VU|2013-01-01|2013-12-31|257812|828000000
WS|1990-01-01|1990-12-31|161308|563275199.767109
WS|1995-01-01|1995-12-31|168257|593856411.123268
WS|2000-01-01|2000-12-31|176549|722231232.369031
WS|2005-01-01|2005-12-31|180237|878114664
WS|2010-01-01|2010-12-31|183081|899424277.012805
WS|2011-01-01|2011-12-31|183874|919086946.113101
WS|2012-01-01|2012-12-31|184772|683719606.266704
WS|2013-01-01|2013-12-31|185727|705000000
YE|1990-01-01|1990-12-31|11948209|22979987492.4267
YE|1995-01-01|1995-12-31|15148172|29851010316.4353
YE|2000-01-01|2000-12-31|17723186|39293611406.1803
YE|2005-01-01|2005-12-31|20648643|46996311468
YE|2010-01-01|2010-12-31|24052514|58177284634.6524
YE|2011-01-01|2011-12-31|24799880|52134715976.6927
YE|2012-01-01|2012-12-31|25569263|35645823131.5726
YE|2013-01-01|2013-12-31|26358020|40470000000
YT|1990-01-01|1990-12-31|92413|#@#@
YT|1995-01-01|1995-12-31|121949|#@#@
YT|2000-01-01|2000-12-31|148753|#@#@
YT|2005-01-01|2005-12-31|174681|1680050716.9024
YT|2010-01-01|2010-12-31|204114|#@#@
YT|2011-01-01|2011-12-31|210552|#@#@
YT|2012-01-01|2012-12-31|217172|#@#@
YT|2013-01-01|2013-12-31|223907|#@#@
ZA|1990-01-01|1990-12-31|36793907|286509585734.83
ZA|1995-01-01|1995-12-31|41402400|302411436571.621
ZA|2000-01-01|2000-12-31|44760380|333663822955.049
ZA|2005-01-01|2005-12-31|47792787|405139455399
ZA|2010-01-01|2010-12-31|50132817|466385272390.908
ZA|2011-01-01|2011-12-31|50459978|478466086266.563
ZA|2012-01-01|2012-12-31|50738255|384312674445.534
ZA|2013-01-01|2013-12-31|50981076|353911000000
ZM|1990-01-01|1990-12-31|7860053|10217999143.6158
ZM|1995-01-01|1995-12-31|8919456|9078148635.44873
ZM|2000-01-01|2000-12-31|10201562|10567834581.6561
ZM|2005-01-01|2005-12-31|11462365|13468278875
ZM|2010-01-01|2010-12-31|13088570|18588803511.3148
ZM|2011-01-01|2011-12-31|13474959|19901636270.7462
ZM|2012-01-01|2012-12-31|13883577|20590283021.5461
ZM|2013-01-01|2013-12-31|14314515|22239000000
ZW|1990-01-01|1990-12-31|10469202|7972324323.64904
ZW|1995-01-01|1995-12-31|11684693|8382136379.5501
ZW|2000-01-01|2000-12-31|12509477|9329179829.04956
ZW|2005-01-01|2005-12-31|12570686|6763029068
ZW|2010-01-01|2010-12-31|12571454|5879382322.20908
ZW|2011-01-01|2011-12-31|12754378|6520782985.57014
ZW|2012-01-01|2012-12-31|13013678|9802360203.02197
ZW|2013-01-01|2013-12-31|13327925|10482000000
